This is pdfTeX, Version 3.141592653-2.6-1.40.26 (TeX Live 2025/dev/Debian) (preloaded format=pdflatex 2026.3.29)  29 MAR 2026 05:49
entering extended mode
 restricted \write18 enabled.
 %&-line parsing enabled.
**TheAlgebraicUniverse.tex
(./TheAlgebraicUniverse.tex
LaTeX2e <2024-11-01> patch level 2
L3 programming layer <2025-01-18>
(/usr/share/texlive/texmf-dist/tex/latex/base/book.cls
Document Class: book 2024/06/29 v1.4n Standard LaTeX document class
(/usr/share/texlive/texmf-dist/tex/latex/base/bk10.clo
File: bk10.clo 2024/06/29 v1.4n Standard LaTeX file (size option)
)
\c@part=\count196
\c@chapter=\count197
\c@section=\count198
\c@subsection=\count199
\c@subsubsection=\count266
\c@paragraph=\count267
\c@subparagraph=\count268
\c@figure=\count269
\c@table=\count270
\abovecaptionskip=\skip49
\belowcaptionskip=\skip50
\bibindent=\dimen141
)
(/usr/share/texlive/texmf-dist/tex/latex/base/inputenc.sty
Package: inputenc 2024/02/08 v1.3d Input encoding file
\inpenc@prehook=\toks17
\inpenc@posthook=\toks18
)
(/usr/share/texlive/texmf-dist/tex/latex/base/fontenc.sty
Package: fontenc 2021/04/29 v2.0v Standard LaTeX package
)
(/usr/share/texmf/tex/latex/lm/lmodern.sty
Package: lmodern 2015/05/01 v1.6.1 Latin Modern Fonts
LaTeX Font Info:    Overwriting symbol font `operators' in version `normal'
(Font)                  OT1/cmr/m/n --> OT1/lmr/m/n on input line 22.
LaTeX Font Info:    Overwriting symbol font `letters' in version `normal'
(Font)                  OML/cmm/m/it --> OML/lmm/m/it on input line 23.
LaTeX Font Info:    Overwriting symbol font `symbols' in version `normal'
(Font)                  OMS/cmsy/m/n --> OMS/lmsy/m/n on input line 24.
LaTeX Font Info:    Overwriting symbol font `largesymbols' in version `normal'
(Font)                  OMX/cmex/m/n --> OMX/lmex/m/n on input line 25.
LaTeX Font Info:    Overwriting symbol font `operators' in version `bold'
(Font)                  OT1/cmr/bx/n --> OT1/lmr/bx/n on input line 26.
LaTeX Font Info:    Overwriting symbol font `letters' in version `bold'
(Font)                  OML/cmm/b/it --> OML/lmm/b/it on input line 27.
LaTeX Font Info:    Overwriting symbol font `symbols' in version `bold'
(Font)                  OMS/cmsy/b/n --> OMS/lmsy/b/n on input line 28.
LaTeX Font Info:    Overwriting symbol font `largesymbols' in version `bold'
(Font)                  OMX/cmex/m/n --> OMX/lmex/m/n on input line 29.
LaTeX Font Info:    Overwriting math alphabet `\mathbf' in version `normal'
(Font)                  OT1/cmr/bx/n --> OT1/lmr/bx/n on input line 31.
LaTeX Font Info:    Overwriting math alphabet `\mathsf' in version `normal'
(Font)                  OT1/cmss/m/n --> OT1/lmss/m/n on input line 32.
LaTeX Font Info:    Overwriting math alphabet `\mathit' in version `normal'
(Font)                  OT1/cmr/m/it --> OT1/lmr/m/it on input line 33.
LaTeX Font Info:    Overwriting math alphabet `\mathtt' in version `normal'
(Font)                  OT1/cmtt/m/n --> OT1/lmtt/m/n on input line 34.
LaTeX Font Info:    Overwriting math alphabet `\mathbf' in version `bold'
(Font)                  OT1/cmr/bx/n --> OT1/lmr/bx/n on input line 35.
LaTeX Font Info:    Overwriting math alphabet `\mathsf' in version `bold'
(Font)                  OT1/cmss/bx/n --> OT1/lmss/bx/n on input line 36.
LaTeX Font Info:    Overwriting math alphabet `\mathit' in version `bold'
(Font)                  OT1/cmr/bx/it --> OT1/lmr/bx/it on input line 37.
LaTeX Font Info:    Overwriting math alphabet `\mathtt' in version `bold'
(Font)                  OT1/cmtt/m/n --> OT1/lmtt/m/n on input line 38.
)
(/usr/share/texlive/texmf-dist/tex/latex/amsmath/amsmath.sty
Package: amsmath 2024/11/05 v2.17t AMS math features
\@mathmargin=\skip51

For additional information on amsmath, use the `?' option.
(/usr/share/texlive/texmf-dist/tex/latex/amsmath/amstext.sty
Package: amstext 2021/08/26 v2.01 AMS text

(/usr/share/texlive/texmf-dist/tex/latex/amsmath/amsgen.sty
File: amsgen.sty 1999/11/30 v2.0 generic functions
\@emptytoks=\toks19
\ex@=\dimen142
))
(/usr/share/texlive/texmf-dist/tex/latex/amsmath/amsbsy.sty
Package: amsbsy 1999/11/29 v1.2d Bold Symbols
\pmbraise@=\dimen143
)
(/usr/share/texlive/texmf-dist/tex/latex/amsmath/amsopn.sty
Package: amsopn 2022/04/08 v2.04 operator names
)
\inf@bad=\count271
LaTeX Info: Redefining \frac on input line 233.
\uproot@=\count272
\leftroot@=\count273
LaTeX Info: Redefining \overline on input line 398.
LaTeX Info: Redefining \colon on input line 409.
\classnum@=\count274
\DOTSCASE@=\count275
LaTeX Info: Redefining \ldots on input line 495.
LaTeX Info: Redefining \dots on input line 498.
LaTeX Info: Redefining \cdots on input line 619.
\Mathstrutbox@=\box52
\strutbox@=\box53
LaTeX Info: Redefining \big on input line 721.
LaTeX Info: Redefining \Big on input line 722.
LaTeX Info: Redefining \bigg on input line 723.
LaTeX Info: Redefining \Bigg on input line 724.
\big@size=\dimen144
LaTeX Font Info:    Redeclaring font encoding OML on input line 742.
LaTeX Font Info:    Redeclaring font encoding OMS on input line 743.
\macc@depth=\count276
LaTeX Info: Redefining \bmod on input line 904.
LaTeX Info: Redefining \pmod on input line 909.
LaTeX Info: Redefining \smash on input line 939.
LaTeX Info: Redefining \relbar on input line 969.
LaTeX Info: Redefining \Relbar on input line 970.
\c@MaxMatrixCols=\count277
\dotsspace@=\muskip17
\c@parentequation=\count278
\dspbrk@lvl=\count279
\tag@help=\toks20
\row@=\count280
\column@=\count281
\maxfields@=\count282
\andhelp@=\toks21
\eqnshift@=\dimen145
\alignsep@=\dimen146
\tagshift@=\dimen147
\tagwidth@=\dimen148
\totwidth@=\dimen149
\lineht@=\dimen150
\@envbody=\toks22
\multlinegap=\skip52
\multlinetaggap=\skip53
\mathdisplay@stack=\toks23
LaTeX Info: Redefining \[ on input line 2953.
LaTeX Info: Redefining \] on input line 2954.
)
(/usr/share/texlive/texmf-dist/tex/latex/amsfonts/amssymb.sty
Package: amssymb 2013/01/14 v3.01 AMS font symbols

(/usr/share/texlive/texmf-dist/tex/latex/amsfonts/amsfonts.sty
Package: amsfonts 2013/01/14 v3.01 Basic AMSFonts support
\symAMSa=\mathgroup4
\symAMSb=\mathgroup5
LaTeX Font Info:    Redeclaring math symbol \hbar on input line 98.
LaTeX Font Info:    Overwriting math alphabet `\mathfrak' in version `bold'
(Font)                  U/euf/m/n --> U/euf/b/n on input line 106.
))
(/usr/share/texlive/texmf-dist/tex/latex/amscls/amsthm.sty
Package: amsthm 2020/05/29 v2.20.6
\thm@style=\toks24
\thm@bodyfont=\toks25
\thm@headfont=\toks26
\thm@notefont=\toks27
\thm@headpunct=\toks28
\thm@preskip=\skip54
\thm@postskip=\skip55
\thm@headsep=\skip56
\dth@everypar=\toks29
)
(/usr/share/texlive/texmf-dist/tex/latex/graphics/graphicx.sty
Package: graphicx 2021/09/16 v1.2d Enhanced LaTeX Graphics (DPC,SPQR)

(/usr/share/texlive/texmf-dist/tex/latex/graphics/keyval.sty
Package: keyval 2022/05/29 v1.15 key=value parser (DPC)
\KV@toks@=\toks30
)
(/usr/share/texlive/texmf-dist/tex/latex/graphics/graphics.sty
Package: graphics 2024/08/06 v1.4g Standard LaTeX Graphics (DPC,SPQR)

(/usr/share/texlive/texmf-dist/tex/latex/graphics/trig.sty
Package: trig 2023/12/02 v1.11 sin cos tan (DPC)
)
(/usr/share/texlive/texmf-dist/tex/latex/graphics-cfg/graphics.cfg
File: graphics.cfg 2016/06/04 v1.11 sample graphics configuration
)
Package graphics Info: Driver file: pdftex.def on input line 106.

(/usr/share/texlive/texmf-dist/tex/latex/graphics-def/pdftex.def
File: pdftex.def 2024/04/13 v1.2c Graphics/color driver for pdftex
))
\Gin@req@height=\dimen151
\Gin@req@width=\dimen152
)
(/usr/share/texlive/texmf-dist/tex/latex/geometry/geometry.sty
Package: geometry 2020/01/02 v5.9 Page Geometry

(/usr/share/texlive/texmf-dist/tex/generic/iftex/ifvtex.sty
Package: ifvtex 2019/10/25 v1.7 ifvtex legacy package. Use iftex instead.

(/usr/share/texlive/texmf-dist/tex/generic/iftex/iftex.sty
Package: iftex 2024/12/12 v1.0g TeX engine tests
))
\Gm@cnth=\count283
\Gm@cntv=\count284
\c@Gm@tempcnt=\count285
\Gm@bindingoffset=\dimen153
\Gm@wd@mp=\dimen154
\Gm@odd@mp=\dimen155
\Gm@even@mp=\dimen156
\Gm@layoutwidth=\dimen157
\Gm@layoutheight=\dimen158
\Gm@layouthoffset=\dimen159
\Gm@layoutvoffset=\dimen160
\Gm@dimlist=\toks31
)
(/usr/share/texlive/texmf-dist/tex/latex/hyperref/hyperref.sty
Package: hyperref 2024-11-05 v7.01l Hypertext links for LaTeX

(/usr/share/texlive/texmf-dist/tex/latex/kvsetkeys/kvsetkeys.sty
Package: kvsetkeys 2022-10-05 v1.19 Key value parser (HO)
)
(/usr/share/texlive/texmf-dist/tex/generic/kvdefinekeys/kvdefinekeys.sty
Package: kvdefinekeys 2019-12-19 v1.6 Define keys (HO)
)
(/usr/share/texlive/texmf-dist/tex/generic/pdfescape/pdfescape.sty
Package: pdfescape 2019/12/09 v1.15 Implements pdfTeX's escape features (HO)

(/usr/share/texlive/texmf-dist/tex/generic/ltxcmds/ltxcmds.sty
Package: ltxcmds 2023-12-04 v1.26 LaTeX kernel commands for general use (HO)
)
(/usr/share/texlive/texmf-dist/tex/generic/pdftexcmds/pdftexcmds.sty
Package: pdftexcmds 2020-06-27 v0.33 Utility functions of pdfTeX for LuaTeX (HO
)

(/usr/share/texlive/texmf-dist/tex/generic/infwarerr/infwarerr.sty
Package: infwarerr 2019/12/03 v1.5 Providing info/warning/error messages (HO)
)
Package pdftexcmds Info: \pdf@primitive is available.
Package pdftexcmds Info: \pdf@ifprimitive is available.
Package pdftexcmds Info: \pdfdraftmode found.
))
(/usr/share/texlive/texmf-dist/tex/latex/hycolor/hycolor.sty
Package: hycolor 2020-01-27 v1.10 Color options for hyperref/bookmark (HO)
)
(/usr/share/texlive/texmf-dist/tex/latex/hyperref/nameref.sty
Package: nameref 2023-11-26 v2.56 Cross-referencing by name of section

(/usr/share/texlive/texmf-dist/tex/latex/refcount/refcount.sty
Package: refcount 2019/12/15 v3.6 Data extraction from label references (HO)
)
(/usr/share/texlive/texmf-dist/tex/generic/gettitlestring/gettitlestring.sty
Package: gettitlestring 2019/12/15 v1.6 Cleanup title references (HO)

(/usr/share/texlive/texmf-dist/tex/latex/kvoptions/kvoptions.sty
Package: kvoptions 2022-06-15 v3.15 Key value format for package options (HO)
))
\c@section@level=\count286
)
(/usr/share/texlive/texmf-dist/tex/latex/etoolbox/etoolbox.sty
Package: etoolbox 2025/02/11 v2.5l e-TeX tools for LaTeX (JAW)
\etb@tempcnta=\count287
)
(/usr/share/texlive/texmf-dist/tex/generic/stringenc/stringenc.sty
Package: stringenc 2019/11/29 v1.12 Convert strings between diff. encodings (HO
)
)
\@linkdim=\dimen161
\Hy@linkcounter=\count288
\Hy@pagecounter=\count289

(/usr/share/texlive/texmf-dist/tex/latex/hyperref/pd1enc.def
File: pd1enc.def 2024-11-05 v7.01l Hyperref: PDFDocEncoding definition (HO)
Now handling font encoding PD1 ...
... no UTF-8 mapping file for font encoding PD1
)
(/usr/share/texlive/texmf-dist/tex/generic/intcalc/intcalc.sty
Package: intcalc 2019/12/15 v1.3 Expandable calculations with integers (HO)
)
\Hy@SavedSpaceFactor=\count290

(/usr/share/texlive/texmf-dist/tex/latex/hyperref/puenc.def
File: puenc.def 2024-11-05 v7.01l Hyperref: PDF Unicode definition (HO)
Now handling font encoding PU ...
... no UTF-8 mapping file for font encoding PU
)
Package hyperref Info: Hyper figures OFF on input line 4157.
Package hyperref Info: Link nesting OFF on input line 4162.
Package hyperref Info: Hyper index ON on input line 4165.
Package hyperref Info: Plain pages OFF on input line 4172.
Package hyperref Info: Backreferencing OFF on input line 4177.
Package hyperref Info: Implicit mode ON; LaTeX internals redefined.
Package hyperref Info: Bookmarks ON on input line 4424.
\c@Hy@tempcnt=\count291

(/usr/share/texlive/texmf-dist/tex/latex/url/url.sty
\Urlmuskip=\muskip18
Package: url 2013/09/16  ver 3.4  Verb mode for urls, etc.
)
LaTeX Info: Redefining \url on input line 4763.
\XeTeXLinkMargin=\dimen162

(/usr/share/texlive/texmf-dist/tex/generic/bitset/bitset.sty
Package: bitset 2019/12/09 v1.3 Handle bit-vector datatype (HO)

(/usr/share/texlive/texmf-dist/tex/generic/bigintcalc/bigintcalc.sty
Package: bigintcalc 2019/12/15 v1.5 Expandable calculations on big integers (HO
)
))
\Fld@menulength=\count292
\Field@Width=\dimen163
\Fld@charsize=\dimen164
Package hyperref Info: Hyper figures OFF on input line 6042.
Package hyperref Info: Link nesting OFF on input line 6047.
Package hyperref Info: Hyper index ON on input line 6050.
Package hyperref Info: backreferencing OFF on input line 6057.
Package hyperref Info: Link coloring OFF on input line 6062.
Package hyperref Info: Link coloring with OCG OFF on input line 6067.
Package hyperref Info: PDF/A mode OFF on input line 6072.

(/usr/share/texlive/texmf-dist/tex/latex/base/atbegshi-ltx.sty
Package: atbegshi-ltx 2021/01/10 v1.0c Emulation of the original atbegshi
package with kernel methods
)
\Hy@abspage=\count293
\c@Item=\count294
\c@Hfootnote=\count295
)
Package hyperref Info: Driver (autodetected): hpdftex.

(/usr/share/texlive/texmf-dist/tex/latex/hyperref/hpdftex.def
File: hpdftex.def 2024-11-05 v7.01l Hyperref driver for pdfTeX

(/usr/share/texlive/texmf-dist/tex/latex/base/atveryend-ltx.sty
Package: atveryend-ltx 2020/08/19 v1.0a Emulation of the original atveryend pac
kage
with kernel methods
)
\Fld@listcount=\count296
\c@bookmark@seq@number=\count297

(/usr/share/texlive/texmf-dist/tex/latex/rerunfilecheck/rerunfilecheck.sty
Package: rerunfilecheck 2022-07-10 v1.10 Rerun checks for auxiliary files (HO)

(/usr/share/texlive/texmf-dist/tex/generic/uniquecounter/uniquecounter.sty
Package: uniquecounter 2019/12/15 v1.4 Provide unlimited unique counter (HO)
)
Package uniquecounter Info: New unique counter `rerunfilecheck' on input line 2
85.
)
\Hy@SectionHShift=\skip57
)
(/usr/share/texlive/texmf-dist/tex/latex/xcolor/xcolor.sty
Package: xcolor 2024/09/29 v3.02 LaTeX color extensions (UK)

(/usr/share/texlive/texmf-dist/tex/latex/graphics-cfg/color.cfg
File: color.cfg 2016/01/02 v1.6 sample color configuration
)
Package xcolor Info: Driver file: pdftex.def on input line 274.

(/usr/share/texlive/texmf-dist/tex/latex/graphics/mathcolor.ltx)
Package xcolor Info: Model `cmy' substituted by `cmy0' on input line 1349.
Package xcolor Info: Model `hsb' substituted by `rgb' on input line 1353.
Package xcolor Info: Model `RGB' extended on input line 1365.
Package xcolor Info: Model `HTML' substituted by `rgb' on input line 1367.
Package xcolor Info: Model `Hsb' substituted by `hsb' on input line 1368.
Package xcolor Info: Model `tHsb' substituted by `hsb' on input line 1369.
Package xcolor Info: Model `HSB' substituted by `hsb' on input line 1370.
Package xcolor Info: Model `Gray' substituted by `gray' on input line 1371.
Package xcolor Info: Model `wave' substituted by `hsb' on input line 1372.
)
(/usr/share/texlive/texmf-dist/tex/latex/fancyhdr/fancyhdr.sty
Package: fancyhdr 2025/02/07 v5.2 Extensive control of page headers and footers

\f@nch@headwidth=\skip58
\f@nch@offset@elh=\skip59
\f@nch@offset@erh=\skip60
\f@nch@offset@olh=\skip61
\f@nch@offset@orh=\skip62
\f@nch@offset@elf=\skip63
\f@nch@offset@erf=\skip64
\f@nch@offset@olf=\skip65
\f@nch@offset@orf=\skip66
\f@nch@height=\skip67
\f@nch@footalignment=\skip68
\f@nch@widthL=\skip69
\f@nch@widthC=\skip70
\f@nch@widthR=\skip71
\@temptokenb=\toks32
)
(/usr/share/texlive/texmf-dist/tex/latex/titlesec/titlesec.sty
Package: titlesec 2025/01/04 v2.17 Sectioning titles
\ttl@box=\box54
\beforetitleunit=\skip72
\aftertitleunit=\skip73
\ttl@plus=\dimen165
\ttl@minus=\dimen166
\ttl@toksa=\toks33
\titlewidth=\dimen167
\titlewidthlast=\dimen168
\titlewidthfirst=\dimen169
)
(/usr/share/texlive/texmf-dist/tex/latex/tools/longtable.sty
Package: longtable 2024-10-27 v4.22 Multi-page Table package (DPC)
\LTleft=\skip74
\LTright=\skip75
\LTpre=\skip76
\LTpost=\skip77
\LTchunksize=\count298
\LTcapwidth=\dimen170
\LT@head=\box55
\LT@firsthead=\box56
\LT@foot=\box57
\LT@lastfoot=\box58
\LT@gbox=\box59
\LT@cols=\count299
\LT@rows=\count300
\c@LT@tables=\count301
\c@LT@chunks=\count302
\LT@p@ftn=\toks34
)
(/usr/share/texlive/texmf-dist/tex/latex/booktabs/booktabs.sty
Package: booktabs 2020/01/12 v1.61803398 Publication quality tables
\heavyrulewidth=\dimen171
\lightrulewidth=\dimen172
\cmidrulewidth=\dimen173
\belowrulesep=\dimen174
\belowbottomsep=\dimen175
\aboverulesep=\dimen176
\abovetopsep=\dimen177
\cmidrulesep=\dimen178
\cmidrulekern=\dimen179
\defaultaddspace=\dimen180
\@cmidla=\count303
\@cmidlb=\count304
\@aboverulesep=\dimen181
\@belowrulesep=\dimen182
\@thisruleclass=\count305
\@lastruleclass=\count306
\@thisrulewidth=\dimen183
)
(/usr/share/texlive/texmf-dist/tex/latex/enumitem/enumitem.sty
Package: enumitem 2025/02/06 v3.11 Customized lists
\labelindent=\skip78
\enit@outerparindent=\dimen184
\enit@toks=\toks35
\enit@inbox=\box60
\enit@count@id=\count307
\enitdp@description=\count308
)
Package hyperref Info: Option `colorlinks' set `true' on input line 23.
\c@theorem=\count309
LaTeX Font Info:    Trying to load font information for T1+lmr on input line 53
.

(/usr/share/texmf/tex/latex/lm/t1lmr.fd
File: t1lmr.fd 2015/05/01 v1.6.1 Font defs for Latin Modern
)
(/usr/share/texlive/texmf-dist/tex/latex/l3backend/l3backend-pdftex.def
File: l3backend-pdftex.def 2024-05-08 L3 backend support: PDF output (pdfTeX)
\l__color_backend_stack_int=\count310
\l__pdf_internal_box=\box61
)
(./TheAlgebraicUniverse.aux)
\openout1 = `TheAlgebraicUniverse.aux'.

LaTeX Font Info:    Checking defaults for OML/cmm/m/it on input line 53.
LaTeX Font Info:    ... okay on input line 53.
LaTeX Font Info:    Checking defaults for OMS/cmsy/m/n on input line 53.
LaTeX Font Info:    ... okay on input line 53.
LaTeX Font Info:    Checking defaults for OT1/cmr/m/n on input line 53.
LaTeX Font Info:    ... okay on input line 53.
LaTeX Font Info:    Checking defaults for T1/cmr/m/n on input line 53.
LaTeX Font Info:    ... okay on input line 53.
LaTeX Font Info:    Checking defaults for TS1/cmr/m/n on input line 53.
LaTeX Font Info:    ... okay on input line 53.
LaTeX Font Info:    Checking defaults for OMX/cmex/m/n on input line 53.
LaTeX Font Info:    ... okay on input line 53.
LaTeX Font Info:    Checking defaults for U/cmr/m/n on input line 53.
LaTeX Font Info:    ... okay on input line 53.
LaTeX Font Info:    Checking defaults for PD1/pdf/m/n on input line 53.
LaTeX Font Info:    ... okay on input line 53.
LaTeX Font Info:    Checking defaults for PU/pdf/m/n on input line 53.
LaTeX Font Info:    ... okay on input line 53.

(/usr/share/texlive/texmf-dist/tex/context/base/mkii/supp-pdf.mkii
[Loading MPS to PDF converter (version 2006.09.02).]
\scratchcounter=\count311
\scratchdimen=\dimen185
\scratchbox=\box62
\nofMPsegments=\count312
\nofMParguments=\count313
\everyMPshowfont=\toks36
\MPscratchCnt=\count314
\MPscratchDim=\dimen186
\MPnumerator=\count315
\makeMPintoPDFobject=\count316
\everyMPtoPDFconversion=\toks37
) (/usr/share/texlive/texmf-dist/tex/latex/epstopdf-pkg/epstopdf-base.sty
Package: epstopdf-base 2020-01-24 v2.11 Base part for package epstopdf
Package epstopdf-base Info: Redefining graphics rule for `.eps' on input line 4
85.

(/usr/share/texlive/texmf-dist/tex/latex/latexconfig/epstopdf-sys.cfg
File: epstopdf-sys.cfg 2010/07/13 v1.3 Configuration of (r)epstopdf for TeX Liv
e
))
*geometry* driver: auto-detecting
*geometry* detected driver: pdftex
*geometry* verbose mode - [ preamble ] result:
* driver: pdftex
* paper: a4paper
* layout: <same size as paper>
* layoutoffset:(h,v)=(0.0pt,0.0pt)
* modes: twoside 
* h-part:(L,W,R)=(57.81621pt, 481.87546pt, 57.81621pt)
* v-part:(T,H,B)=(57.81621pt, 729.41443pt, 57.81621pt)
* \paperwidth=597.50787pt
* \paperheight=845.04684pt
* \textwidth=481.87546pt
* \textheight=729.41443pt
* \oddsidemargin=-14.45378pt
* \evensidemargin=-14.45378pt
* \topmargin=-47.02127pt
* \headheight=14.5pt
* \headsep=18.06749pt
* \topskip=10.0pt
* \footskip=25.29494pt
* \marginparwidth=115.0pt
* \marginparsep=7.0pt
* \columnsep=10.0pt
* \skip\footins=9.0pt plus 4.0pt minus 2.0pt
* \hoffset=0.0pt
* \voffset=0.0pt
* \mag=1000
* \@twocolumnfalse
* \@twosidetrue
* \@mparswitchtrue
* \@reversemarginfalse
* (1in=72.27pt=25.4mm, 1cm=28.453pt)

Package hyperref Info: Link coloring ON on input line 53.
(./TheAlgebraicUniverse.out) (./TheAlgebraicUniverse.out)
\@outlinefile=\write3
\openout3 = `TheAlgebraicUniverse.out'.

LaTeX Font Info:    Trying to load font information for OT1+lmr on input line 5
6.

(/usr/share/texmf/tex/latex/lm/ot1lmr.fd
File: ot1lmr.fd 2015/05/01 v1.6.1 Font defs for Latin Modern
)
LaTeX Font Info:    Trying to load font information for OML+lmm on input line 5
6.

(/usr/share/texmf/tex/latex/lm/omllmm.fd
File: omllmm.fd 2015/05/01 v1.6.1 Font defs for Latin Modern
)
LaTeX Font Info:    Trying to load font information for OMS+lmsy on input line 
56.

(/usr/share/texmf/tex/latex/lm/omslmsy.fd
File: omslmsy.fd 2015/05/01 v1.6.1 Font defs for Latin Modern
)
LaTeX Font Info:    Trying to load font information for OMX+lmex on input line 
56.

(/usr/share/texmf/tex/latex/lm/omxlmex.fd
File: omxlmex.fd 2015/05/01 v1.6.1 Font defs for Latin Modern
)
LaTeX Font Info:    External font `lmex10' loaded for size
(Font)              <12> on input line 56.
LaTeX Font Info:    External font `lmex10' loaded for size
(Font)              <8> on input line 56.
LaTeX Font Info:    External font `lmex10' loaded for size
(Font)              <6> on input line 56.
LaTeX Font Info:    Trying to load font information for U+msa on input line 56.


(/usr/share/texlive/texmf-dist/tex/latex/amsfonts/umsa.fd
File: umsa.fd 2013/01/14 v3.01 AMS symbols A
)
LaTeX Font Info:    Trying to load font information for U+msb on input line 56.


(/usr/share/texlive/texmf-dist/tex/latex/amsfonts/umsb.fd
File: umsb.fd 2013/01/14 v3.01 AMS symbols B
)

[1


{/var/lib/texmf/fonts/map/pdftex/updmap/pdftex.map}{/usr/share/texmf/fonts/enc/
dvips/lm/lm-ec.enc}] (./TheAlgebraicUniverse.toc
LaTeX Font Info:    External font `lmex10' loaded for size
(Font)              <10> on input line 1.
LaTeX Font Info:    External font `lmex10' loaded for size
(Font)              <7> on input line 1.
LaTeX Font Info:    External font `lmex10' loaded for size
(Font)              <5> on input line 1.


[2

]

[3]

[4{/usr/share/texmf/fonts/enc/dvips/lm/lm-rm.enc}]
LaTeX Font Info:    Trying to load font information for U+euf on input line 202
.

(/usr/share/texlive/texmf-dist/tex/latex/amsfonts/ueuf.fd
File: ueuf.fd 2013/01/14 v3.01 Euler Fraktur
)

[5]

[6{/usr/share/texmf/fonts/enc/dvips/lm/lm-mathit.enc}]

[7]

[8]

[9]

[10]

[11]

[12]

[13]

[14]

[15{/usr/share/texmf/fonts/enc/dvips/lm/lm-mathsy.enc}]

[16]

[17]

[18]

[19]

[20]

[21]

[22]

[23]

[24]

[25]

[26]

[27]

[28]

[29]

[30]

[31]

[32]

[33]

[34]

[35]

[36]

[37]

[38]

[39]

[40]

[41]

[42]

[43]

[44]

[45]

[46]

[47])
\tf@toc=\write4
\openout4 = `TheAlgebraicUniverse.toc'.



[48]

[49]

[50

]

[51]
Chapter 1.
<images/Algebraic_Physics__figures__demo1_bloch_sphere.png, id=13790, 1147.6476
pt x 851.3406pt>
File: images/Algebraic_Physics__figures__demo1_bloch_sphere.png Graphic file (t
ype png)
<use images/Algebraic_Physics__figures__demo1_bloch_sphere.png>
Package pdftex.def Info: images/Algebraic_Physics__figures__demo1_bloch_sphere.
png  used on input line 111.
(pdftex.def)             Requested size: 385.50183pt x 285.97055pt.
<images/Algebraic_Physics__figures__demo2_lie_algebras.png, id=13792, 1286.8878
pt x 994.917pt>
File: images/Algebraic_Physics__figures__demo2_lie_algebras.png Graphic file (t
ype png)
<use images/Algebraic_Physics__figures__demo2_lie_algebras.png>
Package pdftex.def Info: images/Algebraic_Physics__figures__demo2_lie_algebras.
png  used on input line 119.
(pdftex.def)             Requested size: 385.50183pt x 298.03716pt.
<images/Algebraic_Physics__figures__demo3_clifford_algebra.png, id=13793, 1293.
1512pt x 994.917pt>
File: images/Algebraic_Physics__figures__demo3_clifford_algebra.png Graphic fil
e (type png)
<use images/Algebraic_Physics__figures__demo3_clifford_algebra.png>
Package pdftex.def Info: images/Algebraic_Physics__figures__demo3_clifford_alge
bra.png  used on input line 127.
(pdftex.def)             Requested size: 385.50183pt x 296.59494pt.
<images/Algebraic_Physics__figures__demo4_spectral_triple.png, id=13794, 1134.1
572pt x 1023.825pt>
File: images/Algebraic_Physics__figures__demo4_spectral_triple.png Graphic file
 (type png)
<use images/Algebraic_Physics__figures__demo4_spectral_triple.png>
Package pdftex.def Info: images/Algebraic_Physics__figures__demo4_spectral_trip
le.png  used on input line 135.
(pdftex.def)             Requested size: 385.50183pt x 348.00215pt.
<images/Algebraic_Physics__figures__demo5_timeline.png, id=13795, 1134.639pt x 
459.1554pt>
File: images/Algebraic_Physics__figures__demo5_timeline.png Graphic file (type 
png)
<use images/Algebraic_Physics__figures__demo5_timeline.png>
Package pdftex.def Info: images/Algebraic_Physics__figures__demo5_timeline.png 
 used on input line 143.
(pdftex.def)             Requested size: 385.50183pt x 155.99866pt.
<images/Algebraic_Physics__figures__demo5_unification.png, id=13796, 1127.412pt
 x 1350.0036pt>
File: images/Algebraic_Physics__figures__demo5_unification.png Graphic file (ty
pe png)
<use images/Algebraic_Physics__figures__demo5_unification.png>
Package pdftex.def Info: images/Algebraic_Physics__figures__demo5_unification.p
ng  used on input line 151.
(pdftex.def)             Requested size: 385.50183pt x 461.61128pt.


[52

 <./images/Algebraic_Physics__figures__demo1_bloch_sphere.png>]

[53 <./images/Algebraic_Physics__figures__demo2_lie_algebras.png> <./images/Alg
ebraic_Physics__figures__demo3_clifford_algebra.png>]

[54 <./images/Algebraic_Physics__figures__demo4_spectral_triple.png> <./images/
Algebraic_Physics__figures__demo5_timeline.png>]

[55 <./images/Algebraic_Physics__figures__demo5_unification.png>]

[56]
! Missing } inserted.
<inserted text> 
                }
l.273 where D = $\gamma^{\ensuremath{\mu}$
                                          } \ensuremath{\partial}\_\ensurema...
I've inserted something that you may have forgotten.
(See the <inserted text> above.)
With luck, this will get me unwedged. But if you
really didn't forget anything, try typing `2' now; then
my insertion and my current dilemma will both disappear.

! Too many }'s.
l.273 where D = $\gamma^{\ensuremath{\mu}$}
                                            \ensuremath{\partial}\_\ensurema...
You've closed more groups than you opened.
Such booboos are generally harmless, so keep going.

! Missing } inserted.
<inserted text> 
                }
l.275 ...th{\partial} = $\gamma^{\ensuremath{\mu}$
                                                  } \ensuremath{\partial}\_\...
I've inserted something that you may have forgotten.
(See the <inserted text> above.)
With luck, this will get me unwedged. But if you
really didn't forget anything, try typing `2' now; then
my insertion and my current dilemma will both disappear.

! Too many }'s.
l.275 ...h{\partial} = $\gamma^{\ensuremath{\mu}$}
                                                   \ensuremath{\partial}\_\e...
You've closed more groups than you opened.
Such booboos are generally harmless, so keep going.



[57{/usr/share/texmf/fonts/enc/dvips/lm/lm-mathex.enc}]
LaTeX Font Info:    Trying to load font information for TS1+lmr on input line 3
22.

(/usr/share/texmf/tex/latex/lm/ts1lmr.fd
File: ts1lmr.fd 2015/05/01 v1.6.1 Font defs for Latin Modern
)

[58{/usr/share/texmf/fonts/enc/dvips/lm/lm-ts1.enc}]

[59]

[60]

[61]

[62]

[63]

[64]

[65]

[66]
Chapter 2.
<images/Algebraic_Spacetime__demos__fig1_clifford_algebra.png, id=13903, 956.85
48pt x 674.0382pt>
File: images/Algebraic_Spacetime__demos__fig1_clifford_algebra.png Graphic file
 (type png)
<use images/Algebraic_Spacetime__demos__fig1_clifford_algebra.png>
Package pdftex.def Info: images/Algebraic_Spacetime__demos__fig1_clifford_algeb
ra.png  used on input line 762.
(pdftex.def)             Requested size: 385.50183pt x 271.55435pt.
<images/Algebraic_Spacetime__demos__fig2_lorentz_rotors.png, id=13904, 986.2446
pt x 800.2698pt>
File: images/Algebraic_Spacetime__demos__fig2_lorentz_rotors.png Graphic file (
type png)
<use images/Algebraic_Spacetime__demos__fig2_lorentz_rotors.png>
Package pdftex.def Info: images/Algebraic_Spacetime__demos__fig2_lorentz_rotors
.png  used on input line 770.
(pdftex.def)             Requested size: 385.50183pt x 312.81221pt.
<images/Algebraic_Spacetime__demos__fig3_maxwell_unified.png, id=13905, 1083.08
64pt x 926.0196pt>
File: images/Algebraic_Spacetime__demos__fig3_maxwell_unified.png Graphic file 
(type png)
<use images/Algebraic_Spacetime__demos__fig3_maxwell_unified.png>
Package pdftex.def Info: images/Algebraic_Spacetime__demos__fig3_maxwell_unifie
d.png  used on input line 778.
(pdftex.def)             Requested size: 385.50183pt x 329.59412pt.
<images/Algebraic_Spacetime__demos__fig4_spinors_dirac.png, id=13906, 910.602pt
 x 800.2698pt>
File: images/Algebraic_Spacetime__demos__fig4_spinors_dirac.png Graphic file (t
ype png)
<use images/Algebraic_Spacetime__demos__fig4_spinors_dirac.png>
Package pdftex.def Info: images/Algebraic_Spacetime__demos__fig4_spinors_dirac.
png  used on input line 786.
(pdftex.def)             Requested size: 385.50183pt x 338.78526pt.
<images/Algebraic_Spacetime__demos__fig5_grand_unified.png, id=13907, 1315.314p
t x 1119.7032pt>
File: images/Algebraic_Spacetime__demos__fig5_grand_unified.png Graphic file (t
ype png)
<use images/Algebraic_Spacetime__demos__fig5_grand_unified.png>
Package pdftex.def Info: images/Algebraic_Spacetime__demos__fig5_grand_unified.
png  used on input line 794.
(pdftex.def)             Requested size: 385.50183pt x 328.17392pt.


[67

 <./images/Algebraic_Spacetime__demos__fig1_clifford_algebra.png>]

[68 <./images/Algebraic_Spacetime__demos__fig2_lorentz_rotors.png> <./images/Al
gebraic_Spacetime__demos__fig3_maxwell_unified.png>]

[69 <./images/Algebraic_Spacetime__demos__fig4_spinors_dirac.png> <./images/Alg
ebraic_Spacetime__demos__fig5_grand_unified.png>]

[70]

[71]

[72]
! Missing } inserted.
<inserted text> 
                }
l.974 ...math{\nabla} = $\gamma^{\ensuremath{\mu}$
                                                  } \ensuremath{\partial}\_\...
I've inserted something that you may have forgotten.
(See the <inserted text> above.)
With luck, this will get me unwedged. But if you
really didn't forget anything, try typing `2' now; then
my insertion and my current dilemma will both disappear.

! Missing } inserted.
<inserted text> 
                }
l.983 ...ath{\nabla}F = $\gamma^{\ensuremath{\mu}$
                                                  } \ensuremath{\partial}\_\...
I've inserted something that you may have forgotten.
(See the <inserted text> above.)
With luck, this will get me unwedged. But if you
really didn't forget anything, try typing `2' now; then
my insertion and my current dilemma will both disappear.

! Too many }'s.
l.983 ...th{\nabla}F = $\gamma^{\ensuremath{\mu}$}
                                                   \ensuremath{\partial}\_\e...
You've closed more groups than you opened.
Such booboos are generally harmless, so keep going.



[73]

[74]
LaTeX Font Info:    Trying to load font information for T1+lmtt on input line 1
115.
 (/usr/share/texmf/tex/latex/lm/t1lmtt.fd
File: t1lmtt.fd 2015/05/01 v1.6.1 Font defs for Latin Modern
)

[75]
! Missing } inserted.
<inserted text> 
                }
l.1189 ...time gradient $\gamma^{\ensuremath{\mu}$
                                                  }\ensuremath{\partial}\_\e...
I've inserted something that you may have forgotten.
(See the <inserted text> above.)
With luck, this will get me unwedged. But if you
really didn't forget anything, try typing `2' now; then
my insertion and my current dilemma will both disappear.

! Missing { inserted.
<inserted text> 
                {
l.1190 F
         & Electromagnetic bivector \\
I've put in what seems to be necessary to fix
the current column of the current alignment.
Try to go on, since this might almost work.



[76]

[77]
! Missing } inserted.
<inserted text> 
                }
l.1300 ...th{\nabla}} = $\gamma^{\ensuremath{\mu}$
                                                  } \ensuremath{\partial}\_\...
I've inserted something that you may have forgotten.
(See the <inserted text> above.)
With luck, this will get me unwedged. But if you
really didn't forget anything, try typing `2' now; then
my insertion and my current dilemma will both disappear.

! Too many }'s.
l.1300 ...h{\nabla}} = $\gamma^{\ensuremath{\mu}$}
                                                   \ensuremath{\partial}\_\e...
You've closed more groups than you opened.
Such booboos are generally harmless, so keep going.



[78]

[79]

[80]
Chapter 3.
<images/Algebraic_Gravity__demos__fig1_algebra_structure.png, id=14012, 1101.39
48pt x 496.254pt>
File: images/Algebraic_Gravity__demos__fig1_algebra_structure.png Graphic file 
(type png)
<use images/Algebraic_Gravity__demos__fig1_algebra_structure.png>
Package pdftex.def Info: images/Algebraic_Gravity__demos__fig1_algebra_structur
e.png  used on input line 1384.
(pdftex.def)             Requested size: 385.50183pt x 173.6915pt.
<images/Algebraic_Gravity__demos__fig2_schwarzschild_curvature.png, id=14013, 1
147.6476pt x 495.2904pt>
File: images/Algebraic_Gravity__demos__fig2_schwarzschild_curvature.png Graphic
 file (type png)
<use images/Algebraic_Gravity__demos__fig2_schwarzschild_curvature.png>
Package pdftex.def Info: images/Algebraic_Gravity__demos__fig2_schwarzschild_cu
rvature.png  used on input line 1392.
(pdftex.def)             Requested size: 385.50183pt x 166.3711pt.
<images/Algebraic_Gravity__demos__fig3_periodic_table.png, id=14014, 1004.553pt
 x 715.9548pt>
File: images/Algebraic_Gravity__demos__fig3_periodic_table.png Graphic file (ty
pe png)
<use images/Algebraic_Gravity__demos__fig3_periodic_table.png>
Package pdftex.def Info: images/Algebraic_Gravity__demos__fig3_periodic_table.p
ng  used on input line 1400.
(pdftex.def)             Requested size: 385.50183pt x 274.7531pt.
<images/Algebraic_Gravity__demos__fig4_geodesics_representations.png, id=14015,
 1095.1314pt x 886.512pt>
File: images/Algebraic_Gravity__demos__fig4_geodesics_representations.png Graph
ic file (type png)
<use images/Algebraic_Gravity__demos__fig4_geodesics_representations.png>
Package pdftex.def Info: images/Algebraic_Gravity__demos__fig4_geodesics_repres
entations.png  used on input line 1408.
(pdftex.def)             Requested size: 385.50183pt x 312.0559pt.
<images/Algebraic_Gravity__demos__fig5_gravitational_waves.png, id=14016, 1064.
778pt x 856.6404pt>
File: images/Algebraic_Gravity__demos__fig5_gravitational_waves.png Graphic fil
e (type png)
<use images/Algebraic_Gravity__demos__fig5_gravitational_waves.png>
Package pdftex.def Info: images/Algebraic_Gravity__demos__fig5_gravitational_wa
ves.png  used on input line 1416.
(pdftex.def)             Requested size: 385.50183pt x 310.14186pt.
<images/Algebraic_Gravity__demos__fig6_newtonian_limit.png, id=14017, 1089.8316
pt x 991.5444pt>
File: images/Algebraic_Gravity__demos__fig6_newtonian_limit.png Graphic file (t
ype png)
<use images/Algebraic_Gravity__demos__fig6_newtonian_limit.png>
Package pdftex.def Info: images/Algebraic_Gravity__demos__fig6_newtonian_limit.
png  used on input line 1424.
(pdftex.def)             Requested size: 385.50183pt x 350.7374pt.


[81

 <./images/Algebraic_Gravity__demos__fig1_algebra_structure.png> <./images/Alge
braic_Gravity__demos__fig2_schwarzschild_curvature.png>]

[82 <./images/Algebraic_Gravity__demos__fig3_periodic_table.png> <./images/Alge
braic_Gravity__demos__fig4_geodesics_representations.png>]

[83 <./images/Algebraic_Gravity__demos__fig5_gravitational_waves.png> <./images
/Algebraic_Gravity__demos__fig6_newtonian_limit.png>]

[84]

[85]

[86]
LaTeX Font Info:    External font `lmex10' loaded for size
(Font)              <14.4> on input line 1638.


Package hyperref Warning: Token not allowed in a PDF string (Unicode):
(hyperref)                removing `\Lambda' on input line 1638.



[87]

[88]

[89]

[90]

[91]

[92]

[93]

[94]
Chapter 4.
<images/Electricity__demos__fig1_impedance_field.png, id=14120, 1179.4464pt x 1
053.2148pt>
File: images/Electricity__demos__fig1_impedance_field.png Graphic file (type pn
g)
<use images/Electricity__demos__fig1_impedance_field.png>
Package pdftex.def Info: images/Electricity__demos__fig1_impedance_field.png  u
sed on input line 2055.
(pdftex.def)             Requested size: 385.50183pt x 344.23532pt.
<images/Electricity__demos__fig2_kirchhoff_homology.png, id=14121, 1173.183pt x
 924.5742pt>
File: images/Electricity__demos__fig2_kirchhoff_homology.png Graphic file (type
 png)
<use images/Electricity__demos__fig2_kirchhoff_homology.png>
Package pdftex.def Info: images/Electricity__demos__fig2_kirchhoff_homology.png
  used on input line 2063.
(pdftex.def)             Requested size: 385.50183pt x 303.8125pt.
<images/Electricity__demos__fig3_maxwell_forms.png, id=14122, 1291.224pt x 1050
.324pt>
File: images/Electricity__demos__fig3_maxwell_forms.png Graphic file (type png)

<use images/Electricity__demos__fig3_maxwell_forms.png>
Package pdftex.def Info: images/Electricity__demos__fig3_maxwell_forms.png  use
d on input line 2071.
(pdftex.def)             Requested size: 385.50183pt x 313.5771pt.
<images/Electricity__demos__fig4_gauge_symmetry.png, id=14123, 1277.7336pt x 10
90.3134pt>
File: images/Electricity__demos__fig4_gauge_symmetry.png Graphic file (type png
)
<use images/Electricity__demos__fig4_gauge_symmetry.png>
Package pdftex.def Info: images/Electricity__demos__fig4_gauge_symmetry.png  us
ed on input line 2079.
(pdftex.def)             Requested size: 385.50183pt x 328.94324pt.
<images/Electricity__demos__fig5_clifford_em.png, id=14124, 1250.271pt x 951.55
5pt>
File: images/Electricity__demos__fig5_clifford_em.png Graphic file (type png)
<use images/Electricity__demos__fig5_clifford_em.png>
Package pdftex.def Info: images/Electricity__demos__fig5_clifford_em.png  used 
on input line 2087.
(pdftex.def)             Requested size: 385.50183pt x 293.39636pt.
<images/Electricity__demos__fig6_grand_unified_map.png, id=14125, 1358.676pt x 
1016.1162pt>
File: images/Electricity__demos__fig6_grand_unified_map.png Graphic file (type 
png)
<use images/Electricity__demos__fig6_grand_unified_map.png>
Package pdftex.def Info: images/Electricity__demos__fig6_grand_unified_map.png 
 used on input line 2095.
(pdftex.def)             Requested size: 385.50183pt x 288.30923pt.


[95

 <./images/Electricity__demos__fig1_impedance_field.png>]

[96 <./images/Electricity__demos__fig2_kirchhoff_homology.png> <./images/Electr
icity__demos__fig3_maxwell_forms.png>]

[97 <./images/Electricity__demos__fig4_gauge_symmetry.png> <./images/Electricit
y__demos__fig5_clifford_em.png>]
Underfull \vbox (badness 10000) has occurred while \output is active []



[98 <./images/Electricity__demos__fig6_grand_unified_map.png>]

[99]

[100]

[101]

[102]

[103]

[104]

[105]

[106]

[107]

[108]

[109]
Chapter 5.
<images/Algebraic_Magnetism__figures__algebraic_phase_diagram.png, id=14233, 99
0.5808pt x 426.8748pt>
File: images/Algebraic_Magnetism__figures__algebraic_phase_diagram.png Graphic 
file (type png)
<use images/Algebraic_Magnetism__figures__algebraic_phase_diagram.png>
Package pdftex.def Info: images/Algebraic_Magnetism__figures__algebraic_phase_d
iagram.png  used on input line 2918.
(pdftex.def)             Requested size: 385.50183pt x 166.12225pt.
<images/Algebraic_Magnetism__figures__bloch_law.png, id=14234, 1003.1076pt x 42
6.393pt>
File: images/Algebraic_Magnetism__figures__bloch_law.png Graphic file (type png
)
<use images/Algebraic_Magnetism__figures__bloch_law.png>
Package pdftex.def Info: images/Algebraic_Magnetism__figures__bloch_law.png  us
ed on input line 2926.
(pdftex.def)             Requested size: 385.50183pt x 163.86577pt.
<images/Algebraic_Magnetism__figures__bloch_sphere.png, id=14235, 682.7106pt x 
714.5094pt>
File: images/Algebraic_Magnetism__figures__bloch_sphere.png Graphic file (type 
png)
<use images/Algebraic_Magnetism__figures__bloch_sphere.png>
Package pdftex.def Info: images/Algebraic_Magnetism__figures__bloch_sphere.png 
 used on input line 2934.
(pdftex.def)             Requested size: 385.50183pt x 403.4696pt.
<images/Algebraic_Magnetism__figures__casimir_spectrum.png, id=14236, 1003.1076
pt x 426.393pt>
File: images/Algebraic_Magnetism__figures__casimir_spectrum.png Graphic file (t
ype png)
<use images/Algebraic_Magnetism__figures__casimir_spectrum.png>
Package pdftex.def Info: images/Algebraic_Magnetism__figures__casimir_spectrum.
png  used on input line 2942.
(pdftex.def)             Requested size: 385.50183pt x 163.86577pt.
<images/Algebraic_Magnetism__figures__commutation_check.png, id=14237, 713.5458
pt x 423.5022pt>
File: images/Algebraic_Magnetism__figures__commutation_check.png Graphic file (
type png)
<use images/Algebraic_Magnetism__figures__commutation_check.png>
Package pdftex.def Info: images/Algebraic_Magnetism__figures__commutation_check
.png  used on input line 2950.
(pdftex.def)             Requested size: 385.50183pt x 228.8041pt.
<images/Algebraic_Magnetism__figures__domain_walls.png, id=14238, 1050.8058pt x
 371.9496pt>
File: images/Algebraic_Magnetism__figures__domain_walls.png Graphic file (type 
png)
<use images/Algebraic_Magnetism__figures__domain_walls.png>
Package pdftex.def Info: images/Algebraic_Magnetism__figures__domain_walls.png 
 used on input line 2958.
(pdftex.def)             Requested size: 385.50183pt x 136.45572pt.


[110

 <./images/Algebraic_Magnetism__figures__algebraic_phase_diagram.png> <./images
/Algebraic_Magnetism__figures__bloch_law.png>]

[111 <./images/Algebraic_Magnetism__figures__bloch_sphere.png> <./images/Algebr
aic_Magnetism__figures__casimir_spectrum.png>]

[112 <./images/Algebraic_Magnetism__figures__commutation_check.png> <./images/A
lgebraic_Magnetism__figures__domain_walls.png>]

[113]

[114]

[115]

[116]

! LaTeX Error: Command \item invalid in math mode.

See the LaTeX manual or LaTeX Companion for explanation.
Type  H <return>  for immediate help.
 ...                                              
                                                  
l.3297   \item
               \textbf{Elasticity:} Nematic order parameter couples to latti...

Try typing  <return>  to proceed.
If that doesn't work, type  X <return>  to quit.

! Missing $ inserted.
<inserted text> 
                $
l.3297   \item \textbf
                      {Elasticity:} Nematic order parameter couples to latti...
I've inserted a begin-math/end-math symbol since I think
you left one out. Proceed, with fingers crossed.



[117]

[118]

[119]
Overfull \hbox (3.10579pt too wide) in paragraph at lines 3453--3456
[]\T1/lmr/bx/n/10 Herbertsmithite (ZnCu$[]$(OH)$[]$Cl$[]$): \T1/lmr/m/n/10 The 
kagome an-ti-fer-ro-mag-net should ex-hibit frac-tion-al-ized spinon
 []



[120]

[121]

[122]

[123]
! Missing $ inserted.
<inserted text> 
                $
l.3750 ...es this two-state system is a \$2 \times
                                                   2$ matrix algebra, and th...
I've inserted a begin-math/end-math symbol since I think
you left one out. Proceed, with fingers crossed.

! Missing $ inserted.
<inserted text> 
                $
l.3768 ...textbf{exchange tensor} --- a \$3 \times
                                                   3$ matrix $J^{\alpha\beta...
I've inserted a begin-math/end-math symbol since I think
you left one out. Proceed, with fingers crossed.



[124]

[125]
! Missing $ inserted.
<inserted text> 
                $
l.3817 
       
I've inserted a begin-math/end-math symbol since I think
you left one out. Proceed, with fingers crossed.


Overfull \hbox (532.44661pt too wide) in paragraph at lines 3816--3817
[]\T1/lmr/m/n/10 For spin-$3/2$\OML/lmm/m/it/10 atoms; there[]sanadditional$\T1
/lmr/m/n/10 V_3$\OML/lmm/m/it/10 piece \OT1/lmr/m/n/10 : \OML/lmm/m/it/10 the[]
; withacloverleafpatternthathasnopreferreddirectionandnopreferredaxis:It[]smagn
eticorderthatisinvisibletoanyconventionalmeasurement; hidinginplainsight:$ 
 []



[126]

[127]
! Missing $ inserted.
<inserted text> 
                $
l.3917 \textbf{The Exchange Tensor:} A \$3 \times
                                                  3$ matrix $J^{\alpha\beta}...
I've inserted a begin-math/end-math symbol since I think
you left one out. Proceed, with fingers crossed.


Overfull \hbox (50.65347pt too wide) in paragraph at lines 3927--3936
 [] 
 []



[128]

[129]
Chapter 6.
<images/Algebraic_Nuclear_Physics__demos__fig10_phase_transition.png, id=14377,
 1146.2022pt x 517.935pt>
File: images/Algebraic_Nuclear_Physics__demos__fig10_phase_transition.png Graph
ic file (type png)
<use images/Algebraic_Nuclear_Physics__demos__fig10_phase_transition.png>
Package pdftex.def Info: images/Algebraic_Nuclear_Physics__demos__fig10_phase_t
ransition.png  used on input line 3971.
(pdftex.def)             Requested size: 385.50183pt x 174.19093pt.
<images/Algebraic_Nuclear_Physics__demos__fig11_R42_systematics.png, id=14378, 
920.7198pt x 423.5022pt>
File: images/Algebraic_Nuclear_Physics__demos__fig11_R42_systematics.png Graphi
c file (type png)
<use images/Algebraic_Nuclear_Physics__demos__fig11_R42_systematics.png>
Package pdftex.def Info: images/Algebraic_Nuclear_Physics__demos__fig11_R42_sys
tematics.png  used on input line 3979.
(pdftex.def)             Requested size: 385.50183pt x 177.32042pt.
<images/Algebraic_Nuclear_Physics__demos__fig12_hilbert_space.png, id=14379, 11
45.7204pt x 513.117pt>
File: images/Algebraic_Nuclear_Physics__demos__fig12_hilbert_space.png Graphic 
file (type png)
<use images/Algebraic_Nuclear_Physics__demos__fig12_hilbert_space.png>
Package pdftex.def Info: images/Algebraic_Nuclear_Physics__demos__fig12_hilbert
_space.png  used on input line 3987.
(pdftex.def)             Requested size: 385.50183pt x 172.64885pt.
<images/Algebraic_Nuclear_Physics__demos__fig13_spectral_flow.png, id=14380, 10
02.144pt x 568.0422pt>
File: images/Algebraic_Nuclear_Physics__demos__fig13_spectral_flow.png Graphic 
file (type png)
<use images/Algebraic_Nuclear_Physics__demos__fig13_spectral_flow.png>
Package pdftex.def Info: images/Algebraic_Nuclear_Physics__demos__fig13_spectra
l_flow.png  used on input line 3995.
(pdftex.def)             Requested size: 385.50183pt x 218.51057pt.
<images/Algebraic_Nuclear_Physics__demos__fig14_algebraic_tower.png, id=14381, 
994.917pt x 712.5822pt>
File: images/Algebraic_Nuclear_Physics__demos__fig14_algebraic_tower.png Graphi
c file (type png)
<use images/Algebraic_Nuclear_Physics__demos__fig14_algebraic_tower.png>
Package pdftex.def Info: images/Algebraic_Nuclear_Physics__demos__fig14_algebra
ic_tower.png  used on input line 4003.
(pdftex.def)             Requested size: 385.50183pt x 276.101pt.
<images/Algebraic_Nuclear_Physics__demos__fig15_grand_summary.png, id=14382, 98
4.7992pt x 704.8734pt>
File: images/Algebraic_Nuclear_Physics__demos__fig15_grand_summary.png Graphic 
file (type png)
<use images/Algebraic_Nuclear_Physics__demos__fig15_grand_summary.png>
Package pdftex.def Info: images/Algebraic_Nuclear_Physics__demos__fig15_grand_s
ummary.png  used on input line 4011.
(pdftex.def)             Requested size: 385.50183pt x 275.9213pt.


[130

 <./images/Algebraic_Nuclear_Physics__demos__fig10_phase_transition.png> <./ima
ges/Algebraic_Nuclear_Physics__demos__fig11_R42_systematics.png>]

[131 <./images/Algebraic_Nuclear_Physics__demos__fig12_hilbert_space.png> <./im
ages/Algebraic_Nuclear_Physics__demos__fig13_spectral_flow.png>]

[132 <./images/Algebraic_Nuclear_Physics__demos__fig14_algebraic_tower.png> <./
images/Algebraic_Nuclear_Physics__demos__fig15_grand_summary.png>]

[133]

[134]

Package hyperref Warning: Token not allowed in a PDF string (Unicode):
(hyperref)                removing `\gamma' on input line 4170.



[135]

[136]

[137]

[138]

[139]

[140]

[141]

[142]

[143]

[144]

[145]

[146]
Chapter 7.
<images/Algebraic_Time__demos__entropy_arrow.png, id=14499, 950.1096pt x 927.46
5pt>
File: images/Algebraic_Time__demos__entropy_arrow.png Graphic file (type png)
<use images/Algebraic_Time__demos__entropy_arrow.png>
Package pdftex.def Info: images/Algebraic_Time__demos__entropy_arrow.png  used 
on input line 4840.
(pdftex.def)             Requested size: 385.50183pt x 376.31471pt.
<images/Algebraic_Time__demos__flow_decomposition.png, id=14500, 957.3366pt x 9
26.5014pt>
File: images/Algebraic_Time__demos__flow_decomposition.png Graphic file (type p
ng)
<use images/Algebraic_Time__demos__flow_decomposition.png>
Package pdftex.def Info: images/Algebraic_Time__demos__flow_decomposition.png  
used on input line 4848.
(pdftex.def)             Requested size: 385.50183pt x 373.08215pt.
<images/Algebraic_Time__demos__grand_unified.png, id=14501, 1070.0778pt x 1271.
952pt>
File: images/Algebraic_Time__demos__grand_unified.png Graphic file (type png)
<use images/Algebraic_Time__demos__grand_unified.png>
Package pdftex.def Info: images/Algebraic_Time__demos__grand_unified.png  used 
on input line 4856.
(pdftex.def)             Requested size: 385.50183pt x 458.23232pt.
<images/Algebraic_Time__demos__quantum_time.png, id=14502, 949.146pt x 931.3194
pt>
File: images/Algebraic_Time__demos__quantum_time.png Graphic file (type png)
<use images/Algebraic_Time__demos__quantum_time.png>
Package pdftex.def Info: images/Algebraic_Time__demos__quantum_time.png  used o
n input line 4864.
(pdftex.def)             Requested size: 385.50183pt x 378.26231pt.
<images/Algebraic_Time__demos__relativistic_fiber.png, id=14503, 945.7734pt x 9
41.919pt>
File: images/Algebraic_Time__demos__relativistic_fiber.png Graphic file (type p
ng)
<use images/Algebraic_Time__demos__relativistic_fiber.png>
Package pdftex.def Info: images/Algebraic_Time__demos__relativistic_fiber.png  
used on input line 4872.
(pdftex.def)             Requested size: 385.50183pt x 383.9328pt.
<images/Algebraic_Time__demos__temporal_flows.png, id=14504, 990.099pt x 851.34
06pt>
File: images/Algebraic_Time__demos__temporal_flows.png Graphic file (type png)
<use images/Algebraic_Time__demos__temporal_flows.png>
Package pdftex.def Info: images/Algebraic_Time__demos__temporal_flows.png  used
 on input line 4880.
(pdftex.def)             Requested size: 385.50183pt x 331.4759pt.


[147

 <./images/Algebraic_Time__demos__entropy_arrow.png>]

[148 <./images/Algebraic_Time__demos__flow_decomposition.png>]

[149 <./images/Algebraic_Time__demos__grand_unified.png>]

[150 <./images/Algebraic_Time__demos__quantum_time.png>]

[151 <./images/Algebraic_Time__demos__relativistic_fiber.png>]

[152 <./images/Algebraic_Time__demos__temporal_flows.png>]

[153]

[154]
Overfull \hbox (2.36803pt too wide) in paragraph at lines 5065--5066
\T1/lmr/m/n/10 reversible) and dis-si-pa-tors/amplifiers (which are not). The "
amount of ir-re-versibil-ity" is mea-sured by dim(V_irr). 
 []



[155]

[156]

[157]
Overfull \hbox (10.06203pt too wide) in paragraph at lines 5195--5196
[]\T1/lmr/m/n/10 The Math-lib Com-mu-nity, "The Lean Math-e-mat-i-cal Li-brary,
" 2024. https://leanprover-community.github.io/ 
 []



[158]

[159]

[160]

[161]
Chapter 8.
<images/Algebraic_Chemistry__demos__output__categorical_chemistry.png, id=14620
, 1293.633pt x 994.917pt>
File: images/Algebraic_Chemistry__demos__output__categorical_chemistry.png Grap
hic file (type png)
<use images/Algebraic_Chemistry__demos__output__categorical_chemistry.png>
Package pdftex.def Info: images/Algebraic_Chemistry__demos__output__categorical
_chemistry.png  used on input line 5362.
(pdftex.def)             Requested size: 385.50183pt x 296.47348pt.
<images/Algebraic_Chemistry__demos__output__character_tables.png, id=14621, 114
9.093pt x 853.2678pt>
File: images/Algebraic_Chemistry__demos__output__character_tables.png Graphic f
ile (type png)
<use images/Algebraic_Chemistry__demos__output__character_tables.png>
Package pdftex.def Info: images/Algebraic_Chemistry__demos__output__character_t
ables.png  used on input line 5370.
(pdftex.def)             Requested size: 385.50183pt x 286.25336pt.
<images/Algebraic_Chemistry__demos__output__commutative_diagrams.png, id=14622,
 1293.633pt x 428.3202pt>
File: images/Algebraic_Chemistry__demos__output__commutative_diagrams.png Graph
ic file (type png)
<use images/Algebraic_Chemistry__demos__output__commutative_diagrams.png>
Package pdftex.def Info: images/Algebraic_Chemistry__demos__output__commutative
_diagrams.png  used on input line 5378.
(pdftex.def)             Requested size: 385.50183pt x 127.63434pt.
<images/Algebraic_Chemistry__demos__output__compatibility_class.png, id=14623, 
723.1818pt x 349.305pt>
File: images/Algebraic_Chemistry__demos__output__compatibility_class.png Graphi
c file (type png)
<use images/Algebraic_Chemistry__demos__output__compatibility_class.png>
Package pdftex.def Info: images/Algebraic_Chemistry__demos__output__compatibili
ty_class.png  used on input line 5386.
(pdftex.def)             Requested size: 385.50183pt x 186.20741pt.
<images/Algebraic_Chemistry__demos__output__deficiency_analysis.png, id=14624, 
916.8654pt x 711.6186pt>
File: images/Algebraic_Chemistry__demos__output__deficiency_analysis.png Graphi
c file (type png)
<use images/Algebraic_Chemistry__demos__output__deficiency_analysis.png>
Package pdftex.def Info: images/Algebraic_Chemistry__demos__output__deficiency_
analysis.png  used on input line 5394.
(pdftex.def)             Requested size: 385.50183pt x 299.20352pt.
<images/Algebraic_Chemistry__demos__output__grand_synthesis.png, id=14625, 1149
.093pt x 859.5312pt>
File: images/Algebraic_Chemistry__demos__output__grand_synthesis.png Graphic fi
le (type png)
<use images/Algebraic_Chemistry__demos__output__grand_synthesis.png>
Package pdftex.def Info: images/Algebraic_Chemistry__demos__output__grand_synth
esis.png  used on input line 5402.
(pdftex.def)             Requested size: 385.50183pt x 288.35458pt.


[162

 <./images/Algebraic_Chemistry__demos__output__categorical_chemistry.png>]

[163 <./images/Algebraic_Chemistry__demos__output__character_tables.png> <./ima
ges/Algebraic_Chemistry__demos__output__commutative_diagrams.png> <./images/Alg
ebraic_Chemistry__demos__output__compatibility_class.png>]

[164 <./images/Algebraic_Chemistry__demos__output__deficiency_analysis.png> <./
images/Algebraic_Chemistry__demos__output__grand_synthesis.png>]

[165]

[166]

[167]

[168]

[169]

[170]

[171]

[172]
Overfull \hbox (7.54726pt too wide) in paragraph at lines 5888--5889
[]\T1/lmr/m/n/10 [8] G. Craciun, "Toric dif-fer-en-tial in-clu-sions and a proo
f of the Global At-trac-tor Con-jec-ture," \T1/lmr/m/it/10 arXiv:1501.02860\T1/
lmr/m/n/10 ,
 []


Underfull \vbox (badness 4229) has occurred while \output is active []



[173]

[174]

[175]

[176]

[177]

[178

]

[179]
Chapter 9.
<images/Algebraic_Space_Theory__demos__01_points_from_algebra.png, id=14737, 10
04.553pt x 575.2692pt>
File: images/Algebraic_Space_Theory__demos__01_points_from_algebra.png Graphic 
file (type png)
<use images/Algebraic_Space_Theory__demos__01_points_from_algebra.png>
Package pdftex.def Info: images/Algebraic_Space_Theory__demos__01_points_from_a
lgebra.png  used on input line 6089.
(pdftex.def)             Requested size: 385.50183pt x 220.76392pt.
<images/Algebraic_Space_Theory__demos__01b_spec_plane.png, id=14738, 611.4042pt
 x 619.5948pt>
File: images/Algebraic_Space_Theory__demos__01b_spec_plane.png Graphic file (ty
pe png)
<use images/Algebraic_Space_Theory__demos__01b_spec_plane.png>
Package pdftex.def Info: images/Algebraic_Space_Theory__demos__01b_spec_plane.p
ng  used on input line 6097.
(pdftex.def)             Requested size: 385.50183pt x 390.67769pt.
<images/Algebraic_Space_Theory__demos__01c_spec_integers.png, id=14739, 798.342
6pt x 366.6498pt>
File: images/Algebraic_Space_Theory__demos__01c_spec_integers.png Graphic file 
(type png)
<use images/Algebraic_Space_Theory__demos__01c_spec_integers.png>
Package pdftex.def Info: images/Algebraic_Space_Theory__demos__01c_spec_integer
s.png  used on input line 6105.
(pdftex.def)             Requested size: 385.50183pt x 177.05287pt.
<images/Algebraic_Space_Theory__demos__02_galois_connection.png, id=14740, 1129
.3392pt x 711.6186pt>
File: images/Algebraic_Space_Theory__demos__02_galois_connection.png Graphic fi
le (type png)
<use images/Algebraic_Space_Theory__demos__02_galois_connection.png>
Package pdftex.def Info: images/Algebraic_Space_Theory__demos__02_galois_connec
tion.png  used on input line 6113.
(pdftex.def)             Requested size: 385.50183pt x 242.91351pt.
<images/Algebraic_Space_Theory__demos__02_zariski_vs_euclidean.png, id=14741, 9
84.3174pt x 498.663pt>
File: images/Algebraic_Space_Theory__demos__02_zariski_vs_euclidean.png Graphic
 file (type png)
<use images/Algebraic_Space_Theory__demos__02_zariski_vs_euclidean.png>
Package pdftex.def Info: images/Algebraic_Space_Theory__demos__02_zariski_vs_eu
clidean.png  used on input line 6121.
(pdftex.def)             Requested size: 385.50183pt x 195.29195pt.
<images/Algebraic_Space_Theory__demos__03_dimension_ladder.png, id=14742, 1438.
173pt x 593.0958pt>
File: images/Algebraic_Space_Theory__demos__03_dimension_ladder.png Graphic fil
e (type png)
<use images/Algebraic_Space_Theory__demos__03_dimension_ladder.png>
Package pdftex.def Info: images/Algebraic_Space_Theory__demos__03_dimension_lad
der.png  used on input line 6129.
(pdftex.def)             Requested size: 385.50183pt x 158.97961pt.


[180

 <./images/Algebraic_Space_Theory__demos__01_points_from_algebra.png>]

[181 <./images/Algebraic_Space_Theory__demos__01b_spec_plane.png> <./images/Alg
ebraic_Space_Theory__demos__01c_spec_integers.png>]

[182 <./images/Algebraic_Space_Theory__demos__02_galois_connection.png> <./imag
es/Algebraic_Space_Theory__demos__02_zariski_vs_euclidean.png> <./images/Algebr
aic_Space_Theory__demos__03_dimension_ladder.png>]

[183]

[184]

[185]

[186]

[187]
Overfull \hbox (87.9256pt too wide) in paragraph at lines 6529--6530
[]\T1/lmr/m/n/10 The Math-lib Com-mu-nity. \T1/lmr/m/it/10 Math-lib: The Lean M
ath-e-mat-i-cal Li-brary\T1/lmr/m/n/10 . https://leanprover-community.github.io
/mathlib4_docs/ 
 []


Underfull \vbox (badness 1062) has occurred while \output is active []



[188]

[189]

[190]

[191]
Overfull \hbox (84.66632pt too wide) in paragraph at lines 6782--6784
[]\T1/lmr/m/n/10 The Math-lib Com-mu-nity, \T1/lmr/m/it/10 Math-lib: The Lean M
ath-e-mat-i-cal Li-brary\T1/lmr/m/n/10 , https://leanprover-community.github.io
/mathlib4_docs/ 
 []



[192]
Chapter 10.
<images/Algebraic_Theory_Of_Algebra__demos__free_algebra_growth.png, id=14833, 
1002.6258pt x 443.7378pt>
File: images/Algebraic_Theory_Of_Algebra__demos__free_algebra_growth.png Graphi
c file (type png)
<use images/Algebraic_Theory_Of_Algebra__demos__free_algebra_growth.png>
Package pdftex.def Info: images/Algebraic_Theory_Of_Algebra__demos__free_algebr
a_growth.png  used on input line 6800.
(pdftex.def)             Requested size: 385.50183pt x 170.61275pt.
<images/Algebraic_Theory_Of_Algebra__demos__monad_algebra.png, id=14834, 1147.6
476pt x 517.4532pt>
File: images/Algebraic_Theory_Of_Algebra__demos__monad_algebra.png Graphic file
 (type png)
<use images/Algebraic_Theory_Of_Algebra__demos__monad_algebra.png>
Package pdftex.def Info: images/Algebraic_Theory_Of_Algebra__demos__monad_algeb
ra.png  used on input line 6808.
(pdftex.def)             Requested size: 385.50183pt x 173.8157pt.
<images/Algebraic_Theory_Of_Algebra__demos__self_reference.png, id=14835, 842.1
864pt x 856.1586pt>
File: images/Algebraic_Theory_Of_Algebra__demos__self_reference.png Graphic fil
e (type png)
<use images/Algebraic_Theory_Of_Algebra__demos__self_reference.png>
Package pdftex.def Info: images/Algebraic_Theory_Of_Algebra__demos__self_refere
nce.png  used on input line 6816.
(pdftex.def)             Requested size: 385.50183pt x 391.90428pt.
<images/Algebraic_Theory_Of_Algebra__demos__term_tree.png, id=14836, 860.013pt 
x 569.9694pt>
File: images/Algebraic_Theory_Of_Algebra__demos__term_tree.png Graphic file (ty
pe png)
<use images/Algebraic_Theory_Of_Algebra__demos__term_tree.png>
Package pdftex.def Info: images/Algebraic_Theory_Of_Algebra__demos__term_tree.p
ng  used on input line 6824.
(pdftex.def)             Requested size: 385.50183pt x 255.4924pt.
<images/Algebraic_Theory_Of_Algebra__demos__variety_lattice.png, id=14837, 1149
.093pt x 767.0256pt>
File: images/Algebraic_Theory_Of_Algebra__demos__variety_lattice.png Graphic fi
le (type png)
<use images/Algebraic_Theory_Of_Algebra__demos__variety_lattice.png>
Package pdftex.def Info: images/Algebraic_Theory_Of_Algebra__demos__variety_lat
tice.png  used on input line 6832.
(pdftex.def)             Requested size: 385.50183pt x 257.3209pt.


[193

 <./images/Algebraic_Theory_Of_Algebra__demos__free_algebra_growth.png> <./imag
es/Algebraic_Theory_Of_Algebra__demos__monad_algebra.png>]

[194 <./images/Algebraic_Theory_Of_Algebra__demos__self_reference.png> <./image
s/Algebraic_Theory_Of_Algebra__demos__term_tree.png>]

[195 <./images/Algebraic_Theory_Of_Algebra__demos__variety_lattice.png>]

[196]

[197]

[198]
Overfull \hbox (118.56732pt too wide) in paragraph at lines 7133--7135
[]\T1/lmr/m/n/10 The Lean for-mal-iza-tion is avail-able in the ac-com-pa-ny-in
g file \T1/lmtt/m/n/10 Algebra/AlgebraicTheoryOfAlgebra/AlgebraicTheoryOfAlgebr
a.lean\T1/lmr/m/n/10 . 
 []



[199]

[200]

[201]

[202]

[203]
Chapter 11.
<images/Algebraic_Reality__figures__01_hierarchy.png, id=14924, 1065.7416pt x 7
15.473pt>
File: images/Algebraic_Reality__figures__01_hierarchy.png Graphic file (type pn
g)
<use images/Algebraic_Reality__figures__01_hierarchy.png>
Package pdftex.def Info: images/Algebraic_Reality__figures__01_hierarchy.png  u
sed on input line 7479.
(pdftex.def)             Requested size: 385.50183pt x 258.80373pt.
<images/Algebraic_Reality__figures__02_hopf_fibrations.png, id=14925, 1286.406p
t x 1001.6622pt>
File: images/Algebraic_Reality__figures__02_hopf_fibrations.png Graphic file (t
ype png)
<use images/Algebraic_Reality__figures__02_hopf_fibrations.png>
Package pdftex.def Info: images/Algebraic_Reality__figures__02_hopf_fibrations.
png  used on input line 7487.
(pdftex.def)             Requested size: 385.50183pt x 300.16473pt.
<images/Algebraic_Reality__figures__03_magic_square.png, id=14926, 1342.2948pt 
x 715.473pt>
File: images/Algebraic_Reality__figures__03_magic_square.png Graphic file (type
 png)
<use images/Algebraic_Reality__figures__03_magic_square.png>
Package pdftex.def Info: images/Algebraic_Reality__figures__03_magic_square.png
  used on input line 7495.
(pdftex.def)             Requested size: 385.50183pt x 205.47308pt.
<images/Algebraic_Reality__figures__04_quaternion_rotations.png, id=14927, 1293
.1512pt x 1000.6986pt>
File: images/Algebraic_Reality__figures__04_quaternion_rotations.png Graphic fi
le (type png)
<use images/Algebraic_Reality__figures__04_quaternion_rotations.png>
Package pdftex.def Info: images/Algebraic_Reality__figures__04_quaternion_rotat
ions.png  used on input line 7503.
(pdftex.def)             Requested size: 385.50183pt x 298.31848pt.
<images/Algebraic_Reality__figures__05_octonion_physics.png, id=14928, 1293.633
pt x 1014.189pt>
File: images/Algebraic_Reality__figures__05_octonion_physics.png Graphic file (
type png)
<use images/Algebraic_Reality__figures__05_octonion_physics.png>
Package pdftex.def Info: images/Algebraic_Reality__figures__05_octonion_physics
.png  used on input line 7511.
(pdftex.def)             Requested size: 385.50183pt x 302.21631pt.
<images/Algebraic_Reality__figures__06_sedenion_boundary.png, id=14929, 1293.15
12pt x 1000.6986pt>
File: images/Algebraic_Reality__figures__06_sedenion_boundary.png Graphic file 
(type png)
<use images/Algebraic_Reality__figures__06_sedenion_boundary.png>
Package pdftex.def Info: images/Algebraic_Reality__figures__06_sedenion_boundar
y.png  used on input line 7519.
(pdftex.def)             Requested size: 385.50183pt x 298.31848pt.


[204

 <./images/Algebraic_Reality__figures__01_hierarchy.png>]

[205 <./images/Algebraic_Reality__figures__02_hopf_fibrations.png> <./images/Al
gebraic_Reality__figures__03_magic_square.png>]

[206 <./images/Algebraic_Reality__figures__04_quaternion_rotations.png> <./imag
es/Algebraic_Reality__figures__05_octonion_physics.png>]

[207 <./images/Algebraic_Reality__figures__06_sedenion_boundary.png>]
Chapter 12.


[208

]

[209]

[210]

[211]

[212]

[213]

[214]

[215]

[216]
Overfull \hbox (33.37341pt too wide) in paragraph at lines 8018--8029
 [] 
 []



[217]

[218]

[219

]

[220]
Chapter 13.
<images/Theory_of_Everything__demos__fig10_grand_unified.png, id=15042, 1148.73
164pt x 860.013pt>
File: images/Theory_of_Everything__demos__fig10_grand_unified.png Graphic file 
(type png)
<use images/Theory_of_Everything__demos__fig10_grand_unified.png>
Package pdftex.def Info: images/Theory_of_Everything__demos__fig10_grand_unifie
d.png  used on input line 8067.
(pdftex.def)             Requested size: 385.50183pt x 288.60808pt.
<images/Theory_of_Everything__demos__fig1_magic_square.png, id=15043, 646.45515
pt x 723.78406pt>
File: images/Theory_of_Everything__demos__fig1_magic_square.png Graphic file (t
ype png)
<use images/Theory_of_Everything__demos__fig1_magic_square.png>
Package pdftex.def Info: images/Theory_of_Everything__demos__fig1_magic_square.
png  used on input line 8075.
(pdftex.def)             Requested size: 385.50183pt x 431.62321pt.
<images/Theory_of_Everything__demos__fig2_dimension_growth.png, id=15044, 989.3
763pt x 427.47705pt>
File: images/Theory_of_Everything__demos__fig2_dimension_growth.png Graphic fil
e (type png)
<use images/Theory_of_Everything__demos__fig2_dimension_growth.png>
Package pdftex.def Info: images/Theory_of_Everything__demos__fig2_dimension_gro
wth.png  used on input line 8083.
(pdftex.def)             Requested size: 385.50183pt x 166.56535pt.
<images/Theory_of_Everything__demos__fig3_cayley_dickson.png, id=15045, 1148.73
164pt x 642.84164pt>
File: images/Theory_of_Everything__demos__fig3_cayley_dickson.png Graphic file 
(type png)
<use images/Theory_of_Everything__demos__fig3_cayley_dickson.png>
Package pdftex.def Info: images/Theory_of_Everything__demos__fig3_cayley_dickso
n.png  used on input line 8091.
(pdftex.def)             Requested size: 385.50183pt x 215.72847pt.
<images/Theory_of_Everything__demos__fig4_octonion_multiplication.png, id=15046
, 999.85545pt x 514.92375pt>
File: images/Theory_of_Everything__demos__fig4_octonion_multiplication.png Grap
hic file (type png)
<use images/Theory_of_Everything__demos__fig4_octonion_multiplication.png>
Package pdftex.def Info: images/Theory_of_Everything__demos__fig4_octonion_mult
iplication.png  used on input line 8099.
(pdftex.def)             Requested size: 385.50183pt x 198.53304pt.
<images/Theory_of_Everything__demos__fig5_e8_projection.png, id=15047, 859.6516
6pt x 823.51665pt>
File: images/Theory_of_Everything__demos__fig5_e8_projection.png Graphic file (
type png)
<use images/Theory_of_Everything__demos__fig5_e8_projection.png>
Package pdftex.def Info: images/Theory_of_Everything__demos__fig5_e8_projection
.png  used on input line 8107.
(pdftex.def)             Requested size: 385.50183pt x 369.29735pt.


[221

 <./images/Theory_of_Everything__demos__fig10_grand_unified.png>]

[222 <./images/Theory_of_Everything__demos__fig1_magic_square.png> <./images/Th
eory_of_Everything__demos__fig2_dimension_growth.png>]

[223 <./images/Theory_of_Everything__demos__fig3_cayley_dickson.png> <./images/
Theory_of_Everything__demos__fig4_octonion_multiplication.png>]

[224 <./images/Theory_of_Everything__demos__fig5_e8_projection.png>]

[225]

[226]

[227]

Package hyperref Warning: Token not allowed in a PDF string (Unicode):
(hyperref)                removing `\mathsurround' on input line 8320.


Package hyperref Warning: Token not allowed in a PDF string (Unicode):
(hyperref)                removing `\z@' on input line 8320.


Package hyperref Warning: Token not allowed in a PDF string (Unicode):
(hyperref)                removing `subscript' on input line 8320.


Package hyperref Warning: Token not allowed in a PDF string (Unicode):
(hyperref)                removing `\mathsurround' on input line 8330.


Package hyperref Warning: Token not allowed in a PDF string (Unicode):
(hyperref)                removing `\z@' on input line 8330.


Package hyperref Warning: Token not allowed in a PDF string (Unicode):
(hyperref)                removing `subscript' on input line 8330.


Package hyperref Warning: Token not allowed in a PDF string (Unicode):
(hyperref)                removing `\mathsurround' on input line 8336.


Package hyperref Warning: Token not allowed in a PDF string (Unicode):
(hyperref)                removing `\z@' on input line 8336.


Package hyperref Warning: Token not allowed in a PDF string (Unicode):
(hyperref)                removing `subscript' on input line 8336.


Package hyperref Warning: Token not allowed in a PDF string (Unicode):
(hyperref)                removing `\mathsurround' on input line 8348.


Package hyperref Warning: Token not allowed in a PDF string (Unicode):
(hyperref)                removing `\z@' on input line 8348.


Package hyperref Warning: Token not allowed in a PDF string (Unicode):
(hyperref)                removing `subscript' on input line 8348.


Package hyperref Warning: Token not allowed in a PDF string (Unicode):
(hyperref)                removing `\mathsurround' on input line 8354.


Package hyperref Warning: Token not allowed in a PDF string (Unicode):
(hyperref)                removing `\z@' on input line 8354.


Package hyperref Warning: Token not allowed in a PDF string (Unicode):
(hyperref)                removing `subscript' on input line 8354.



[228]

[229]

[230]

[231]

Package hyperref Warning: Token not allowed in a PDF string (Unicode):
(hyperref)                removing `\mathsurround' on input line 8601.


Package hyperref Warning: Token not allowed in a PDF string (Unicode):
(hyperref)                removing `\z@' on input line 8601.


Package hyperref Warning: Token not allowed in a PDF string (Unicode):
(hyperref)                removing `subscript' on input line 8601.



[232]

[233]

[234]

[235]

[236]
Chapter 14.
<images/Convergences__demos__fig10_gap_laplacian.png, id=15152, 952.0368pt x 92
6.5014pt>
File: images/Convergences__demos__fig10_gap_laplacian.png Graphic file (type pn
g)
<use images/Convergences__demos__fig10_gap_laplacian.png>
Package pdftex.def Info: images/Convergences__demos__fig10_gap_laplacian.png  u
sed on input line 8789.
(pdftex.def)             Requested size: 385.50183pt x 375.16032pt.
<images/Convergences__demos__fig1_oracle_phase_transition.png, id=15153, 956.85
48pt x 929.3922pt>
File: images/Convergences__demos__fig1_oracle_phase_transition.png Graphic file
 (type png)
<use images/Convergences__demos__fig1_oracle_phase_transition.png>
Package pdftex.def Info: images/Convergences__demos__fig1_oracle_phase_transiti
on.png  used on input line 8797.
(pdftex.def)             Requested size: 385.50183pt x 374.43057pt.
<images/Convergences__demos__fig2_oracle_realizations.png, id=15154, 1077.3048p
t x 364.2408pt>
File: images/Convergences__demos__fig2_oracle_realizations.png Graphic file (ty
pe png)
<use images/Convergences__demos__fig2_oracle_realizations.png>
Package pdftex.def Info: images/Convergences__demos__fig2_oracle_realizations.p
ng  used on input line 8805.
(pdftex.def)             Requested size: 385.50183pt x 130.33737pt.
<images/Convergences__demos__fig3_berggren_quantum_codes.png, id=15155, 951.073
2pt x 926.5014pt>
File: images/Convergences__demos__fig3_berggren_quantum_codes.png Graphic file 
(type png)
<use images/Convergences__demos__fig3_berggren_quantum_codes.png>
Package pdftex.def Info: images/Convergences__demos__fig3_berggren_quantum_code
s.png  used on input line 8813.
(pdftex.def)             Requested size: 385.50183pt x 375.54204pt.
<images/Convergences__demos__fig4_berggren_tree.png, id=15156, 1004.553pt x 569
.9694pt>
File: images/Convergences__demos__fig4_berggren_tree.png Graphic file (type png
)
<use images/Convergences__demos__fig4_berggren_tree.png>
Package pdftex.def Info: images/Convergences__demos__fig4_berggren_tree.png  us
ed on input line 8821.
(pdftex.def)             Requested size: 385.50183pt x 218.73009pt.
<images/Convergences__demos__fig5_goodhart_repulsor.png, id=15157, 949.146pt x 
926.5014pt>
File: images/Convergences__demos__fig5_goodhart_repulsor.png Graphic file (type
 png)
<use images/Convergences__demos__fig5_goodhart_repulsor.png>
Package pdftex.def Info: images/Convergences__demos__fig5_goodhart_repulsor.png
  used on input line 8829.
(pdftex.def)             Requested size: 385.50183pt x 376.30545pt.


[237

 <./images/Convergences__demos__fig10_gap_laplacian.png>]

[238 <./images/Convergences__demos__fig1_oracle_phase_transition.png> <./images
/Convergences__demos__fig2_oracle_realizations.png>]

[239 <./images/Convergences__demos__fig3_berggren_quantum_codes.png> <./images/
Convergences__demos__fig4_berggren_tree.png>]

[240 <./images/Convergences__demos__fig5_goodhart_repulsor.png>]

[241]

[242]

[243]

[244]
Overfull \hbox (5.11046pt too wide) in paragraph at lines 9078--9087
 [] 
 []



[245]

[246]

[247]
Overfull \hbox (3.2628pt too wide) in paragraph at lines 9232--9232
|[]\T1/lmr/bx/n/14.4 A com-puter ver-i-fied 7,355 the-o-rems and dis-cov-ered t
hat truth,
 []



[248]

[249]

[250]

[251]
Chapter 15.


[252

]
! Missing $ inserted.
<inserted text> 
                $
l.9442 ... to \$500$. The number of primes in $[n^
                                                  2, (n+1)^2]$ is at least 2...
I've inserted a begin-math/end-math symbol since I think
you left one out. Proceed, with fingers crossed.



[253]
! Missing $ inserted.
<inserted text> 
                $
l.9478   \item Medium spacings (\$0.5 \leq
                                           s < 1.5$): 79.0\% (GUE predicts ~...
I've inserted a begin-math/end-math symbol since I think
you left one out. Proceed, with fingers crossed.



[254]
! Missing $ inserted.
<inserted text> 
                $
l.9551 
       
I've inserted a begin-math/end-math symbol since I think
you left one out. Proceed, with fingers crossed.


Overfull \hbox (73.94041pt too wide) in paragraph at lines 9554--9555
[]\T1/lmr/bx/n/10 Euler-Mascheroni. \T1/lmr/m/n/10 The con-tin-ued frac-tion ex
-pan-sion of $\OML/lmm/m/it/10 ^^M \OMS/lmsy/m/n/10 ^^Y \OT1/lmr/m/n/10 0\OML/l
mm/m/it/10 :\OT1/lmr/m/n/10 5772$ \T1/lmr/m/n/10 shows ir-reg-u-lar co-ef-fi-ci
ents: $\OT1/lmr/m/n/10 [0; 1\OML/lmm/m/it/10 ; \OT1/lmr/m/n/10 1\OML/lmm/m/it/1
0 ; \OT1/lmr/m/n/10 2\OML/lmm/m/it/10 ; \OT1/lmr/m/n/10 1\OML/lmm/m/it/10 ; \OT
1/lmr/m/n/10 2\OML/lmm/m/it/10 ; \OT1/lmr/m/n/10 1\OML/lmm/m/it/10 ; \OT1/lmr/m
/n/10 4\OML/lmm/m/it/10 ; \OT1/lmr/m/n/10 3\OML/lmm/m/it/10 ; \OT1/lmr/m/n/10 1
3\OML/lmm/m/it/10 ; []\OT1/lmr/m/n/10 ]$\T1/lmr/m/n/10 .
 []



[255]
! Missing $ inserted.
<inserted text> 
                $
l.9580   \item Brocard solutions: \$4! + 1 = 5^
                                               2$, \$5! + 1 = 11^2$, \$7! + ...
I've inserted a begin-math/end-math symbol since I think
you left one out. Proceed, with fingers crossed.

! Missing $ inserted.
<inserted text> 
                $
l.9580 ...lutions: \$4! + 1 = 5^2$, \$5! + 1 = 11^
                                                  2$, \$7! + 1 = 71^2$
I've inserted a begin-math/end-math symbol since I think
you left one out. Proceed, with fingers crossed.

! Missing $ inserted.
<inserted text> 
                $
l.9580 ...= 5^2$, \$5! + 1 = 11^2$, \$7! + 1 = 71^
                                                  2$
I've inserted a begin-math/end-math symbol since I think
you left one out. Proceed, with fingers crossed.



[256]
! Missing $ inserted.
<inserted text> 
                $
l.9681 ...ecompositions of \$4/n$ grows as $\Omega
                                                  (\log^2 n)$, with the grow...
I've inserted a begin-math/end-math symbol since I think
you left one out. Proceed, with fingers crossed.



[257]

[258]

[259]
! Missing $ inserted.
<inserted text> 
                $
l.9818 
       
I've inserted a begin-math/end-math symbol since I think
you left one out. Proceed, with fingers crossed.

! Missing $ inserted.
<inserted text> 
                $
l.9821 ...re of $n$. Numbers that are \$1 \pmod{4}
                                                  $ tend to have fewer decom...
I've inserted a begin-math/end-math symbol since I think
you left one out. Proceed, with fingers crossed.



[260]
! Missing $ inserted.
<inserted text> 
                $
l.9824 
       
I've inserted a begin-math/end-math symbol since I think
you left one out. Proceed, with fingers crossed.

! Missing $ inserted.
<inserted text> 
                $
l.9830 
       
I've inserted a begin-math/end-math symbol since I think
you left one out. Proceed, with fingers crossed.

! Missing $ inserted.
<inserted text> 
                $
l.9844 ...e known Brocard solutions (\$4! + 1 = 5^
                                                  2$, \$5! + 1 = 11^2$, \$7!...
I've inserted a begin-math/end-math symbol since I think
you left one out. Proceed, with fingers crossed.

! Missing $ inserted.
<inserted text> 
                $
l.9844 ...lutions (\$4! + 1 = 5^2$, \$5! + 1 = 11^
                                                  2$, \$7! + 1 = 71^2$)
I've inserted a begin-math/end-math symbol since I think
you left one out. Proceed, with fingers crossed.

! Missing $ inserted.
<inserted text> 
                $
l.9844 ...= 5^2$, \$5! + 1 = 11^2$, \$7! + 1 = 71^
                                                  2$)
I've inserted a begin-math/end-math symbol since I think
you left one out. Proceed, with fingers crossed.


! LaTeX Error: Command \end{enumerate} invalid in math mode.

See the LaTeX manual or LaTeX Companion for explanation.
Type  H <return>  for immediate help.
 ...                                              
                                                  
l.9876 \end{enumerate}
                      
Try typing  <return>  to proceed.
If that doesn't work, type  X <return>  to quit.

! Missing $ inserted.
<inserted text> 
                $
l.9876 \end{enumerate}
                      
I've inserted a begin-math/end-math symbol since I think
you left one out. Proceed, with fingers crossed.


Overfull \hbox (184.18707pt too wide) in paragraph at lines 9875--9876
[]\T1/lmr/bx/n/10 Erd®s-Straus Den-sity Growth: \T1/lmr/m/n/10 The num-ber of E
gyp-tian frac-tion de-com-po-si-tions of $4/n$\OML/lmm/m/it/10 growslogarithmic
ally; governedbythefactorizationof$\T1/lmr/m/n/10 n$\OML/lmm/m/it/10 :
 []


Underfull \hbox (badness 10000) in paragraph at lines 9875--9876

 []



[261]

[262]

[263

]

[264]
Chapter 16.
<images/Oracle_Unified_Theory__demos__fig1_light_cone_oracle.png, id=15337, 109
1.277pt x 493.845pt>
File: images/Oracle_Unified_Theory__demos__fig1_light_cone_oracle.png Graphic f
ile (type png)
<use images/Oracle_Unified_Theory__demos__fig1_light_cone_oracle.png>
Package pdftex.def Info: images/Oracle_Unified_Theory__demos__fig1_light_cone_o
racle.png  used on input line 9929.
(pdftex.def)             Requested size: 385.50183pt x 174.45338pt.
<images/Oracle_Unified_Theory__demos__fig2_berggren_tree.png, id=15338, 1004.55
3pt x 467.346pt>
File: images/Oracle_Unified_Theory__demos__fig2_berggren_tree.png Graphic file 
(type png)
<use images/Oracle_Unified_Theory__demos__fig2_berggren_tree.png>
Package pdftex.def Info: images/Oracle_Unified_Theory__demos__fig2_berggren_tre
e.png  used on input line 9937.
(pdftex.def)             Requested size: 385.50183pt x 179.34756pt.
<images/Oracle_Unified_Theory__demos__fig3_tropical_relu.png, id=15339, 947.700
6pt x 744.381pt>
File: images/Oracle_Unified_Theory__demos__fig3_tropical_relu.png Graphic file 
(type png)
<use images/Oracle_Unified_Theory__demos__fig3_tropical_relu.png>
Package pdftex.def Info: images/Oracle_Unified_Theory__demos__fig3_tropical_rel
u.png  used on input line 9945.
(pdftex.def)             Requested size: 385.50183pt x 302.79022pt.
<images/Oracle_Unified_Theory__demos__fig4_tropical_gcd.png, id=15340, 874.467p
t x 370.0224pt>
File: images/Oracle_Unified_Theory__demos__fig4_tropical_gcd.png Graphic file (
type png)
<use images/Oracle_Unified_Theory__demos__fig4_tropical_gcd.png>
Package pdftex.def Info: images/Oracle_Unified_Theory__demos__fig4_tropical_gcd
.png  used on input line 9953.
(pdftex.def)             Requested size: 385.50183pt x 163.12088pt.
<images/Oracle_Unified_Theory__demos__fig5_gap_matter.png, id=15341, 961.6728pt
 x 862.422pt>
File: images/Oracle_Unified_Theory__demos__fig5_gap_matter.png Graphic file (ty
pe png)
<use images/Oracle_Unified_Theory__demos__fig5_gap_matter.png>
Package pdftex.def Info: images/Oracle_Unified_Theory__demos__fig5_gap_matter.p
ng  used on input line 9961.
(pdftex.def)             Requested size: 385.50183pt x 345.71277pt.
<images/Oracle_Unified_Theory__demos__fig6_spectral_collapse.png, id=15342, 967
.9362pt x 854.2314pt>
File: images/Oracle_Unified_Theory__demos__fig6_spectral_collapse.png Graphic f
ile (type png)
<use images/Oracle_Unified_Theory__demos__fig6_spectral_collapse.png>
Package pdftex.def Info: images/Oracle_Unified_Theory__demos__fig6_spectral_col
lapse.png  used on input line 9969.
(pdftex.def)             Requested size: 385.50183pt x 340.21361pt.

Overfull \hbox (14.50255pt too wide) in paragraph at lines 9979--9979
|[]\T1/lmr/bx/n/14.4 Machine-Verified Math-e-mat-ics Con-nect-ing Light, Al-ge-
bra, Com-
 []



[265

 <./images/Oracle_Unified_Theory__demos__fig1_light_cone_oracle.png> <./images/
Oracle_Unified_Theory__demos__fig2_berggren_tree.png>]

[266 <./images/Oracle_Unified_Theory__demos__fig3_tropical_relu.png> <./images/
Oracle_Unified_Theory__demos__fig4_tropical_gcd.png>]

[267 <./images/Oracle_Unified_Theory__demos__fig5_gap_matter.png>]

[268 <./images/Oracle_Unified_Theory__demos__fig6_spectral_collapse.png>]

[269]

[270]

[271]

[272]
Overfull \hbox (64.12296pt too wide) in paragraph at lines 10269--10269
[]\T1/lmtt/m/n/10 def minkQ (v : \mathbb{R} \times \mathbb{R} \times \mathbb{R}
) : \mathbb{R} := v.1^2 + v.2.1^2 - v.2.2^2[] 
 []


Overfull \hbox (53.62299pt too wide) in paragraph at lines 10269--10269
[]\T1/lmtt/m/n/10 def diagonal_evader (enum : \mathbb{N} \to (\mathbb{N} \to \m
athbb{N})) : \mathbb{N} \to \mathbb{N} :=[] 
 []


Package hyperref Warning: Token not allowed in a PDF string (Unicode):
(hyperref)                removing `\mathsurround' on input line 10276.


Package hyperref Warning: Token not allowed in a PDF string (Unicode):
(hyperref)                removing `\z@' on input line 10276.


Package hyperref Warning: Token not allowed in a PDF string (Unicode):
(hyperref)                removing `superscript' on input line 10276.



[273]

[274]

[275]

[276]

[277]
Chapter 17.


[278

]
Overfull \hbox (67.24045pt too wide) in paragraph at lines 10543--10546
\T1/lmr/m/n/10 cases, the mea-sured con-ver-gence rate matched the pre-dicted r
ate to within 10$[]$$[]$. (See \T1/lmtt/m/n/10 demos/convergence_visualization.
py\T1/lmr/m/n/10 .) 
 []



[279]

[280]
LaTeX Font Info:    Font shape `T1/lmtt/bx/n' in size <10> not available
(Font)              Font shape `T1/lmtt/b/n' tried instead on input line 10720.



[281]
Overfull \hbox (5.84787pt too wide) in paragraph at lines 10794--10796
[]\T1/lmr/m/n/10 *The code and proofs ac-com-pa-ny-ing this ar-ti-cle are avail
-able in the project repos-i-tory un-der \T1/lmtt/m/n/10 core/HolyGrail/
 []



[282]
Chapter 18.
<images/Oracle__Omega_Meta_Oracle__demos__hypotheses_experiments.png, id=15455,
 1190.046pt x 932.283pt>
File: images/Oracle__Omega_Meta_Oracle__demos__hypotheses_experiments.png Graph
ic file (type png)
<use images/Oracle__Omega_Meta_Oracle__demos__hypotheses_experiments.png>
Package pdftex.def Info: images/Oracle__Omega_Meta_Oracle__demos__hypotheses_ex
periments.png  used on input line 10811.
(pdftex.def)             Requested size: 385.50183pt x 301.9926pt.
<images/Oracle__Omega_Meta_Oracle__demos__lift_solve_project.png, id=15456, 118
0.8918pt x 826.7688pt>
File: images/Oracle__Omega_Meta_Oracle__demos__lift_solve_project.png Graphic f
ile (type png)
<use images/Oracle__Omega_Meta_Oracle__demos__lift_solve_project.png>
Package pdftex.def Info: images/Oracle__Omega_Meta_Oracle__demos__lift_solve_pr
oject.png  used on input line 10819.
(pdftex.def)             Requested size: 385.50183pt x 269.89514pt.
<images/Oracle__Omega_Meta_Oracle__demos__meta_oracle_convergence.png, id=15457
, 1102.8402pt x 803.1606pt>
File: images/Oracle__Omega_Meta_Oracle__demos__meta_oracle_convergence.png Grap
hic file (type png)
<use images/Oracle__Omega_Meta_Oracle__demos__meta_oracle_convergence.png>
Package pdftex.def Info: images/Oracle__Omega_Meta_Oracle__demos__meta_oracle_c
onvergence.png  used on input line 10827.
(pdftex.def)             Requested size: 385.50183pt x 280.74275pt.
<images/Oracle__Omega_Meta_Oracle__demos__quantum_gates_sphere.png, id=15458, 1
293.633pt x 861.9402pt>
File: images/Oracle__Omega_Meta_Oracle__demos__quantum_gates_sphere.png Graphic
 file (type png)
<use images/Oracle__Omega_Meta_Oracle__demos__quantum_gates_sphere.png>
Package pdftex.def Info: images/Oracle__Omega_Meta_Oracle__demos__quantum_gates
_sphere.png  used on input line 10835.
(pdftex.def)             Requested size: 385.50183pt x 256.84798pt.
<images/Oracle__Omega_Meta_Oracle__demos__stereographic_omega_point.png, id=154
59, 1266.6522pt x 427.3566pt>
File: images/Oracle__Omega_Meta_Oracle__demos__stereographic_omega_point.png Gr
aphic file (type png)
<use images/Oracle__Omega_Meta_Oracle__demos__stereographic_omega_point.png>
Package pdftex.def Info: images/Oracle__Omega_Meta_Oracle__demos__stereographic
_omega_point.png  used on input line 10843.
(pdftex.def)             Requested size: 385.50183pt x 130.06642pt.
<images/Oracle__Omega_Meta_Oracle__demos__tropical_neural_bridge.png, id=15460,
 1060.4418pt x 805.0878pt>
File: images/Oracle__Omega_Meta_Oracle__demos__tropical_neural_bridge.png Graph
ic file (type png)
<use images/Oracle__Omega_Meta_Oracle__demos__tropical_neural_bridge.png>
Package pdftex.def Info: images/Oracle__Omega_Meta_Oracle__demos__tropical_neur
al_bridge.png  used on input line 10851.
(pdftex.def)             Requested size: 385.50183pt x 292.66913pt.


[283

 <./images/Oracle__Omega_Meta_Oracle__demos__hypotheses_experiments.png>]

[284 <./images/Oracle__Omega_Meta_Oracle__demos__lift_solve_project.png> <./ima
ges/Oracle__Omega_Meta_Oracle__demos__meta_oracle_convergence.png>]

[285 <./images/Oracle__Omega_Meta_Oracle__demos__quantum_gates_sphere.png> <./i
mages/Oracle__Omega_Meta_Oracle__demos__stereographic_omega_point.png>]

[286 <./images/Oracle__Omega_Meta_Oracle__demos__tropical_neural_bridge.png>]
Overfull \hbox (47.86438pt too wide) in paragraph at lines 10904--10913
 [] 
 []



[287]
Overfull \hbox (32.62305pt too wide) in paragraph at lines 11006--11006
[]   \T1/lmtt/m/n/10 - f*(\infty) = lim sup_\|x\ensuremath{\|\to\infty} f(x)  (
or -\infty if f vanishes at infinity)[] 
 []


Overfull \hbox (16.8731pt too wide) in paragraph at lines 11006--11006
[]     \T1/lmtt/m/n/10 T(x) = x + \alpha \cdot \nablaf*(x)  (gradient ascent wi
th step size ensuring contraction)[] 
 []



[288]

Package hyperref Warning: Token not allowed in a PDF string (Unicode):
(hyperref)                removing `\geq' on input line 11052.



[289]

[290]

[291]

[292]

[293]

[294]

[295]

[296]
Chapter 19.
<images/Oracle__Meta_Oracle_Research__figures__berggren_tree.png, id=15550, 114
9.093pt x 715.9548pt>
File: images/Oracle__Meta_Oracle_Research__figures__berggren_tree.png Graphic f
ile (type png)
<use images/Oracle__Meta_Oracle_Research__figures__berggren_tree.png>
Package pdftex.def Info: images/Oracle__Meta_Oracle_Research__figures__berggren
_tree.png  used on input line 11407.
(pdftex.def)             Requested size: 385.50183pt x 240.18774pt.
<images/Oracle__Meta_Oracle_Research__figures__branching_entropy.png, id=15551,
 1147.1658pt x 886.0302pt>
File: images/Oracle__Meta_Oracle_Research__figures__branching_entropy.png Graph
ic file (type png)
<use images/Oracle__Meta_Oracle_Research__figures__branching_entropy.png>
Package pdftex.def Info: images/Oracle__Meta_Oracle_Research__figures__branchin
g_entropy.png  used on input line 11415.
(pdftex.def)             Requested size: 385.50183pt x 297.74467pt.
<images/Oracle__Meta_Oracle_Research__figures__fractal_dimension.png, id=15552,
 1147.6476pt x 496.254pt>
File: images/Oracle__Meta_Oracle_Research__figures__fractal_dimension.png Graph
ic file (type png)
<use images/Oracle__Meta_Oracle_Research__figures__fractal_dimension.png>
Package pdftex.def Info: images/Oracle__Meta_Oracle_Research__figures__fractal_
dimension.png  used on input line 11423.
(pdftex.def)             Requested size: 385.50183pt x 166.69476pt.
<images/Oracle__Meta_Oracle_Research__figures__hypotenuse_growth.png, id=15553,
 1147.1658pt x 423.984pt>
File: images/Oracle__Meta_Oracle_Research__figures__hypotenuse_growth.png Graph
ic file (type png)
<use images/Oracle__Meta_Oracle_Research__figures__hypotenuse_growth.png>
Package pdftex.def Info: images/Oracle__Meta_Oracle_Research__figures__hypotenu
se_growth.png  used on input line 11431.
(pdftex.def)             Requested size: 385.50183pt x 142.47705pt.
<images/Oracle__Meta_Oracle_Research__figures__meta_oracle_convergence.png, id=
15554, 1149.093pt x 887.9574pt>
File: images/Oracle__Meta_Oracle_Research__figures__meta_oracle_convergence.png
 Graphic file (type png)
<use images/Oracle__Meta_Oracle_Research__figures__meta_oracle_convergence.png>

Package pdftex.def Info: images/Oracle__Meta_Oracle_Research__figures__meta_ora
cle_convergence.png  used on input line 11439.
(pdftex.def)             Requested size: 385.50183pt x 297.89098pt.
<images/Oracle__Meta_Oracle_Research__figures__oracle_phase_space.png, id=15555
, 702.9462pt x 713.064pt>
File: images/Oracle__Meta_Oracle_Research__figures__oracle_phase_space.png Grap
hic file (type png)
<use images/Oracle__Meta_Oracle_Research__figures__oracle_phase_space.png>
Package pdftex.def Info: images/Oracle__Meta_Oracle_Research__figures__oracle_p
hase_space.png  used on input line 11447.
(pdftex.def)             Requested size: 385.50183pt x 391.04396pt.


[297

 <./images/Oracle__Meta_Oracle_Research__figures__berggren_tree.png>]

[298 <./images/Oracle__Meta_Oracle_Research__figures__branching_entropy.png> <.
/images/Oracle__Meta_Oracle_Research__figures__fractal_dimension.png> <./images
/Oracle__Meta_Oracle_Research__figures__hypotenuse_growth.png>]

[299 <./images/Oracle__Meta_Oracle_Research__figures__meta_oracle_convergence.p
ng>]

[300 <./images/Oracle__Meta_Oracle_Research__figures__oracle_phase_space.png>]

[301]

[302]

[303]

[304]

[305]

[306]

[307]

[308]

[309]

[310]
Chapter 20.

Overfull \hbox (5.01363pt too wide) in paragraph at lines 12005--12005
|\T1/lmr/bx/n/24.88 Meta Oracle--Pythagorean Deep Iso-mor-
 []


Overfull \hbox (6.00494pt too wide) in paragraph at lines 12023--12024
[]\T1/lmr/m/n/10 Our dis-cov-ery: these two struc-tures are the same. The meta 
or-a-cle's re-fine-ment hi-er-ar-chy and the Pythagorean
 []



[311

]

Package hyperref Warning: Token not allowed in a PDF string (Unicode):
(hyperref)                removing `\mathrel' on input line 12088.


Package hyperref Warning: Token not allowed in a PDF string (Unicode):
(hyperref)                removing `\mathchoice' on input line 12088.


Package hyperref Warning: Token not allowed in a PDF string (Unicode):
(hyperref)                removing `\lower' on input line 12088.


Package hyperref Warning: Token not allowed in a PDF string (Unicode):
(hyperref)                removing `\p@' on input line 12088.


Package hyperref Warning: Token not allowed in a PDF string (Unicode):
(hyperref)                removing `\vbox' on input line 12088.


Package hyperref Warning: Token not allowed in a PDF string (Unicode):
(hyperref)                removing `\lineskiplimit' on input line 12088.


Package hyperref Warning: Token not allowed in a PDF string (Unicode):
(hyperref)                removing `\maxdimen' on input line 12088.


Package hyperref Warning: Token not allowed in a PDF string (Unicode):
(hyperref)                removing `\lineskip' on input line 12088.


Package hyperref Warning: Token not allowed in a PDF string (Unicode):
(hyperref)                removing `\p@' on input line 12088.


Package hyperref Warning: Token not allowed in a PDF string (Unicode):
(hyperref)                removing `\everycr' on input line 12088.


Package hyperref Warning: Token not allowed in a PDF string (Unicode):
(hyperref)                removing `\tabskip' on input line 12088.


Package hyperref Warning: Token not allowed in a PDF string (Unicode):
(hyperref)                removing `\z@skip' on input line 12088.


Package hyperref Warning: Token not allowed in a PDF string (Unicode):
(hyperref)                removing `\halign' on input line 12088.


Package hyperref Warning: Token not allowed in a PDF string (Unicode):
(hyperref)                removing `\lower' on input line 12088.


Package hyperref Warning: Token not allowed in a PDF string (Unicode):
(hyperref)                removing `\p@' on input line 12088.


Package hyperref Warning: Token not allowed in a PDF string (Unicode):
(hyperref)                removing `\vbox' on input line 12088.


Package hyperref Warning: Token not allowed in a PDF string (Unicode):
(hyperref)                removing `\lineskiplimit' on input line 12088.


Package hyperref Warning: Token not allowed in a PDF string (Unicode):
(hyperref)                removing `\maxdimen' on input line 12088.


Package hyperref Warning: Token not allowed in a PDF string (Unicode):
(hyperref)                removing `\lineskip' on input line 12088.


Package hyperref Warning: Token not allowed in a PDF string (Unicode):
(hyperref)                removing `\p@' on input line 12088.


Package hyperref Warning: Token not allowed in a PDF string (Unicode):
(hyperref)                removing `\everycr' on input line 12088.


Package hyperref Warning: Token not allowed in a PDF string (Unicode):
(hyperref)                removing `\tabskip' on input line 12088.


Package hyperref Warning: Token not allowed in a PDF string (Unicode):
(hyperref)                removing `\z@skip' on input line 12088.


Package hyperref Warning: Token not allowed in a PDF string (Unicode):
(hyperref)                removing `\halign' on input line 12088.


Package hyperref Warning: Token not allowed in a PDF string (Unicode):
(hyperref)                removing `\lower' on input line 12088.


Package hyperref Warning: Token not allowed in a PDF string (Unicode):
(hyperref)                removing `\p@' on input line 12088.


Package hyperref Warning: Token not allowed in a PDF string (Unicode):
(hyperref)                removing `\vbox' on input line 12088.


Package hyperref Warning: Token not allowed in a PDF string (Unicode):
(hyperref)                removing `\lineskiplimit' on input line 12088.


Package hyperref Warning: Token not allowed in a PDF string (Unicode):
(hyperref)                removing `\maxdimen' on input line 12088.


Package hyperref Warning: Token not allowed in a PDF string (Unicode):
(hyperref)                removing `\lineskip' on input line 12088.


Package hyperref Warning: Token not allowed in a PDF string (Unicode):
(hyperref)                removing `\p@' on input line 12088.


Package hyperref Warning: Token not allowed in a PDF string (Unicode):
(hyperref)                removing `\everycr' on input line 12088.


Package hyperref Warning: Token not allowed in a PDF string (Unicode):
(hyperref)                removing `\tabskip' on input line 12088.


Package hyperref Warning: Token not allowed in a PDF string (Unicode):
(hyperref)                removing `\z@skip' on input line 12088.


Package hyperref Warning: Token not allowed in a PDF string (Unicode):
(hyperref)                removing `\halign' on input line 12088.


Package hyperref Warning: Token not allowed in a PDF string (Unicode):
(hyperref)                removing `\lower' on input line 12088.


Package hyperref Warning: Token not allowed in a PDF string (Unicode):
(hyperref)                removing `\p@' on input line 12088.


Package hyperref Warning: Token not allowed in a PDF string (Unicode):
(hyperref)                removing `\vbox' on input line 12088.


Package hyperref Warning: Token not allowed in a PDF string (Unicode):
(hyperref)                removing `\lineskiplimit' on input line 12088.


Package hyperref Warning: Token not allowed in a PDF string (Unicode):
(hyperref)                removing `\maxdimen' on input line 12088.


Package hyperref Warning: Token not allowed in a PDF string (Unicode):
(hyperref)                removing `\lineskip' on input line 12088.


Package hyperref Warning: Token not allowed in a PDF string (Unicode):
(hyperref)                removing `\p@' on input line 12088.


Package hyperref Warning: Token not allowed in a PDF string (Unicode):
(hyperref)                removing `\everycr' on input line 12088.


Package hyperref Warning: Token not allowed in a PDF string (Unicode):
(hyperref)                removing `\tabskip' on input line 12088.


Package hyperref Warning: Token not allowed in a PDF string (Unicode):
(hyperref)                removing `\z@skip' on input line 12088.


Package hyperref Warning: Token not allowed in a PDF string (Unicode):
(hyperref)                removing `\halign' on input line 12088.



[312]

Package hyperref Warning: Token not allowed in a PDF string (Unicode):
(hyperref)                removing `\mathrel' on input line 12117.


Package hyperref Warning: Token not allowed in a PDF string (Unicode):
(hyperref)                removing `\mathchoice' on input line 12117.


Package hyperref Warning: Token not allowed in a PDF string (Unicode):
(hyperref)                removing `\lower' on input line 12117.


Package hyperref Warning: Token not allowed in a PDF string (Unicode):
(hyperref)                removing `\p@' on input line 12117.


Package hyperref Warning: Token not allowed in a PDF string (Unicode):
(hyperref)                removing `\vbox' on input line 12117.


Package hyperref Warning: Token not allowed in a PDF string (Unicode):
(hyperref)                removing `\lineskiplimit' on input line 12117.


Package hyperref Warning: Token not allowed in a PDF string (Unicode):
(hyperref)                removing `\maxdimen' on input line 12117.


Package hyperref Warning: Token not allowed in a PDF string (Unicode):
(hyperref)                removing `\lineskip' on input line 12117.


Package hyperref Warning: Token not allowed in a PDF string (Unicode):
(hyperref)                removing `\p@' on input line 12117.


Package hyperref Warning: Token not allowed in a PDF string (Unicode):
(hyperref)                removing `\everycr' on input line 12117.


Package hyperref Warning: Token not allowed in a PDF string (Unicode):
(hyperref)                removing `\tabskip' on input line 12117.


Package hyperref Warning: Token not allowed in a PDF string (Unicode):
(hyperref)                removing `\z@skip' on input line 12117.


Package hyperref Warning: Token not allowed in a PDF string (Unicode):
(hyperref)                removing `\halign' on input line 12117.


Package hyperref Warning: Token not allowed in a PDF string (Unicode):
(hyperref)                removing `\lower' on input line 12117.


Package hyperref Warning: Token not allowed in a PDF string (Unicode):
(hyperref)                removing `\p@' on input line 12117.


Package hyperref Warning: Token not allowed in a PDF string (Unicode):
(hyperref)                removing `\vbox' on input line 12117.


Package hyperref Warning: Token not allowed in a PDF string (Unicode):
(hyperref)                removing `\lineskiplimit' on input line 12117.


Package hyperref Warning: Token not allowed in a PDF string (Unicode):
(hyperref)                removing `\maxdimen' on input line 12117.


Package hyperref Warning: Token not allowed in a PDF string (Unicode):
(hyperref)                removing `\lineskip' on input line 12117.


Package hyperref Warning: Token not allowed in a PDF string (Unicode):
(hyperref)                removing `\p@' on input line 12117.


Package hyperref Warning: Token not allowed in a PDF string (Unicode):
(hyperref)                removing `\everycr' on input line 12117.


Package hyperref Warning: Token not allowed in a PDF string (Unicode):
(hyperref)                removing `\tabskip' on input line 12117.


Package hyperref Warning: Token not allowed in a PDF string (Unicode):
(hyperref)                removing `\z@skip' on input line 12117.


Package hyperref Warning: Token not allowed in a PDF string (Unicode):
(hyperref)                removing `\halign' on input line 12117.


Package hyperref Warning: Token not allowed in a PDF string (Unicode):
(hyperref)                removing `\lower' on input line 12117.


Package hyperref Warning: Token not allowed in a PDF string (Unicode):
(hyperref)                removing `\p@' on input line 12117.


Package hyperref Warning: Token not allowed in a PDF string (Unicode):
(hyperref)                removing `\vbox' on input line 12117.


Package hyperref Warning: Token not allowed in a PDF string (Unicode):
(hyperref)                removing `\lineskiplimit' on input line 12117.


Package hyperref Warning: Token not allowed in a PDF string (Unicode):
(hyperref)                removing `\maxdimen' on input line 12117.


Package hyperref Warning: Token not allowed in a PDF string (Unicode):
(hyperref)                removing `\lineskip' on input line 12117.


Package hyperref Warning: Token not allowed in a PDF string (Unicode):
(hyperref)                removing `\p@' on input line 12117.


Package hyperref Warning: Token not allowed in a PDF string (Unicode):
(hyperref)                removing `\everycr' on input line 12117.


Package hyperref Warning: Token not allowed in a PDF string (Unicode):
(hyperref)                removing `\tabskip' on input line 12117.


Package hyperref Warning: Token not allowed in a PDF string (Unicode):
(hyperref)                removing `\z@skip' on input line 12117.


Package hyperref Warning: Token not allowed in a PDF string (Unicode):
(hyperref)                removing `\halign' on input line 12117.


Package hyperref Warning: Token not allowed in a PDF string (Unicode):
(hyperref)                removing `\lower' on input line 12117.


Package hyperref Warning: Token not allowed in a PDF string (Unicode):
(hyperref)                removing `\p@' on input line 12117.


Package hyperref Warning: Token not allowed in a PDF string (Unicode):
(hyperref)                removing `\vbox' on input line 12117.


Package hyperref Warning: Token not allowed in a PDF string (Unicode):
(hyperref)                removing `\lineskiplimit' on input line 12117.


Package hyperref Warning: Token not allowed in a PDF string (Unicode):
(hyperref)                removing `\maxdimen' on input line 12117.


Package hyperref Warning: Token not allowed in a PDF string (Unicode):
(hyperref)                removing `\lineskip' on input line 12117.


Package hyperref Warning: Token not allowed in a PDF string (Unicode):
(hyperref)                removing `\p@' on input line 12117.


Package hyperref Warning: Token not allowed in a PDF string (Unicode):
(hyperref)                removing `\everycr' on input line 12117.


Package hyperref Warning: Token not allowed in a PDF string (Unicode):
(hyperref)                removing `\tabskip' on input line 12117.


Package hyperref Warning: Token not allowed in a PDF string (Unicode):
(hyperref)                removing `\z@skip' on input line 12117.


Package hyperref Warning: Token not allowed in a PDF string (Unicode):
(hyperref)                removing `\halign' on input line 12117.



[313]

Package hyperref Warning: Token not allowed in a PDF string (Unicode):
(hyperref)                removing `\@ifnextchar' on input line 12191.


Package hyperref Warning: Token not allowed in a PDF string (Unicode):
(hyperref)                removing `\leavevmode@ifvmode' on input line 12191.


Package hyperref Warning: Token not allowed in a PDF string (Unicode):
(hyperref)                \kern 1.66702pt
(hyperref)                removed on input line 12191.



[314]

[315]
Overfull \hbox (34.65227pt too wide) in paragraph at lines 12307--12315
 [] 
 []



[316]

[317]

[318]

Package hyperref Warning: Token not allowed in a PDF string (Unicode):
(hyperref)                removing `\@ifnextchar' on input line 12498.


Package hyperref Warning: Token not allowed in a PDF string (Unicode):
(hyperref)                removing `\leavevmode@ifvmode' on input line 12498.


Package hyperref Warning: Token not allowed in a PDF string (Unicode):
(hyperref)                \kern 1.66702pt
(hyperref)                removed on input line 12498.



[319]

[320]
Overfull \hbox (0.62474pt too wide) in paragraph at lines 12571--12572
[]\T1/lmtt/m/n/10 MetaOraclePythagoreanDeep.lean\T1/lmr/m/n/10 : Ex-tended re-s
ults in-clud-ing Lorentz in-vari-ance, in-verse maps, ternary
 []



[321]
Chapter 21.

Overfull \hbox (373.87206pt too wide) in paragraph at lines 12667--12667
[]\T1/lmtt/m/n/10 \blacksquare   \cdot   \blacksquare   \blacksquare   \cdot   
\blacksquare   \cdot   \blacksquare   \cdot   \cdot   \cdot   \blacksquare   \c
dot   \blacksquare  ...[] 
 []



[322

]

[323]
Overfull \hbox (19.35954pt too wide) in paragraph at lines 12809--12812
[]\T1/lmr/bx/n/10 Independence test\T1/lmr/m/n/10 : d(A $\OMS/lmsy/m/n/10 ^$ \T
1/lmr/m/n/10 B) = d(A)$\OMS/lmsy/m/n/10 ^^A$\T1/lmr/m/n/10 d(B) only for in-de-
pen-dent or-a-cles - d(Prime $\OMS/lmsy/m/n/10 ^$ \T1/lmr/m/n/10 Odd) / d(Prime
)$\OMS/lmsy/m/n/10 ^^A$\T1/lmr/m/n/10 d(Odd)
 []



[324]

Package hyperref Warning: Token not allowed in a PDF string (Unicode):
(hyperref)                removing `\Omega' on input line 12852.



[325]

Package hyperref Warning: Token not allowed in a PDF string (Unicode):
(hyperref)                removing `math shift' on input line 12898.


Package hyperref Warning: Token not allowed in a PDF string (Unicode):
(hyperref)                removing `\mathsurround' on input line 12898.


Package hyperref Warning: Token not allowed in a PDF string (Unicode):
(hyperref)                removing `\z@' on input line 12898.


Package hyperref Warning: Token not allowed in a PDF string (Unicode):
(hyperref)                removing `\mathchar' on input line 12898.


Package hyperref Warning: Token not allowed in a PDF string (Unicode):
(hyperref)                removing `math shift' on input line 12898.


Package hyperref Warning: Token not allowed in a PDF string (Unicode):
(hyperref)                removing `math shift' on input line 12904.


Package hyperref Warning: Token not allowed in a PDF string (Unicode):
(hyperref)                removing `\mathsurround' on input line 12904.


Package hyperref Warning: Token not allowed in a PDF string (Unicode):
(hyperref)                removing `\z@' on input line 12904.


Package hyperref Warning: Token not allowed in a PDF string (Unicode):
(hyperref)                removing `\mathchar' on input line 12904.


Package hyperref Warning: Token not allowed in a PDF string (Unicode):
(hyperref)                removing `math shift' on input line 12904.


Package hyperref Warning: Token not allowed in a PDF string (Unicode):
(hyperref)                removing `math shift' on input line 12910.


Package hyperref Warning: Token not allowed in a PDF string (Unicode):
(hyperref)                removing `\mathsurround' on input line 12910.


Package hyperref Warning: Token not allowed in a PDF string (Unicode):
(hyperref)                removing `\z@' on input line 12910.


Package hyperref Warning: Token not allowed in a PDF string (Unicode):
(hyperref)                removing `\mathchar' on input line 12910.


Package hyperref Warning: Token not allowed in a PDF string (Unicode):
(hyperref)                removing `math shift' on input line 12910.



[326]

Package hyperref Warning: Token not allowed in a PDF string (Unicode):
(hyperref)                removing `math shift' on input line 12914.


Package hyperref Warning: Token not allowed in a PDF string (Unicode):
(hyperref)                removing `\mathsurround' on input line 12914.


Package hyperref Warning: Token not allowed in a PDF string (Unicode):
(hyperref)                removing `\z@' on input line 12914.


Package hyperref Warning: Token not allowed in a PDF string (Unicode):
(hyperref)                removing `\mathchar' on input line 12914.


Package hyperref Warning: Token not allowed in a PDF string (Unicode):
(hyperref)                removing `math shift' on input line 12914.



[327]

[328]

[329]

[330]

[331]

[332]
Chapter 22.


[333

]

[334]

[335]

[336]

[337]

[338]

[339]

[340]

[341]

[342]
Chapter 23.
<images/Oracle__Cosmic_Bootstrap__demos__bootstrap_basics.png, id=15830, 949.14
6pt x 926.5014pt>
File: images/Oracle__Cosmic_Bootstrap__demos__bootstrap_basics.png Graphic file
 (type png)
<use images/Oracle__Cosmic_Bootstrap__demos__bootstrap_basics.png>
Package pdftex.def Info: images/Oracle__Cosmic_Bootstrap__demos__bootstrap_basi
cs.png  used on input line 13754.
(pdftex.def)             Requested size: 385.50183pt x 376.30545pt.
<images/Oracle__Cosmic_Bootstrap__demos__bootstrap_factoring.png, id=15831, 105
8.9964pt x 924.5742pt>
File: images/Oracle__Cosmic_Bootstrap__demos__bootstrap_factoring.png Graphic f
ile (type png)
<use images/Oracle__Cosmic_Bootstrap__demos__bootstrap_factoring.png>
Package pdftex.def Info: images/Oracle__Cosmic_Bootstrap__demos__bootstrap_fact
oring.png  used on input line 13762.
(pdftex.def)             Requested size: 385.50183pt x 336.57092pt.
<images/Oracle__Cosmic_Bootstrap__demos__cosmic_density_evolution.png, id=15832
, 1293.1512pt x 710.655pt>
File: images/Oracle__Cosmic_Bootstrap__demos__cosmic_density_evolution.png Grap
hic file (type png)
<use images/Oracle__Cosmic_Bootstrap__demos__cosmic_density_evolution.png>
Package pdftex.def Info: images/Oracle__Cosmic_Bootstrap__demos__cosmic_density
_evolution.png  used on input line 13770.
(pdftex.def)             Requested size: 385.50183pt x 211.85352pt.
<images/Oracle__Cosmic_Bootstrap__demos__cosmic_flow.png, id=15833, 1078.2684pt
 x 635.976pt>
File: images/Oracle__Cosmic_Bootstrap__demos__cosmic_flow.png Graphic file (typ
e png)
<use images/Oracle__Cosmic_Bootstrap__demos__cosmic_flow.png>
Package pdftex.def Info: images/Oracle__Cosmic_Bootstrap__demos__cosmic_flow.pn
g  used on input line 13778.
(pdftex.def)             Requested size: 385.50183pt x 227.3694pt.
<images/Oracle__Cosmic_Bootstrap__demos__fractal_dimension.png, id=15834, 1088.
868pt x 572.3784pt>
File: images/Oracle__Cosmic_Bootstrap__demos__fractal_dimension.png Graphic fil
e (type png)
<use images/Oracle__Cosmic_Bootstrap__demos__fractal_dimension.png>
Package pdftex.def Info: images/Oracle__Cosmic_Bootstrap__demos__fractal_dimens
ion.png  used on input line 13786.
(pdftex.def)             Requested size: 385.50183pt x 202.64116pt.
<images/Oracle__Cosmic_Bootstrap__demos__hypothesis_results.png, id=15835, 1125
.4848pt x 1216.545pt>
File: images/Oracle__Cosmic_Bootstrap__demos__hypothesis_results.png Graphic fi
le (type png)
<use images/Oracle__Cosmic_Bootstrap__demos__hypothesis_results.png>
Package pdftex.def Info: images/Oracle__Cosmic_Bootstrap__demos__hypothesis_res
ults.png  used on input line 13794.
(pdftex.def)             Requested size: 385.50183pt x 416.68272pt.


[343

 <./images/Oracle__Cosmic_Bootstrap__demos__bootstrap_basics.png>]

[344 <./images/Oracle__Cosmic_Bootstrap__demos__bootstrap_factoring.png> <./ima
ges/Oracle__Cosmic_Bootstrap__demos__cosmic_density_evolution.png>]

[345 <./images/Oracle__Cosmic_Bootstrap__demos__cosmic_flow.png> <./images/Orac
le__Cosmic_Bootstrap__demos__fractal_dimension.png>]

[346 <./images/Oracle__Cosmic_Bootstrap__demos__hypothesis_results.png>]

[347]

[348]

[349]

[350]

[351]
Overfull \hbox (82.647pt too wide) in paragraph at lines 14100--14101
[]\T1/lmr/m/n/10 The Math-lib Com-mu-nity. \T1/lmr/m/it/10 Math-lib4: A Uni-fie
d Li-brary of Math-e-mat-ics For-mal-ized in Lean 4. \T1/lmr/m/n/10 https://git
hub.com/leanprover-
 []



[352]

[353]

[354]

[355]
Chapter 24.
<images/Oracle__Oracle_Phase_Transition__demos__figure10_entropy.png, id=15923,
 1003.1076pt x 351.714pt>
File: images/Oracle__Oracle_Phase_Transition__demos__figure10_entropy.png Graph
ic file (type png)
<use images/Oracle__Oracle_Phase_Transition__demos__figure10_entropy.png>
Package pdftex.def Info: images/Oracle__Oracle_Phase_Transition__demos__figure1
0_entropy.png  used on input line 14305.
(pdftex.def)             Requested size: 385.50183pt x 135.16612pt.
<images/Oracle__Oracle_Phase_Transition__demos__figure11_compression_pipeline.p
ng, id=15924, 1002.144pt x 713.064pt>
File: images/Oracle__Oracle_Phase_Transition__demos__figure11_compression_pipel
ine.png Graphic file (type png)
<use images/Oracle__Oracle_Phase_Transition__demos__figure11_compression_pipeli
ne.png>
Package pdftex.def Info: images/Oracle__Oracle_Phase_Transition__demos__figure1
1_compression_pipeline.png  used on input line 14313.
(pdftex.def)             Requested size: 385.50183pt x 274.29655pt.
<images/Oracle__Oracle_Phase_Transition__demos__figure1_bootstrap_map.png, id=1
5925, 1291.7058pt x 423.0204pt>
File: images/Oracle__Oracle_Phase_Transition__demos__figure1_bootstrap_map.png 
Graphic file (type png)
<use images/Oracle__Oracle_Phase_Transition__demos__figure1_bootstrap_map.png>
Package pdftex.def Info: images/Oracle__Oracle_Phase_Transition__demos__figure1
_bootstrap_map.png  used on input line 14321.
(pdftex.def)             Requested size: 385.50183pt x 126.2487pt.
<images/Oracle__Oracle_Phase_Transition__demos__figure2_temperature_phase.png, 
id=15926, 1291.7058pt x 422.5386pt>
File: images/Oracle__Oracle_Phase_Transition__demos__figure2_temperature_phase.
png Graphic file (type png)
<use images/Oracle__Oracle_Phase_Transition__demos__figure2_temperature_phase.p
ng>
Package pdftex.def Info: images/Oracle__Oracle_Phase_Transition__demos__figure2
_temperature_phase.png  used on input line 14329.
(pdftex.def)             Requested size: 385.50183pt x 126.10492pt.
<images/Oracle__Oracle_Phase_Transition__demos__figure3_compression_sim.png, id
=15927, 1279.6608pt x 423.984pt>
File: images/Oracle__Oracle_Phase_Transition__demos__figure3_compression_sim.pn
g Graphic file (type png)
<use images/Oracle__Oracle_Phase_Transition__demos__figure3_compression_sim.png
>
Package pdftex.def Info: images/Oracle__Oracle_Phase_Transition__demos__figure3
_compression_sim.png  used on input line 14337.
(pdftex.def)             Requested size: 385.50183pt x 127.7202pt.
<images/Oracle__Oracle_Phase_Transition__demos__figure4_basins_convergence.png,
 id=15928, 1291.224pt x 423.0204pt>
File: images/Oracle__Oracle_Phase_Transition__demos__figure4_basins_convergence
.png Graphic file (type png)
<use images/Oracle__Oracle_Phase_Transition__demos__figure4_basins_convergence.
png>
Package pdftex.def Info: images/Oracle__Oracle_Phase_Transition__demos__figure4
_basins_convergence.png  used on input line 14345.
(pdftex.def)             Requested size: 385.50183pt x 126.29388pt.

Underfull \vbox (badness 10000) has occurred while \output is active []



[356

 <./images/Oracle__Oracle_Phase_Transition__demos__figure10_entropy.png> <./ima
ges/Oracle__Oracle_Phase_Transition__demos__figure11_compression_pipeline.png>]


[357 <./images/Oracle__Oracle_Phase_Transition__demos__figure1_bootstrap_map.pn
g> <./images/Oracle__Oracle_Phase_Transition__demos__figure2_temperature_phase.
png> <./images/Oracle__Oracle_Phase_Transition__demos__figure3_compression_sim.
png> <./images/Oracle__Oracle_Phase_Transition__demos__figure4_basins_convergen
ce.png>]
Overfull \hbox (27.09752pt too wide) in paragraph at lines 14384--14385
\T1/lmr/m/n/10 gence, com-po-si-tion non-commutativity, lay-er-wise sen-si-tiv-
ity, per-co-la-tion tran-si-tions, and entropy-compressibility
 []



[358]
! Missing $ inserted.
<inserted text> 
                $
l.14435 ...r Bound). For $e = 1 - r$ with \$0 \leq
                                                   e \leq 1$:
I've inserted a begin-math/end-math symbol since I think
you left one out. Proceed, with fingers crossed.



[359]

[360]

! LaTeX Error: Command \end{itemize} invalid in math mode.

See the LaTeX manual or LaTeX Companion for explanation.
Type  H <return>  for immediate help.
 ...                                              
                                                  
l.14556 \end{itemize}
                     
Try typing  <return>  to proceed.
If that doesn't work, type  X <return>  to quit.

! Missing $ inserted.
<inserted text> 
                $
l.14556 \end{itemize}
                     
I've inserted a begin-math/end-math symbol since I think
you left one out. Proceed, with fingers crossed.


Overfull \hbox (87.75517pt too wide) in paragraph at lines 14555--14556
\T1/lmr/m/n/10 graph equals $1 - 1/(1+T)$\OML/lmm/m/it/10 inthetemperaturemodel
; establishinganexactcorrespondencebetweengraphtheoryandthebootstrap:
 []


Underfull \hbox (badness 10000) in paragraph at lines 14555--14556

 []



[361]

[362]

[363]

[364]
Chapter 25.
<images/Oracle__Oracle's_Secret__demos__correlation_analysis.png, id=15994, 114
8.6112pt x 356.532pt>
File: images/Oracle__Oracle's_Secret__demos__correlation_analysis.png Graphic f
ile (type png)
<use images/Oracle__Oracle's_Secret__demos__correlation_analysis.png>
Package pdftex.def Info: images/Oracle__Oracle's_Secret__demos__correlation_ana
lysis.png  used on input line 14714.
(pdftex.def)             Requested size: 385.50183pt x 119.65791pt.
<images/Oracle__Oracle's_Secret__demos__debruijn_newman_landscape.png, id=15995
, 1074.414pt x 926.0196pt>
File: images/Oracle__Oracle's_Secret__demos__debruijn_newman_landscape.png Grap
hic file (type png)
<use images/Oracle__Oracle's_Secret__demos__debruijn_newman_landscape.png>
Package pdftex.def Info: images/Oracle__Oracle's_Secret__demos__debruijn_newman
_landscape.png  used on input line 14722.
(pdftex.def)             Requested size: 385.50183pt x 332.25053pt.
<images/Oracle__Oracle's_Secret__demos__decidability_regularity.png, id=15996, 
1089.3498pt x 1057.551pt>
File: images/Oracle__Oracle's_Secret__demos__decidability_regularity.png Graphi
c file (type png)
<use images/Oracle__Oracle's_Secret__demos__decidability_regularity.png>
Package pdftex.def Info: images/Oracle__Oracle's_Secret__demos__decidability_re
gularity.png  used on input line 14730.
(pdftex.def)             Requested size: 385.50183pt x 374.24718pt.
<images/Oracle__Oracle's_Secret__demos__divisor_decomposition_law.png, id=15997
, 1004.553pt x 782.4432pt>
File: images/Oracle__Oracle's_Secret__demos__divisor_decomposition_law.png Grap
hic file (type png)
<use images/Oracle__Oracle's_Secret__demos__divisor_decomposition_law.png>
Package pdftex.def Info: images/Oracle__Oracle's_Secret__demos__divisor_decompo
sition_law.png  used on input line 14738.
(pdftex.def)             Requested size: 385.50183pt x 300.26852pt.
<images/Oracle__Oracle's_Secret__demos__thooft_scaling.png, id=15998, 1003.1076
pt x 781.4796pt>
File: images/Oracle__Oracle's_Secret__demos__thooft_scaling.png Graphic file (t
ype png)
<use images/Oracle__Oracle's_Secret__demos__thooft_scaling.png>
Package pdftex.def Info: images/Oracle__Oracle's_Secret__demos__thooft_scaling.
png  used on input line 14746.
(pdftex.def)             Requested size: 385.50183pt x 300.32802pt.

Underfull \vbox (badness 1622) has occurred while \output is active []



[365

 <./images/Oracle__Oracle's_Secret__demos__correlation_analysis.png> <./images/
Oracle__Oracle's_Secret__demos__debruijn_newman_landscape.png>]

[366 <./images/Oracle__Oracle's_Secret__demos__decidability_regularity.png>]

[367 <./images/Oracle__Oracle's_Secret__demos__divisor_decomposition_law.png> <
./images/Oracle__Oracle's_Secret__demos__thooft_scaling.png>]

[368]

[369]

[370]
Overfull \hbox (15.7271pt too wide) in paragraph at lines 14966--14966
|[]\T1/lmr/bx/n/14.4 Hypothesis 1: Sub-Multiplicativity of Egyp-tian Frac-tion 
Counts| 
 []



[371]

[372]

[373]
Chapter 26.


[374

]
Overfull \hbox (20.73207pt too wide) in paragraph at lines 15115--15116
[]\T1/lmr/m/it/10 Proof. \T1/lmr/m/n/10 3r$[]$ $\OMS/lmsy/m/n/10 ^^@$ \T1/lmr/m
/n/10 2r$[]$ = r $\OMS/lmsy/m/n/10 ([])$ \T1/lmr/m/n/10 r(2r$[]$ $\OMS/lmsy/m/n
/10 ^^@$ \T1/lmr/m/n/10 3r + 1) = 0 $\OMS/lmsy/m/n/10 ([])$ \T1/lmr/m/n/10 r(2r
$\OMS/lmsy/m/n/10 ^^@$\T1/lmr/m/n/10 1)(r$\OMS/lmsy/m/n/10 ^^@$\T1/lmr/m/n/10 1
) = 0. For-mally ver-i-fied as \T1/lmtt/m/n/10 bootstrap_fixed_zero\T1/lmr/m/n/
10 ,
 []



[375]
Overfull \hbox (21.92865pt too wide) in paragraph at lines 15179--15180
[]\T1/lmr/m/n/10 This achieves the the-o-ret-i-cal information-theoretic min-i-
mum: \T1/lmtt/m/n/10 compressedSizeBytes = $\OMS/lmsy/m/n/10 d$\T1/lmtt/m/n/10 
nParams $\OMS/lmsy/m/n/10 ^^B$ \T1/lmtt/m/n/10 quantBits
 []



[376]

[377]

[378]

[379]

[380]
Chapter 27.


[381

]

[382]

[383]

[384]

[385]

[386]

[387]

[388]

[389]
Chapter 28.

Overfull \hbox (49.8079pt too wide) in paragraph at lines 15854--15855
[]\T1/lmr/bx/n/10 Idempotent preser-va-tion\T1/lmr/m/n/10 : If e$[]$ = e, then 
f(e) = e (for-mally ver-i-fied, The-o-rem \T1/lmtt/m/n/10 bootstrap_preserves_i
dempotent\T1/lmr/m/n/10 ) 
 []



[390

]

[391]

[392]
Overfull \hbox (108.95116pt too wide) in paragraph at lines 15988--15989
[]\T1/lmr/bx/n/10 Formally ver-i-fied \T1/lmr/m/n/10 (Lean 4): The boot-strap m
ap pre-serves idem-po-tents: if e$[]$ = e then f(e) = e (\T1/lmtt/m/n/10 bootst
rap_preserves_idempotent\T1/lmr/m/n/10 ). 
 []



[393]

[394]
Overfull \hbox (88.57578pt too wide) in paragraph at lines 16110--16111
[]\T1/lmr/bx/n/10 Formally ver-i-fied \T1/lmr/m/n/10 (Lean 4): The fil-tra-tion
 is basis-independent via con-ju-ga-tion in-vari-ance (\T1/lmtt/m/n/10 npotent_
conjugation_invariant\T1/lmr/m/n/10 ). 
 []



[395]
Overfull \hbox (42.3458pt too wide) in paragraph at lines 16153--16154
\T1/lmr/m/n/10 The fol-low-ing re-sults are for-mally ver-i-fied in Lean 4 with
 Math-lib (file: \T1/lmtt/m/n/10 core/Exploration/OracleNewHypotheses.lean\T1/l
mr/m/n/10 ): 
 []



[396]
! Double superscript.
l.16211 ...(n)}(x) - x^*| \leq C \cdot |x_0 - x^|^
                                                  {2^n}\]
I treat `x^1^2' essentially like `x^1{}^2'.



[397]

[398]

[399]

[400]

[401

]

[402]
Chapter 29.


[403

]
Chapter 30.


[404

]
Overfull \hbox (82.14647pt too wide) in paragraph at lines 16458--16459
[]\T1/lmr/m/n/10 This shows that the \T1/lmr/m/it/10 den-sity \T1/lmr/m/n/10 of
 in-ter-est-ing the-o-rems at depth k de-cays ex-po-nen-tially, con-firmed as \
T1/lmtt/m/n/10 density_exponential_bound\T1/lmr/m/n/10 . 
 []



[405]

[406]

[407]

[408]

[409]
Overfull \hbox (20.65948pt too wide) in paragraph at lines 16696--16697
[]\T1/lmr/m/n/10 The Math-lib Com-mu-nity (2024). \T1/lmr/m/it/10 Math-lib4: Th
e Lean 4 Math-e-mat-i-cal Li-brary. \T1/lmr/m/n/10 https://github.com/leanprove
r-
 []



[410]

[411]

[412]

[413]
Chapter 31.
<images/Oracle__Five_Questions__demos__demo1_meta_oracle_convergence.png, id=16
287, 1055.6238pt x 924.5742pt>
File: images/Oracle__Five_Questions__demos__demo1_meta_oracle_convergence.png G
raphic file (type png)
<use images/Oracle__Five_Questions__demos__demo1_meta_oracle_convergence.png>
Package pdftex.def Info: images/Oracle__Five_Questions__demos__demo1_meta_oracl
e_convergence.png  used on input line 16850.
(pdftex.def)             Requested size: 385.50183pt x 337.64313pt.
<images/Oracle__Five_Questions__demos__demo2_tropical_quantum_optimization.png,
 id=16288, 1060.9236pt x 1050.324pt>
File: images/Oracle__Five_Questions__demos__demo2_tropical_quantum_optimization
.png Graphic file (type png)
<use images/Oracle__Five_Questions__demos__demo2_tropical_quantum_optimization.
png>
Package pdftex.def Info: images/Oracle__Five_Questions__demos__demo2_tropical_q
uantum_optimization.png  used on input line 16858.
(pdftex.def)             Requested size: 385.50183pt x 381.64221pt.
<images/Oracle__Five_Questions__demos__demo3_omega_point_dynamics.png, id=16289
, 1073.4504pt x 1037.7972pt>
File: images/Oracle__Five_Questions__demos__demo3_omega_point_dynamics.png Grap
hic file (type png)
<use images/Oracle__Five_Questions__demos__demo3_omega_point_dynamics.png>
Package pdftex.def Info: images/Oracle__Five_Questions__demos__demo3_omega_poin
t_dynamics.png  used on input line 16866.
(pdftex.def)             Requested size: 385.50183pt x 372.68825pt.
<images/Oracle__Five_Questions__demos__demo4_hypothesis_experiments.png, id=162
90, 1062.369pt x 1135.6026pt>
File: images/Oracle__Five_Questions__demos__demo4_hypothesis_experiments.png Gr
aphic file (type png)
<use images/Oracle__Five_Questions__demos__demo4_hypothesis_experiments.png>
Package pdftex.def Info: images/Oracle__Five_Questions__demos__demo4_hypothesis
_experiments.png  used on input line 16874.
(pdftex.def)             Requested size: 385.50183pt x 412.07426pt.
<images/Oracle__Five_Questions__demos__demo5_applications.png, id=16291, 1068.6
324pt x 989.6172pt>
File: images/Oracle__Five_Questions__demos__demo5_applications.png Graphic file
 (type png)
<use images/Oracle__Five_Questions__demos__demo5_applications.png>
Package pdftex.def Info: images/Oracle__Five_Questions__demos__demo5_applicatio
ns.png  used on input line 16882.
(pdftex.def)             Requested size: 385.50183pt x 356.98674pt.


[414

 <./images/Oracle__Five_Questions__demos__demo1_meta_oracle_convergence.png>]

[415 <./images/Oracle__Five_Questions__demos__demo2_tropical_quantum_optimizati
on.png>]

[416 <./images/Oracle__Five_Questions__demos__demo3_omega_point_dynamics.png>]

[417 <./images/Oracle__Five_Questions__demos__demo4_hypothesis_experiments.png>
]

[418 <./images/Oracle__Five_Questions__demos__demo5_applications.png>]

[419]

[420]

[421]

[422]

Package hyperref Warning: Token not allowed in a PDF string (Unicode):
(hyperref)                removing `\varepsilon' on input line 17121.



[423]

[424]

[425]

[426]

[427]

[428]

[429]
Chapter 32.
<images/Oracle__Three_Dreams__visuals__dream6_heatmap.png, id=16405, 644.6484pt
 x 569.9694pt>
File: images/Oracle__Three_Dreams__visuals__dream6_heatmap.png Graphic file (ty
pe png)
<use images/Oracle__Three_Dreams__visuals__dream6_heatmap.png>
Package pdftex.def Info: images/Oracle__Three_Dreams__visuals__dream6_heatmap.p
ng  used on input line 17424.
(pdftex.def)             Requested size: 385.50183pt x 340.85367pt.
<images/Oracle__Three_Dreams__visuals__dream6_interference_growth.png, id=16406
, 1004.0712pt x 424.9476pt>
File: images/Oracle__Three_Dreams__visuals__dream6_interference_growth.png Grap
hic file (type png)
<use images/Oracle__Three_Dreams__visuals__dream6_interference_growth.png>
Package pdftex.def Info: images/Oracle__Three_Dreams__visuals__dream6_interfere
nce_growth.png  used on input line 17432.
(pdftex.def)             Requested size: 385.50183pt x 163.15468pt.
<images/Oracle__Three_Dreams__visuals__dream6_venn.png, id=16407, 459.1554pt x 
510.2262pt>
File: images/Oracle__Three_Dreams__visuals__dream6_venn.png Graphic file (type 
png)
<use images/Oracle__Three_Dreams__visuals__dream6_venn.png>
Package pdftex.def Info: images/Oracle__Three_Dreams__visuals__dream6_venn.png 
 used on input line 17440.
(pdftex.def)             Requested size: 385.50183pt x 428.40022pt.
<images/Oracle__Three_Dreams__visuals__dream7_corpus_simulation.png, id=16408, 
1002.6258pt x 738.5994pt>
File: images/Oracle__Three_Dreams__visuals__dream7_corpus_simulation.png Graphi
c file (type png)
<use images/Oracle__Three_Dreams__visuals__dream7_corpus_simulation.png>
Package pdftex.def Info: images/Oracle__Three_Dreams__visuals__dream7_corpus_si
mulation.png  used on input line 17448.
(pdftex.def)             Requested size: 385.50183pt x 283.9841pt.
<images/Oracle__Three_Dreams__visuals__dream7_field_comparison.png, id=16409, 1
146.2022pt x 497.2176pt>
File: images/Oracle__Three_Dreams__visuals__dream7_field_comparison.png Graphic
 file (type png)
<use images/Oracle__Three_Dreams__visuals__dream7_field_comparison.png>
Package pdftex.def Info: images/Oracle__Three_Dreams__visuals__dream7_field_com
parison.png  used on input line 17456.
(pdftex.def)             Requested size: 385.50183pt x 167.2233pt.
<images/Oracle__Three_Dreams__visuals__dream7_value_function.png, id=16410, 127
9.6608pt x 351.714pt>
File: images/Oracle__Three_Dreams__visuals__dream7_value_function.png Graphic f
ile (type png)
<use images/Oracle__Three_Dreams__visuals__dream7_value_function.png>
Package pdftex.def Info: images/Oracle__Three_Dreams__visuals__dream7_value_fun
ction.png  used on input line 17464.
(pdftex.def)             Requested size: 385.50183pt x 105.94972pt.


[430

 <./images/Oracle__Three_Dreams__visuals__dream6_heatmap.png>]

[431 <./images/Oracle__Three_Dreams__visuals__dream6_interference_growth.png> <
./images/Oracle__Three_Dreams__visuals__dream6_venn.png>]

[432 <./images/Oracle__Three_Dreams__visuals__dream7_corpus_simulation.png> <./
images/Oracle__Three_Dreams__visuals__dream7_field_comparison.png> <./images/Or
acle__Three_Dreams__visuals__dream7_value_function.png>]

[433]

[434]

[435]

[436]

[437]
Overfull \hbox (0.75523pt too wide) in paragraph at lines 17801--17802
[]\T1/lmr/m/n/10 Heisenberg, W. (1927). Über den an-schaulichen In-halt der qua
n-ten-the-o-retis-chen Kine-matik und Mechanik. 
 []



[438]

[439]

[440]

[441]

[442

]

[443]
Chapter 33.
<images/Stereographic__Complexity__demos__complexity_landscape.png, id=16505, 1
417.9374pt x 717.882pt>
File: images/Stereographic__Complexity__demos__complexity_landscape.png Graphic
 file (type png)
<use images/Stereographic__Complexity__demos__complexity_landscape.png>
Package pdftex.def Info: images/Stereographic__Complexity__demos__complexity_la
ndscape.png  used on input line 17950.
(pdftex.def)             Requested size: 385.50183pt x 195.16711pt.
<images/Stereographic__Complexity__demos__custom_universes.png, id=16506, 1253.
1618pt x 1064.778pt>
File: images/Stereographic__Complexity__demos__custom_universes.png Graphic fil
e (type png)
<use images/Stereographic__Complexity__demos__custom_universes.png>
Package pdftex.def Info: images/Stereographic__Complexity__demos__custom_univer
ses.png  used on input line 17958.
(pdftex.def)             Requested size: 385.50183pt x 327.54321pt.
<images/Stereographic__Complexity__demos__defect_algebra_experiments.png, id=16
507, 1286.406pt x 962.6364pt>
File: images/Stereographic__Complexity__demos__defect_algebra_experiments.png G
raphic file (type png)
<use images/Stereographic__Complexity__demos__defect_algebra_experiments.png>
Package pdftex.def Info: images/Stereographic__Complexity__demos__defect_algebr
a_experiments.png  used on input line 17966.
(pdftex.def)             Requested size: 385.50183pt x 288.47pt.
<images/Stereographic__Complexity__demos__stereographic_complexity.png, id=1650
8, 1323.9864pt x 1072.005pt>
File: images/Stereographic__Complexity__demos__stereographic_complexity.png Gra
phic file (type png)
<use images/Stereographic__Complexity__demos__stereographic_complexity.png>
Package pdftex.def Info: images/Stereographic__Complexity__demos__stereographic
_complexity.png  used on input line 17974.
(pdftex.def)             Requested size: 385.50183pt x 312.13301pt.
<images/Stereographic__Complexity__demos__tropical_families.png, id=16509, 1582
.2312pt x 1145.2386pt>
File: images/Stereographic__Complexity__demos__tropical_families.png Graphic fi
le (type png)
<use images/Stereographic__Complexity__demos__tropical_families.png>
Package pdftex.def Info: images/Stereographic__Complexity__demos__tropical_fami
lies.png  used on input line 17982.
(pdftex.def)             Requested size: 385.50183pt x 279.02191pt.
<images/Stereographic__Complexity__demos__tropical_stereo_synthesis.png, id=165
10, 1246.4166pt x 844.5954pt>
File: images/Stereographic__Complexity__demos__tropical_stereo_synthesis.png Gr
aphic file (type png)
<use images/Stereographic__Complexity__demos__tropical_stereo_synthesis.png>
Package pdftex.def Info: images/Stereographic__Complexity__demos__tropical_ster
eo_synthesis.png  used on input line 17990.
(pdftex.def)             Requested size: 385.50183pt x 261.21616pt.


[444

 <./images/Stereographic__Complexity__demos__complexity_landscape.png>]

[445 <./images/Stereographic__Complexity__demos__custom_universes.png> <./image
s/Stereographic__Complexity__demos__defect_algebra_experiments.png>]

[446 <./images/Stereographic__Complexity__demos__stereographic_complexity.png> 
<./images/Stereographic__Complexity__demos__tropical_families.png>]

[447 <./images/Stereographic__Complexity__demos__tropical_stereo_synthesis.png>
]
Overfull \hbox (76.73726pt too wide) in paragraph at lines 18062--18071
 [] 
 []



[448]
Overfull \hbox (3.06981pt too wide) in paragraph at lines 18141--18157
 [] 
 []



[449]

[450]

[451]

[452]

[453]

[454]

[455]

[456]

[457]
Chapter 34.
<images/Stereographic__Conformal__demos__demo01_conformal_potential_landscape.p
ng, id=16621, 1400.1108pt x 1135.1208pt>
File: images/Stereographic__Conformal__demos__demo01_conformal_potential_landsc
ape.png Graphic file (type png)
<use images/Stereographic__Conformal__demos__demo01_conformal_potential_landsca
pe.png>
Package pdftex.def Info: images/Stereographic__Conformal__demos__demo01_conform
al_potential_landscape.png  used on input line 18586.
(pdftex.def)             Requested size: 385.50183pt x 312.53157pt.
<images/Stereographic__Conformal__demos__demo02_stereographic_dynamics.png, id=
16622, 926.0196pt x 1419.3828pt>
File: images/Stereographic__Conformal__demos__demo02_stereographic_dynamics.png
 Graphic file (type png)
<use images/Stereographic__Conformal__demos__demo02_stereographic_dynamics.png>

Package pdftex.def Info: images/Stereographic__Conformal__demos__demo02_stereog
raphic_dynamics.png  used on input line 18594.
(pdftex.def)             Requested size: 385.50183pt x 590.89548pt.
<images/Stereographic__Conformal__demos__demo03_turing_patterns_on_sphere.png, 
id=16623, 1447.809pt x 1007.9256pt>
File: images/Stereographic__Conformal__demos__demo03_turing_patterns_on_sphere.
png Graphic file (type png)
<use images/Stereographic__Conformal__demos__demo03_turing_patterns_on_sphere.p
ng>
Package pdftex.def Info: images/Stereographic__Conformal__demos__demo03_turing_
patterns_on_sphere.png  used on input line 18602.
(pdftex.def)             Requested size: 385.50183pt x 268.37552pt.
<images/Stereographic__Conformal__demos__demo04_lattice_crystallization.png, id
=16624, 1437.6912pt x 1134.639pt>
File: images/Stereographic__Conformal__demos__demo04_lattice_crystallization.pn
g Graphic file (type png)
<use images/Stereographic__Conformal__demos__demo04_lattice_crystallization.png
>
Package pdftex.def Info: images/Stereographic__Conformal__demos__demo04_lattice
_crystallization.png  used on input line 18610.
(pdftex.def)             Requested size: 385.50183pt x 304.22711pt.
<images/Stereographic__Conformal__demos__demo05_dimensional_resonance.png, id=1
6625, 1436.7276pt x 1123.5576pt>
File: images/Stereographic__Conformal__demos__demo05_dimensional_resonance.png 
Graphic file (type png)
<use images/Stereographic__Conformal__demos__demo05_dimensional_resonance.png>
Package pdftex.def Info: images/Stereographic__Conformal__demos__demo05_dimensi
onal_resonance.png  used on input line 18618.
(pdftex.def)             Requested size: 385.50183pt x 301.46161pt.
<images/Stereographic__Conformal__demos__demo06_stereographic_chaos.png, id=166
26, 1431.4278pt x 1412.1558pt>
File: images/Stereographic__Conformal__demos__demo06_stereographic_chaos.png Gr
aphic file (type png)
<use images/Stereographic__Conformal__demos__demo06_stereographic_chaos.png>
Package pdftex.def Info: images/Stereographic__Conformal__demos__demo06_stereog
raphic_chaos.png  used on input line 18626.
(pdftex.def)             Requested size: 385.50183pt x 380.29596pt.


[458

 <./images/Stereographic__Conformal__demos__demo01_conformal_potential_landscap
e.png>]

[459 <./images/Stereographic__Conformal__demos__demo02_stereographic_dynamics.p
ng>]

[460 <./images/Stereographic__Conformal__demos__demo03_turing_patterns_on_spher
e.png> <./images/Stereographic__Conformal__demos__demo04_lattice_crystallizatio
n.png>]

[461 <./images/Stereographic__Conformal__demos__demo05_dimensional_resonance.pn
g>]

[462 <./images/Stereographic__Conformal__demos__demo06_stereographic_chaos.png>
]

[463]

[464]

[465]

[466]
Overfull \hbox (9.01318pt too wide) in paragraph at lines 18915--18925
 [] 
 []



[467]

[468]

[469]

[470]

[471]

[472]

[473]
Chapter 35.

Overfull \hbox (27.4553pt too wide) in paragraph at lines 19201--19201
|\T1/lmr/bx/n/24.88 Inverse N-Dimensional Stere-o-graphic Pro-
 []

<images/Stereographic__InverseNDim__demos__demo1_conformal_attractor.png, id=16
719, 1075.3776pt x 800.7516pt>
File: images/Stereographic__InverseNDim__demos__demo1_conformal_attractor.png G
raphic file (type png)
<use images/Stereographic__InverseNDim__demos__demo1_conformal_attractor.png>
Package pdftex.def Info: images/Stereographic__InverseNDim__demos__demo1_confor
mal_attractor.png  used on input line 19209.
(pdftex.def)             Requested size: 385.50183pt x 287.06073pt.
<images/Stereographic__InverseNDim__demos__demo2_energy_landscape.png, id=16720
, 1058.0328pt x 926.5014pt>
File: images/Stereographic__InverseNDim__demos__demo2_energy_landscape.png Grap
hic file (type png)
<use images/Stereographic__InverseNDim__demos__demo2_energy_landscape.png>
Package pdftex.def Info: images/Stereographic__InverseNDim__demos__demo2_energy
_landscape.png  used on input line 19217.
(pdftex.def)             Requested size: 385.50183pt x 337.58351pt.
<images/Stereographic__InverseNDim__demos__demo3_fisher_information.png, id=167
21, 1067.187pt x 926.9832pt>
File: images/Stereographic__InverseNDim__demos__demo3_fisher_information.png Gr
aphic file (type png)
<use images/Stereographic__InverseNDim__demos__demo3_fisher_information.png>
Package pdftex.def Info: images/Stereographic__InverseNDim__demos__demo3_fisher
_information.png  used on input line 19225.
(pdftex.def)             Requested size: 385.50183pt x 334.8594pt.
<images/Stereographic__InverseNDim__demos__demo4_spectral_harmonics.png, id=167
22, 1424.2008pt x 1145.7204pt>
File: images/Stereographic__InverseNDim__demos__demo4_spectral_harmonics.png Gr
aphic file (type png)
<use images/Stereographic__InverseNDim__demos__demo4_spectral_harmonics.png>
Package pdftex.def Info: images/Stereographic__InverseNDim__demos__demo4_spectr
al_harmonics.png  used on input line 19233.
(pdftex.def)             Requested size: 385.50183pt x 310.11786pt.
<images/Stereographic__InverseNDim__demos__demo5_quantum_husimi.png, id=16723, 
1047.4332pt x 885.5484pt>
File: images/Stereographic__InverseNDim__demos__demo5_quantum_husimi.png Graphi
c file (type png)
<use images/Stereographic__InverseNDim__demos__demo5_quantum_husimi.png>
Package pdftex.def Info: images/Stereographic__InverseNDim__demos__demo5_quantu
m_husimi.png  used on input line 19241.
(pdftex.def)             Requested size: 385.50183pt x 325.9182pt.
<images/Stereographic__InverseNDim__demos__demo6_dimensional_resonance.png, id=
16724, 1181.8554pt x 1051.7694pt>
File: images/Stereographic__InverseNDim__demos__demo6_dimensional_resonance.png
 Graphic file (type png)
<use images/Stereographic__InverseNDim__demos__demo6_dimensional_resonance.png>

Package pdftex.def Info: images/Stereographic__InverseNDim__demos__demo6_dimens
ional_resonance.png  used on input line 19249.
(pdftex.def)             Requested size: 385.50183pt x 343.05675pt.
! Missing $ inserted.
<inserted text> 
                $
l.19265 ...ereographic projection $\sigma^{-1}$\\_
                                                  N: \ensuremath{\mathbb{R}}...
I've inserted a begin-math/end-math symbol since I think
you left one out. Proceed, with fingers crossed.


LaTeX Warning: Command \" invalid in math mode on input line 19265.

! Missing $ inserted.
<inserted text> 
                $
l.19266 
        
I've inserted a begin-math/end-math symbol since I think
you left one out. Proceed, with fingers crossed.


Overfull \hbox (1192.92566pt too wide) in paragraph at lines 19265--19266
[] \OT1/lmr/m/n/10 : \U/msb/m/n/10 R[] \OMS/lmsy/m/n/10 ! \OML/lmm/m/it/10 S[]\
OT1/lmr/m/n/10 (\OML/lmm/m/it/10 conformalstructure; M\OT1/lmr/m/n/10 ö\OML/lmm
/m/it/10 biusgroups; numbertheory; Hopffibrations; Lorentziangeometry; andApoll
onianpackings\OT1/lmr/m/n/10 )\OML/lmm/m/it/10 ; wediscoversevenadditionallands
capesthatemergewhenthisclassicalmapisexaminedthroughthelensesofdynamicalsystems
; informationgeometry; spectraltheory; quantummechanics; algebraicgeometry; and
thearithmeticofnormeddivisionalgebras:$ 
 []



[474

 <./images/Stereographic__InverseNDim__demos__demo1_conformal_attractor.png>]

[475 <./images/Stereographic__InverseNDim__demos__demo2_energy_landscape.png> <
./images/Stereographic__InverseNDim__demos__demo3_fisher_information.png>]

[476 <./images/Stereographic__InverseNDim__demos__demo4_spectral_harmonics.png>
 <./images/Stereographic__InverseNDim__demos__demo5_quantum_husimi.png>]

[477 <./images/Stereographic__InverseNDim__demos__demo6_dimensional_resonance.p
ng>]
! Missing $ inserted.
<inserted text> 
                $
l.19285 ...veal when examined through new lenses?}
                                                  
I've inserted a begin-math/end-math symbol since I think
you left one out. Proceed, with fingers crossed.

! Extra }, or forgotten $.
<recently read> \egroup 
                        
l.19285 ...veal when examined through new lenses?}
                                                  
I've deleted a group-closing symbol because it seems to be
spurious, as in `$x}$'. But perhaps the } is legitimate and
you forgot something else, as in `\hbox{$x}'. In such cases
the way to recover is to insert both the forgotten and the
deleted material, e.g., by typing `I$}'.

! Missing $ inserted.
<inserted text> 
                $
l.19286 
        
I've inserted a begin-math/end-math symbol since I think
you left one out. Proceed, with fingers crossed.


Overfull \hbox (33.86865pt too wide) in paragraph at lines 19291--19304
 [] 
 []



[478]

[479]

[480]

[481]

[482]

[483]

[484]

[485]

[486]

[487]

[488]

[489]
Chapter 36.

Overfull \hbox (17.95425pt too wide) in paragraph at lines 19839--19839
|\T1/lmr/bx/n/24.88 Möbius Co-vari-ance & In-te-ger Pole Charts| 
 []

<images/Stereographic__Moebius__demos__applications.png, id=16840, 1079.7138pt 
x 920.7198pt>
File: images/Stereographic__Moebius__demos__applications.png Graphic file (type
 png)
<use images/Stereographic__Moebius__demos__applications.png>
Package pdftex.def Info: images/Stereographic__Moebius__demos__applications.png
  used on input line 19847.
(pdftex.def)             Requested size: 385.50183pt x 328.73337pt.
<images/Stereographic__Moebius__demos__conformal_property.png, id=16841, 805.56
96pt x 408.0846pt>
File: images/Stereographic__Moebius__demos__conformal_property.png Graphic file
 (type png)
<use images/Stereographic__Moebius__demos__conformal_property.png>
Package pdftex.def Info: images/Stereographic__Moebius__demos__conformal_proper
ty.png  used on input line 19855.
(pdftex.def)             Requested size: 385.50183pt x 195.28682pt.
<images/Stereographic__Moebius__demos__crystallization.png, id=16842, 830.6232p
t x 785.334pt>
File: images/Stereographic__Moebius__demos__crystallization.png Graphic file (t
ype png)
<use images/Stereographic__Moebius__demos__crystallization.png>
Package pdftex.def Info: images/Stereographic__Moebius__demos__crystallization.
png  used on input line 19863.
(pdftex.def)             Requested size: 385.50183pt x 364.4935pt.
<images/Stereographic__Moebius__demos__dual_universes.png, id=16843, 955.8912pt
 x 680.3016pt>
File: images/Stereographic__Moebius__demos__dual_universes.png Graphic file (ty
pe png)
<use images/Stereographic__Moebius__demos__dual_universes.png>
Package pdftex.def Info: images/Stereographic__Moebius__demos__dual_universes.p
ng  used on input line 19871.
(pdftex.def)             Requested size: 385.50183pt x 274.35802pt.
<images/Stereographic__Moebius__demos__factorization_lens.png, id=16844, 950.10
96pt x 569.4876pt>
File: images/Stereographic__Moebius__demos__factorization_lens.png Graphic file
 (type png)
<use images/Stereographic__Moebius__demos__factorization_lens.png>
Package pdftex.def Info: images/Stereographic__Moebius__demos__factorization_le
ns.png  used on input line 19879.
(pdftex.def)             Requested size: 385.50183pt x 231.067pt.
<images/Stereographic__Moebius__demos__integer_poles.png, id=16845, 1067.6688pt
 x 924.5742pt>
File: images/Stereographic__Moebius__demos__integer_poles.png Graphic file (typ
e png)
<use images/Stereographic__Moebius__demos__integer_poles.png>
Package pdftex.def Info: images/Stereographic__Moebius__demos__integer_poles.pn
g  used on input line 19887.
(pdftex.def)             Requested size: 385.50183pt x 333.834pt.


[490

 <./images/Stereographic__Moebius__demos__applications.png>]

[491 <./images/Stereographic__Moebius__demos__conformal_property.png> <./images
/Stereographic__Moebius__demos__crystallization.png>]

[492 <./images/Stereographic__Moebius__demos__dual_universes.png> <./images/Ste
reographic__Moebius__demos__factorization_lens.png>]

[493 <./images/Stereographic__Moebius__demos__integer_poles.png>]

[494]
! Extra }, or forgotten $.
<template> \unskip \hfil }
                          \hskip \tabcolsep \endtemplate 
l.20000 $(1,0)$ & $z/(z+1)$ & \$1/2$ &
                                       $\infty$ & $(1+i)/2$ \\
I've deleted a group-closing symbol because it seems to be
spurious, as in `$x}$'. But perhaps the } is legitimate and
you forgot something else, as in `\hbox{$x}'. In such cases
the way to recover is to insert both the forgotten and the
deleted material, e.g., by typing `I$}'.

! Missing $ inserted.
<inserted text> 
                $
l.20000 $(1,0)$ & $z/(z+1)$ & \$1/2$ &
                                       $\infty$ & $(1+i)/2$ \\
I've inserted a begin-math/end-math symbol since I think
you left one out. Proceed, with fingers crossed.

! Missing } inserted.
<inserted text> 
                }
l.20000 $(1,0)$ & $z/(z+1)$ & \$1/2$ &
                                       $\infty$ & $(1+i)/2$ \\
I've inserted something that you may have forgotten.
(See the <inserted text> above.)
With luck, this will get me unwedged. But if you
really didn't forget anything, try typing `2' now; then
my insertion and my current dilemma will both disappear.

! Extra }, or forgotten $.
<template> \unskip \hfil }
                          \hskip \tabcolsep \endtemplate 
l.20001 $(0,1)$ & \$1/(z+1)$ &
                               \$1/2$ & $\infty$ & $(1-i)/2$ \\
I've deleted a group-closing symbol because it seems to be
spurious, as in `$x}$'. But perhaps the } is legitimate and
you forgot something else, as in `\hbox{$x}'. In such cases
the way to recover is to insert both the forgotten and the
deleted material, e.g., by typing `I$}'.

! Missing $ inserted.
<inserted text> 
                $
l.20001 $(0,1)$ & \$1/(z+1)$ &
                               \$1/2$ & $\infty$ & $(1-i)/2$ \\
I've inserted a begin-math/end-math symbol since I think
you left one out. Proceed, with fingers crossed.

! Missing } inserted.
<inserted text> 
                }
l.20001 $(0,1)$ & \$1/(z+1)$ &
                               \$1/2$ & $\infty$ & $(1-i)/2$ \\
I've inserted something that you may have forgotten.
(See the <inserted text> above.)
With luck, this will get me unwedged. But if you
really didn't forget anything, try typing `2' now; then
my insertion and my current dilemma will both disappear.

! Extra }, or forgotten $.
<template> \unskip \hfil }
                          \hskip \tabcolsep \endtemplate 
l.20001 $(0,1)$ & \$1/(z+1)$ & \$1/2$ &
                                        $\infty$ & $(1-i)/2$ \\
I've deleted a group-closing symbol because it seems to be
spurious, as in `$x}$'. But perhaps the } is legitimate and
you forgot something else, as in `\hbox{$x}'. In such cases
the way to recover is to insert both the forgotten and the
deleted material, e.g., by typing `I$}'.

! Missing $ inserted.
<inserted text> 
                $
l.20001 $(0,1)$ & \$1/(z+1)$ & \$1/2$ &
                                        $\infty$ & $(1-i)/2$ \\
I've inserted a begin-math/end-math symbol since I think
you left one out. Proceed, with fingers crossed.

! Missing } inserted.
<inserted text> 
                }
l.20001 $(0,1)$ & \$1/(z+1)$ & \$1/2$ &
                                        $\infty$ & $(1-i)/2$ \\
I've inserted something that you may have forgotten.
(See the <inserted text> above.)
With luck, this will get me unwedged. But if you
really didn't forget anything, try typing `2' now; then
my insertion and my current dilemma will both disappear.

! Extra }, or forgotten $.
<template> \unskip \hfil }
                          \hskip \tabcolsep \endtemplate 
l.20002 $(2,3)$ & $(2z+3)/(z+1)$ & \$5/2$ &
                                            $\infty$ & $(5+i)/2$ \\
I've deleted a group-closing symbol because it seems to be
spurious, as in `$x}$'. But perhaps the } is legitimate and
you forgot something else, as in `\hbox{$x}'. In such cases
the way to recover is to insert both the forgotten and the
deleted material, e.g., by typing `I$}'.

! Missing $ inserted.
<inserted text> 
                $
l.20002 $(2,3)$ & $(2z+3)/(z+1)$ & \$5/2$ &
                                            $\infty$ & $(5+i)/2$ \\
I've inserted a begin-math/end-math symbol since I think
you left one out. Proceed, with fingers crossed.

! Missing } inserted.
<inserted text> 
                }
l.20002 $(2,3)$ & $(2z+3)/(z+1)$ & \$5/2$ &
                                            $\infty$ & $(5+i)/2$ \\
I've inserted something that you may have forgotten.
(See the <inserted text> above.)
With luck, this will get me unwedged. But if you
really didn't forget anything, try typing `2' now; then
my insertion and my current dilemma will both disappear.


Overfull \hbox (2.43132pt too wide) in paragraph at lines 20018--20019
\T1/lmr/bx/it/10 Theorem 4.1 (Affine Tran-si-tion Maps). \T1/lmr/m/it/10 The tr
an-si-tion map from the $\OT1/lmr/m/n/10 (\OML/lmm/m/it/10 n[]\OT1/lmr/m/n/10 1
\OML/lmm/m/it/10 ; m[]\OT1/lmr/m/n/10 1)$\T1/lmr/m/it/10 -chart to the $\OT1/lm
r/m/n/10 (\OML/lmm/m/it/10 n[]\OT1/lmr/m/n/10 2\OML/lmm/m/it/10 ; m[]\OT1/lmr/m
/n/10 2)$\T1/lmr/m/it/10 -
 []



[495]
! Missing { inserted.
<to be read again> 
                   \aftergroup 
l.20040 ...ext{Aff}(\mathbb{Q}) \cong \mathbb{Q}^}
                                                   \ltimes \mathbb{Q}$.*
A left brace was mandatory here, so I've put one in.
You might want to delete and/or insert some corrections
so that I will find a matching right brace soon.
(If you're confused by all this, try typing `I}' now.)

! Missing $ inserted.
<inserted text> 
                $
l.20050 ...ation structure changes: \$6 = 2 \times
                                                   3$ vs. \$8 = 2^3$.
I've inserted a begin-math/end-math symbol since I think
you left one out. Proceed, with fingers crossed.

! Missing $ inserted.
<inserted text> 
                $
l.20050 ...changes: \$6 = 2 \times 3$ vs. \$8 = 2^
                                                  3$.
I've inserted a begin-math/end-math symbol since I think
you left one out. Proceed, with fingers crossed.

! Missing $ inserted.
<inserted text> 
                $
l.20085 ...ator of $\sigma\_N^{-1}(t)$ is \$1 + t^
                                                  2$. This factors over $\ma...
I've inserted a begin-math/end-math symbol since I think
you left one out. Proceed, with fingers crossed.



[496]

[497]

[498]

[499]
! Missing $ inserted.
<inserted text> 
                $
l.20233 
        
I've inserted a begin-math/end-math symbol since I think
you left one out. Proceed, with fingers crossed.



[500]

[501]

[502]
Chapter 37.

Overfull \hbox (18.89865pt too wide) in paragraph at lines 20327--20327
|\T1/lmr/bx/n/24.88 N-Dimensional Stere-o-graphic Land-scapes| 
 []

<images/Stereographic__NDimensional__Demos__demo10_curvature_flow.png, id=16924
, 1164.0288pt x 1052.2512pt>
File: images/Stereographic__NDimensional__Demos__demo10_curvature_flow.png Grap
hic file (type png)
<use images/Stereographic__NDimensional__Demos__demo10_curvature_flow.png>
Package pdftex.def Info: images/Stereographic__NDimensional__Demos__demo10_curv
ature_flow.png  used on input line 20335.
(pdftex.def)             Requested size: 385.50183pt x 348.48029pt.
<images/Stereographic__NDimensional__Demos__demo11_dimensional_portal.png, id=1
6925, 1181.8554pt x 1052.2512pt>
File: images/Stereographic__NDimensional__Demos__demo11_dimensional_portal.png 
Graphic file (type png)
<use images/Stereographic__NDimensional__Demos__demo11_dimensional_portal.png>
Package pdftex.def Info: images/Stereographic__NDimensional__Demos__demo11_dime
nsional_portal.png  used on input line 20343.
(pdftex.def)             Requested size: 385.50183pt x 343.2139pt.
<images/Stereographic__NDimensional__Demos__demo12_conformal_field.png, id=1692
6, 1168.8468pt x 1052.733pt>
File: images/Stereographic__NDimensional__Demos__demo12_conformal_field.png Gra
phic file (type png)
<use images/Stereographic__NDimensional__Demos__demo12_conformal_field.png>
Package pdftex.def Info: images/Stereographic__NDimensional__Demos__demo12_conf
ormal_field.png  used on input line 20351.
(pdftex.def)             Requested size: 385.50183pt x 347.19414pt.
<images/Stereographic__NDimensional__Demos__demo13_polytope_projection.png, id=
16927, 1041.1698pt x 1020.4524pt>
File: images/Stereographic__NDimensional__Demos__demo13_polytope_projection.png
 Graphic file (type png)
<use images/Stereographic__NDimensional__Demos__demo13_polytope_projection.png>

Package pdftex.def Info: images/Stereographic__NDimensional__Demos__demo13_poly
tope_projection.png  used on input line 20359.
(pdftex.def)             Requested size: 385.50183pt x 377.82617pt.
<images/Stereographic__NDimensional__Demos__demo14_grand_synthesis.png, id=1692
8, 1381.3206pt x 1176.0738pt>
File: images/Stereographic__NDimensional__Demos__demo14_grand_synthesis.png Gra
phic file (type png)
<use images/Stereographic__NDimensional__Demos__demo14_grand_synthesis.png>
Package pdftex.def Info: images/Stereographic__NDimensional__Demos__demo14_gran
d_synthesis.png  used on input line 20367.
(pdftex.def)             Requested size: 385.50183pt x 328.2217pt.
<images/Stereographic__NDimensional__Demos__demo1_2d_stereographic.png, id=1692
9, 1048.8786pt x 924.5742pt>
File: images/Stereographic__NDimensional__Demos__demo1_2d_stereographic.png Gra
phic file (type png)
<use images/Stereographic__NDimensional__Demos__demo1_2d_stereographic.png>
Package pdftex.def Info: images/Stereographic__NDimensional__Demos__demo1_2d_st
ereographic.png  used on input line 20375.
(pdftex.def)             Requested size: 385.50183pt x 339.80162pt.


[503

 <./images/Stereographic__NDimensional__Demos__demo10_curvature_flow.png>]

[504 <./images/Stereographic__NDimensional__Demos__demo11_dimensional_portal.pn
g>]

[505 <./images/Stereographic__NDimensional__Demos__demo12_conformal_field.png>]


[506 <./images/Stereographic__NDimensional__Demos__demo13_polytope_projection.p
ng>]

[507 <./images/Stereographic__NDimensional__Demos__demo14_grand_synthesis.png> 
<./images/Stereographic__NDimensional__Demos__demo1_2d_stereographic.png>]

[508]
! Missing $ inserted.
<inserted text> 
                $
l.20484 ...\times 2$ matrices with $ad - bc = 1$:}
                                                  
I've inserted a begin-math/end-math symbol since I think
you left one out. Proceed, with fingers crossed.



[509]
Overfull \hbox (47.82535pt too wide) in paragraph at lines 20499--20500
[]\T1/lmr/bx/it/10 Theorem 4.1 \T1/lmr/m/it/10 (For-mal-ized as \T1/lmtt/m/it/1
0 rational_stereo_denom\T1/lmr/m/it/10 , \T1/lmtt/m/it/10 rational_stereo_denom
_3d\T1/lmr/m/it/10 , \T1/lmtt/m/it/10 pythagorean_nd_identity_2d
 []

! Missing $ inserted.
<inserted text> 
                $
l.20529 ... $(p/q, 1/(2q^2))$ with radius \$1/(2q^
                                                  2)$. These circles are mut...
I've inserted a begin-math/end-math symbol since I think
you left one out. Proceed, with fingers crossed.

! Missing $ inserted.
<inserted text> 
                $
l.20544 $N = 3$ & All except \$4^
                                 a(8b+7)$ & Almost all integers appear \\
I've inserted a begin-math/end-math symbol since I think
you left one out. Proceed, with fingers crossed.



[510]
Overfull \hbox (12.7812pt too wide) in paragraph at lines 20561--20562
[]\T1/lmr/bx/it/10 Theorem 5.2 \T1/lmr/m/it/10 (For-mal-ized as \T1/lmtt/m/it/1
0 hopf_fiber_on_sphere\T1/lmr/m/it/10 ). The fiber parametrized by $\OT1/lmr/m/
n/10 ([](\OML/lmm/m/it/10 ^^R=\OT1/lmr/m/n/10 2)\OML/lmm/m/it/10 e[]; []\OT1/lm
r/m/n/10 (\OML/lmm/m/it/10 ^^R=\OT1/lmr/m/n/10 2)\OML/lmm/m/it/10 e[]\OT1/lmr/m
/n/10 )$
 []



[511]
! Missing $ inserted.
<inserted text> 
                $
l.20628 
        
I've inserted a begin-math/end-math symbol since I think
you left one out. Proceed, with fingers crossed.

! Missing $ inserted.
<inserted text> 
                $
l.20634 
        
I've inserted a begin-math/end-math symbol since I think
you left one out. Proceed, with fingers crossed.



[512]

[513]

[514]
Overfull \hbox (47.93056pt too wide) in paragraph at lines 20783--20784
\T1/lmr/m/it/10 anal-y-sis on the sign of $\OML/lmm/m/it/10 k[]\OT1/lmr/m/n/10 
1\OML/lmm/m/it/10 k[]\OT1/lmr/m/n/10 2 + \OML/lmm/m/it/10 k[]\OT1/lmr/m/n/10 2\
OML/lmm/m/it/10 k[]\OT1/lmr/m/n/10 3 + \OML/lmm/m/it/10 k[]\OT1/lmr/m/n/10 3\OM
L/lmm/m/it/10 k[]\OT1/lmr/m/n/10 1$\T1/lmr/m/it/10 , then ap-plies \T1/lmtt/m/i
t/10 Real.mul_self_sqrt \T1/lmr/m/it/10 or \T1/lmtt/m/it/10 Real.sqrt_eq_zero_o
f_nonpos
 []



[515]
Overfull \hbox (151.39404pt too wide) in paragraph at lines 20864--20865
\T1/lmr/m/it/10 iza-tions are in \T1/lmtt/m/it/10 Stereographic/NDimensional/ND
imStereographic.lean \T1/lmr/m/it/10 and \T1/lmtt/m/it/10 Stereographic/NDimens
ional/InverseStereoLandscapes.lean\T1/lmr/m/it/10 . 
 []



[516]

[517]

[518]

[519]

[520]

[521]
Chapter 38.
<images/Stereographic__NewLandscapes__Demos__demo01_stereographic_dynamics.png,
 id=17046, 1203.0546pt x 1136.5662pt>
File: images/Stereographic__NewLandscapes__Demos__demo01_stereographic_dynamics
.png Graphic file (type png)
<use images/Stereographic__NewLandscapes__Demos__demo01_stereographic_dynamics.
png>
Package pdftex.def Info: images/Stereographic__NewLandscapes__Demos__demo01_ste
reographic_dynamics.png  used on input line 21053.
(pdftex.def)             Requested size: 385.50183pt x 364.19421pt.
<images/Stereographic__NewLandscapes__Demos__demo02_fisher_sphere.png, id=17047
, 1436.2458pt x 1134.639pt>
File: images/Stereographic__NewLandscapes__Demos__demo02_fisher_sphere.png Grap
hic file (type png)
<use images/Stereographic__NewLandscapes__Demos__demo02_fisher_sphere.png>
Package pdftex.def Info: images/Stereographic__NewLandscapes__Demos__demo02_fis
her_sphere.png  used on input line 21061.
(pdftex.def)             Requested size: 385.50183pt x 304.53874pt.
<images/Stereographic__NewLandscapes__Demos__demo03_quantum_bloch.png, id=17048
, 1176.5556pt x 1136.5662pt>
File: images/Stereographic__NewLandscapes__Demos__demo03_quantum_bloch.png Grap
hic file (type png)
<use images/Stereographic__NewLandscapes__Demos__demo03_quantum_bloch.png>
Package pdftex.def Info: images/Stereographic__NewLandscapes__Demos__demo03_qua
ntum_bloch.png  used on input line 21069.
(pdftex.def)             Requested size: 385.50183pt x 372.39725pt.
<images/Stereographic__NewLandscapes__Demos__demo04_stereographic_knots.png, id
=17049, 1310.496pt x 1134.639pt>
File: images/Stereographic__NewLandscapes__Demos__demo04_stereographic_knots.pn
g Graphic file (type png)
<use images/Stereographic__NewLandscapes__Demos__demo04_stereographic_knots.png
>
Package pdftex.def Info: images/Stereographic__NewLandscapes__Demos__demo04_ste
reographic_knots.png  used on input line 21077.
(pdftex.def)             Requested size: 385.50183pt x 333.76338pt.
<images/Stereographic__NewLandscapes__Demos__demo05_spectral_geometry.png, id=1
7050, 1437.6912pt x 1419.8646pt>
File: images/Stereographic__NewLandscapes__Demos__demo05_spectral_geometry.png 
Graphic file (type png)
<use images/Stereographic__NewLandscapes__Demos__demo05_spectral_geometry.png>
Package pdftex.def Info: images/Stereographic__NewLandscapes__Demos__demo05_spe
ctral_geometry.png  used on input line 21085.
(pdftex.def)             Requested size: 385.50183pt x 380.70374pt.
<images/Stereographic__NewLandscapes__Demos__demo06_mandelbrot_sphere.png, id=1
7051, 1406.3742pt x 1419.8646pt>
File: images/Stereographic__NewLandscapes__Demos__demo06_mandelbrot_sphere.png 
Graphic file (type png)
<use images/Stereographic__NewLandscapes__Demos__demo06_mandelbrot_sphere.png>
Package pdftex.def Info: images/Stereographic__NewLandscapes__Demos__demo06_man
delbrot_sphere.png  used on input line 21093.
(pdftex.def)             Requested size: 385.50183pt x 389.19655pt.
! Missing $ inserted.
<inserted text> 
                $
l.21109 ...aphic projection \ensuremath{\sigma}\\_
                                                  N\textsuperscript{-1}: \en...
I've inserted a begin-math/end-math symbol since I think
you left one out. Proceed, with fingers crossed.

! Missing $ inserted.
<inserted text> 
                $
l.21109 ...dynamics}, where conjugation by $\sigma
                                                  ^{-1}$ reveals hidden fixe...
I've inserted a begin-math/end-math symbol since I think
you left one out. Proceed, with fingers crossed.


Overfull \hbox (72.39488pt too wide) in paragraph at lines 21109--21110
[][] \OT1/lmr/m/n/10 : \U/msb/m/n/10 R[] \OMS/lmsy/m/n/10 ! \OML/lmm/m/it/10 S[
]intosixpreviouslyunexploredmathematicallandscapes \OT1/lmr/m/n/10 : (1)[]\OML/
lmm/m/it/10 ; whereconjugationby$$^^[[]$
 []



[522

 <./images/Stereographic__NewLandscapes__Demos__demo01_stereographic_dynamics.p
ng>]
! Missing $ inserted.
<inserted text> 
                $
l.21119 ...aphic projection \ensuremath{\sigma}\\_
                                                  N\textsuperscript{-1}: \en...
I've inserted a begin-math/end-math symbol since I think
you left one out. Proceed, with fingers crossed.

! Missing $ inserted.
<inserted text> 
                $
l.21120 
        
I've inserted a begin-math/end-math symbol since I think
you left one out. Proceed, with fingers crossed.



[523 <./images/Stereographic__NewLandscapes__Demos__demo02_fisher_sphere.png>]

[524 <./images/Stereographic__NewLandscapes__Demos__demo03_quantum_bloch.png>]
! Missing $ inserted.
<inserted text> 
                $
l.21148 ...exponentials & ds\textsuperscript{2}\\_
                                                  Fisher = (2/D)\textsupersc...
I've inserted a begin-math/end-math symbol since I think
you left one out. Proceed, with fingers crossed.

! Extra }, or forgotten $.
<template> \unskip \hfil }
                          \hskip \tabcolsep \endtemplate 
l.21148 ...superscript{2} ds\textsuperscript{2}\\_
                                                  round \\
I've deleted a group-closing symbol because it seems to be
spurious, as in `$x}$'. But perhaps the } is legitimate and
you forgot something else, as in `\hbox{$x}'. In such cases
the way to recover is to insert both the forgotten and the
deleted material, e.g., by typing `I$}'.

! Missing $ inserted.
<inserted text> 
                $
l.21148 ...superscript{2} ds\textsuperscript{2}\\_
                                                  round \\
I've inserted a begin-math/end-math symbol since I think
you left one out. Proceed, with fingers crossed.

! Missing } inserted.
<inserted text> 
                }
l.21148 ...superscript{2} ds\textsuperscript{2}\\_
                                                  round \\
I've inserted something that you may have forgotten.
(See the <inserted text> above.)
With luck, this will get me unwedged. But if you
really didn't forget anything, try typing `2' now; then
my insertion and my current dilemma will both disappear.

! Missing $ inserted.
<inserted text> 
                $
l.21148 ...superscript{2} ds\textsuperscript{2}\\_
                                                  round \\
I've inserted a begin-math/end-math symbol since I think
you left one out. Proceed, with fingers crossed.

! Extra }, or forgotten $.
<template> \unskip \hfil }
                          \hskip \tabcolsep \endtemplate 
l.21149 Q
         uantum & Quantum gates = MÃ¶bius transformations & H: z \ensuremath...
I've deleted a group-closing symbol because it seems to be
spurious, as in `$x}$'. But perhaps the } is legitimate and
you forgot something else, as in `\hbox{$x}'. In such cases
the way to recover is to insert both the forgotten and the
deleted material, e.g., by typing `I$}'.

! Missing $ inserted.
<inserted text> 
                $
l.21149 Q
         uantum & Quantum gates = MÃ¶bius transformations & H: z \ensuremath...
I've inserted a begin-math/end-math symbol since I think
you left one out. Proceed, with fingers crossed.

! Missing } inserted.
<inserted text> 
                }
l.21149 Q
         uantum & Quantum gates = MÃ¶bius transformations & H: z \ensuremath...
I've inserted something that you may have forgotten.
(See the <inserted text> above.)
With luck, this will get me unwedged. But if you
really didn't forget anything, try typing `2' now; then
my insertion and my current dilemma will both disappear.

! Missing $ inserted.
<inserted text> 
                $
l.21150 ...nds on projection point & c(K) = min\\_
                                                  p cross($\sigma^{3}$\texts...
I've inserted a begin-math/end-math symbol since I think
you left one out. Proceed, with fingers crossed.

! Missing $ inserted.
<inserted text> 
                $
l.21150 ...on point & c(K) = min\\_p cross($\sigma
                                                  ^{3}$\textsuperscript{p}(K...
I've inserted a begin-math/end-math symbol since I think
you left one out. Proceed, with fingers crossed.

! Missing $ inserted.
<inserted text> 
                $
l.21152 ... Mandelbrot set compact on $S^2$ & M\\_
                                                  sphere \ensuremath{\subset...
I've inserted a begin-math/end-math symbol since I think
you left one out. Proceed, with fingers crossed.

! Missing $ inserted.
<inserted text> 
                $
l.21152 ...$ & M\\_sphere \ensuremath{\subset} $S^
                                                  2$ closed \\
I've inserted a begin-math/end-math symbol since I think
you left one out. Proceed, with fingers crossed.


Underfull \vbox (badness 10000) has occurred while \output is active []



[525 <./images/Stereographic__NewLandscapes__Demos__demo04_stereographic_knots.
png>]

[526 <./images/Stereographic__NewLandscapes__Demos__demo05_spectral_geometry.pn
g>]

[527 <./images/Stereographic__NewLandscapes__Demos__demo06_mandelbrot_sphere.pn
g>]
! Missing $ inserted.
<inserted text> 
                $
l.21171 ...iplier at \ensuremath{\infty} is lim\\_
                                                  {z\ensuremath{\to\infty}} ...
I've inserted a begin-math/end-math symbol since I think
you left one out. Proceed, with fingers crossed.

! Missing $ inserted.
<inserted text> 
                $
l.21172 
        
I've inserted a begin-math/end-math symbol since I think
you left one out. Proceed, with fingers crossed.

! Missing $ inserted.
<inserted text> 
                $
l.21175 For f\\_
                c(z) = z\textsuperscript{2} + c, the Julia set J(f\\_c) is a...
I've inserted a begin-math/end-math symbol since I think
you left one out. Proceed, with fingers crossed.

! Missing $ inserted.
<inserted text> 
                $
l.21175 ...bset of \ensuremath{\mathbb{C}}. On $S^
                                                  2$, it becomes a closed su...
I've inserted a begin-math/end-math symbol since I think
you left one out. Proceed, with fingers crossed.

! Missing $ inserted.
<inserted text> 
                $
l.21175 ...S^2$, it becomes a closed subset J(f\\_
                                                  c) \ensuremath{\subset} $S...
I've inserted a begin-math/end-math symbol since I think
you left one out. Proceed, with fingers crossed.

! Missing $ inserted.
<inserted text> 
                $
l.21175 ...ubset J(f\\_c) \ensuremath{\subset} $S^
                                                  2$.
I've inserted a begin-math/end-math symbol since I think
you left one out. Proceed, with fingers crossed.

! Missing $ inserted.
<inserted text> 
                $
l.21193 ...ction vanishes: \ensuremath{\lambda}\\_
                                                  {$S^2$} = \ensuremath{\lam...
I've inserted a begin-math/end-math symbol since I think
you left one out. Proceed, with fingers crossed.

! Missing } inserted.
<inserted text> 
                }
l.21193 ...ion vanishes: \ensuremath{\lambda}\\_{$
                                                  S^2$} = \ensuremath{\lambd...
I've inserted something that you may have forgotten.
(See the <inserted text> above.)
With luck, this will get me unwedged. But if you
really didn't forget anything, try typing `2' now; then
my insertion and my current dilemma will both disappear.

! Missing $ inserted.
<inserted text> 
                $
l.21193 ...n vanishes: \ensuremath{\lambda}\\_{$S^
                                                  2$} = \ensuremath{\lambda}...
I've inserted a begin-math/end-math symbol since I think
you left one out. Proceed, with fingers crossed.

! Missing $ inserted.
<inserted text> 
                $
l.21193 ...da}\\_{$S^2$} = \ensuremath{\lambda}\\_
                                                  {\ensuremath{\mathbb{R}}\t...
I've inserted a begin-math/end-math symbol since I think
you left one out. Proceed, with fingers crossed.

! Missing $ inserted.
<inserted text> 
                $
l.21194 
        
I've inserted a begin-math/end-math symbol since I think
you left one out. Proceed, with fingers crossed.



[528]

Package hyperref Warning: Token not allowed in a PDF string (Unicode):
(hyperref)                removing `math shift' on input line 21203.


Package hyperref Warning: Token not allowed in a PDF string (Unicode):
(hyperref)                removing `\sigma' on input line 21203.


Package hyperref Warning: Token not allowed in a PDF string (Unicode):
(hyperref)                removing `superscript' on input line 21203.


Package hyperref Warning: Token not allowed in a PDF string (Unicode):
(hyperref)                removing `math shift' on input line 21203.

! Missing $ inserted.
<inserted text> 
                $
l.21205 A \textbf{statistical manifold} (M, g\\_
                                                F) is a manifold whose point...
I've inserted a begin-math/end-math symbol since I think
you left one out. Proceed, with fingers crossed.

! Missing $ inserted.
<inserted text> 
                $
l.21206 
        
I've inserted a begin-math/end-math symbol since I think
you left one out. Proceed, with fingers crossed.

! Missing $ inserted.
<inserted text> 
                $
l.21211 ...del is the image \ensuremath{\sigma}\\_
                                                  N\textsuperscript{-1}(M) \...
I've inserted a begin-math/end-math symbol since I think
you left one out. Proceed, with fingers crossed.

! Missing $ inserted.
<inserted text> 
                $
l.21212 
        
I've inserted a begin-math/end-math symbol since I think
you left one out. Proceed, with fingers crossed.



[529]
! Missing $ inserted.
<inserted text> 
                $
l.21271 ...remath{\mathbb{C}}\textsuperscript{2^N}
                                                  . After quotienting by glo...
I've inserted a begin-math/end-math symbol since I think
you left one out. Proceed, with fingers crossed.

! Extra }, or forgotten $.
\mbox  #1->\leavevmode \hbox {#1}
                                 
l.21271 ...remath{\mathbb{C}}\textsuperscript{2^N}
                                                  . After quotienting by glo...
I've deleted a group-closing symbol because it seems to be
spurious, as in `$x}$'. But perhaps the } is legitimate and
you forgot something else, as in `\hbox{$x}'. In such cases
the way to recover is to insert both the forgotten and the
deleted material, e.g., by typing `I$}'.

! Extra }, or forgotten $.
<argument> ... \sf@size \sf@size \selectfont 2^N}}
                                                  
l.21271 ...remath{\mathbb{C}}\textsuperscript{2^N}
                                                  . After quotienting by glo...
I've deleted a group-closing symbol because it seems to be
spurious, as in `$x}$'. But perhaps the } is legitimate and
you forgot something else, as in `\hbox{$x}'. In such cases
the way to recover is to insert both the forgotten and the
deleted material, e.g., by typing `I$}'.

! Missing } inserted.
<inserted text> 
                }
l.21271 ...r quotienting by global phase, we get $
                                                  \mathbb{C}P^{2^N - 1}$.
I've inserted something that you may have forgotten.
(See the <inserted text> above.)
With luck, this will get me unwedged. But if you
really didn't forget anything, try typing `2' now; then
my insertion and my current dilemma will both disappear.


! LaTeX Error: \mathbb allowed only in math mode.

See the LaTeX manual or LaTeX Companion for explanation.
Type  H <return>  for immediate help.
 ...                                              
                                                  
l.21271 ...enting by global phase, we get $\mathbb
                                                  {C}P^{2^N - 1}$.
You're in trouble here.  Try typing  <return>  to proceed.
If that doesn't work, type  X <return>  to quit.

! Missing $ inserted.
<inserted text> 
                $
l.21271 ...g by global phase, we get $\mathbb{C}P^
                                                  {2^N - 1}$.
I've inserted a begin-math/end-math symbol since I think
you left one out. Proceed, with fingers crossed.


Package hyperref Warning: Token not allowed in a PDF string (Unicode):
(hyperref)                removing `math shift' on input line 21279.


Package hyperref Warning: Token not allowed in a PDF string (Unicode):
(hyperref)                removing `superscript' on input line 21279.


Package hyperref Warning: Token not allowed in a PDF string (Unicode):
(hyperref)                removing `math shift' on input line 21279.


Package hyperref Warning: Token not allowed in a PDF string (Unicode):
(hyperref)                removing `\mathsurround' on input line 21289.


Package hyperref Warning: Token not allowed in a PDF string (Unicode):
(hyperref)                removing `\z@' on input line 21289.


Package hyperref Warning: Token not allowed in a PDF string (Unicode):
(hyperref)                removing `superscript' on input line 21289.



[530]
! Missing $ inserted.
<inserted text> 
                $
l.21327 ...eltrami operator \ensuremath{\Delta}\\_
                                                  {S\textsuperscript{N}} has...
I've inserted a begin-math/end-math symbol since I think
you left one out. Proceed, with fingers crossed.

! Missing $ inserted.
<inserted text> 
                $
l.21328 
        
I've inserted a begin-math/end-math symbol since I think
you left one out. Proceed, with fingers crossed.

! Missing $ inserted.
<inserted text> 
                $
l.21335 Under \ensuremath{\sigma}\\_
                                    N\textsuperscript{-1}, these become eige...
I've inserted a begin-math/end-math symbol since I think
you left one out. Proceed, with fingers crossed.

! Missing $ inserted.
<inserted text> 
                $
l.21336 
        
I've inserted a begin-math/end-math symbol since I think
you left one out. Proceed, with fingers crossed.

! Missing $ inserted.
<inserted text> 
                $
l.21341 ...extsuperscript{2})\textsuperscript{l}.}
                                                  
I've inserted a begin-math/end-math symbol since I think
you left one out. Proceed, with fingers crossed.

! Extra }, or forgotten $.
<recently read> \egroup 
                        
l.21341 ...extsuperscript{2})\textsuperscript{l}.}
                                                  
I've deleted a group-closing symbol because it seems to be
spurious, as in `$x}$'. But perhaps the } is legitimate and
you forgot something else, as in `\hbox{$x}'. In such cases
the way to recover is to insert both the forgotten and the
deleted material, e.g., by typing `I$}'.

! Missing $ inserted.
<inserted text> 
                $
l.21342 
        
I've inserted a begin-math/end-math symbol since I think
you left one out. Proceed, with fingers crossed.

! Missing $ inserted.
<inserted text> 
                $
l.21343 ... stereographic coordinates satisfy x\\_
                                                  i = 2y\\_i/D and x\\_{N+1}...
I've inserted a begin-math/end-math symbol since I think
you left one out. Proceed, with fingers crossed.

! Missing $ inserted.
<inserted text> 
                $
l.21344 
        
I've inserted a begin-math/end-math symbol since I think
you left one out. Proceed, with fingers crossed.


Overfull \hbox (141.31879pt too wide) in paragraph at lines 21343--21344
[]\OML/lmm/m/it/10 isarationalfunctionofyofdegree\OT1/lmr/m/n/10 1\OML/lmm/m/it
/10 =\OT1/lmr/m/n/10 1\OML/lmm/m/it/10 :Sphericalharmonicsofdegreelarerestricti
onsofhomogeneousharmonicpolynomialsofdegreelinx[]; :::; x[] 
 []



[531]
! Missing $ inserted.
<inserted text> 
                $
l.21362 where D\\_
                  i = 1 + ||y\\_i||\textsuperscript{2}. This is a \textbf{ra...
I've inserted a begin-math/end-math symbol since I think
you left one out. Proceed, with fingers crossed.

! Missing $ inserted.
<inserted text> 
                $
l.21363 
        
I've inserted a begin-math/end-math symbol since I think
you left one out. Proceed, with fingers crossed.


Overfull \hbox (163.17574pt too wide) in paragraph at lines 21362--21363
[]\OMS/lmsy/m/n/10 jj[]\OML/lmm/m/it/10 :Thisisa[]iny[]; y[]timesexponentialtim
edecay \OMS/lmsy/m/n/10 ^^@ ^^@ ^^@ \OML/lmm/m/it/10 fundamentallydifferentfrom
theGaussianheatkernele[]offlatspace:$ 
 []

! Missing $ inserted.
<inserted text> 
                $
l.21372 ...ional equation of \ensuremath{\zeta}\\_
                                                  {S\textsuperscript{N}} ref...
I've inserted a begin-math/end-math symbol since I think
you left one out. Proceed, with fingers crossed.

! Missing $ inserted.
<inserted text> 
                $
l.21373 
        
I've inserted a begin-math/end-math symbol since I think
you left one out. Proceed, with fingers crossed.


Package hyperref Warning: Token not allowed in a PDF string (Unicode):
(hyperref)                removing `math shift' on input line 21378.


Package hyperref Warning: Token not allowed in a PDF string (Unicode):
(hyperref)                removing `superscript' on input line 21378.


Package hyperref Warning: Token not allowed in a PDF string (Unicode):
(hyperref)                removing `math shift' on input line 21378.

! Missing $ inserted.
<inserted text> 
                $
l.21380 The map f\\_
                    c(z) = z\textsuperscript{2} + c extends to f\\_c: $S^2$ ...
I've inserted a begin-math/end-math symbol since I think
you left one out. Proceed, with fingers crossed.

! Missing $ inserted.
<inserted text> 
                $
l.21380 ...uperscript{2} + c extends to f\\_c: $S^
                                                  2$ \ensuremath{\to} $S^2$ ...
I've inserted a begin-math/end-math symbol since I think
you left one out. Proceed, with fingers crossed.

! Missing $ inserted.
<inserted text> 
                $
l.21380 ... $S^2$ \ensuremath{\to} $S^2$ with f\\_
                                                  c(\ensuremath{\infty}) = \...
I've inserted a begin-math/end-math symbol since I think
you left one out. Proceed, with fingers crossed.

! Missing $ inserted.
<inserted text> 
                $
l.21381 
        
I've inserted a begin-math/end-math symbol since I think
you left one out. Proceed, with fingers crossed.

! Missing $ inserted.
<inserted text> 
                $
l.21382 ...t J(f\\_c) \ensuremath{\subset} $S^2$:}
                                                  
I've inserted a begin-math/end-math symbol since I think
you left one out. Proceed, with fingers crossed.

! Missing $ inserted.
<inserted text> 
                $
l.21382 ...t J(f\\_c) \ensuremath{\subset} $S^2$:}
                                                  
I've inserted a begin-math/end-math symbol since I think
you left one out. Proceed, with fingers crossed.

! Missing $ inserted.
<inserted text> 
                $
l.21391 ...1.} The \textbf{Mandelbrot sphere} M\\_
                                                  sphere \ensuremath{\subset...
I've inserted a begin-math/end-math symbol since I think
you left one out. Proceed, with fingers crossed.

! Missing $ inserted.
<inserted text> 
                $
l.21391 ...re} M\\_sphere \ensuremath{\subset} $S^
                                                  2$ is the image of the Man...
I've inserted a begin-math/end-math symbol since I think
you left one out. Proceed, with fingers crossed.

! Missing $ inserted.
<inserted text> 
                $
l.21393 ... the north pole (\ensuremath{\infty}).}
                                                  
I've inserted a begin-math/end-math symbol since I think
you left one out. Proceed, with fingers crossed.

! Missing $ inserted.
<inserted text> 
                $
l.21393 ... the north pole (\ensuremath{\infty}).}
                                                  
I've inserted a begin-math/end-math symbol since I think
you left one out. Proceed, with fingers crossed.

! Missing $ inserted.
<inserted text> 
                $
l.21393 ... the north pole (\ensuremath{\infty}).}
                                                  
I've inserted a begin-math/end-math symbol since I think
you left one out. Proceed, with fingers crossed.

! Extra }, or forgotten $.
<recently read> \egroup 
                        
l.21393 ... the north pole (\ensuremath{\infty}).}
                                                  
I've deleted a group-closing symbol because it seems to be
spurious, as in `$x}$'. But perhaps the } is legitimate and
you forgot something else, as in `\hbox{$x}'. In such cases
the way to recover is to insert both the forgotten and the
deleted material, e.g., by typing `I$}'.

! Missing $ inserted.
<inserted text> 
                $
l.21394 
        
I've inserted a begin-math/end-math symbol since I think
you left one out. Proceed, with fingers crossed.



[532]
! Missing $ inserted.
<inserted text> 
                $
l.21395 ...perscript{-1} is continuous, hence M\\_
                                                  sphere = \ensuremath{\sigm...
I've inserted a begin-math/end-math symbol since I think
you left one out. Proceed, with fingers crossed.

! Missing $ inserted.
<inserted text> 
                $
l.21395 ...and maps to a connected open set in $S^
                                                  2$ \ {north pole}. Adding ...
I've inserted a begin-math/end-math symbol since I think
you left one out. Proceed, with fingers crossed.


Overfull \hbox (50.69621pt too wide) in paragraph at lines 21395--21396
[]\OML/lmm/m/it/10 phere \OT1/lmr/m/n/10 = \OML/lmm/m/it/10 ^^[[][]\OT1/lmr/m/n
/10 (\OML/lmm/m/it/10 M\OT1/lmr/m/n/10 )\OML/lmm/m/it/10 iscompact:Thecomplemen
tofMin\U/msb/m/n/10 C\OML/lmm/m/it/10 isconnected\OT1/lmr/m/n/10 (\OML/lmm/m/it
/10 Douady \OMS/lmsy/m/n/10 ^^@ \OML/lmm/m/it/10 Hubbard\OT1/lmr/m/n/10 )\OML/l
mm/m/it/10 ; andmapstoaconnectedopensetin$\T1/lmr/m/it/10 S$[]$
 []

! Missing $ inserted.
<inserted text> 
                $
l.21397 ...cape radius." The orbit of 0 under f\\_
                                                  c either stays bounded (on...
I've inserted a begin-math/end-math symbol since I think
you left one out. Proceed, with fingers crossed.

! Missing $ inserted.
<inserted text> 
                $
l.21398 
        
I've inserted a begin-math/end-math symbol since I think
you left one out. Proceed, with fingers crossed.


Overfull \hbox (327.6584pt too wide) in paragraph at lines 21397--21398
[]\OML/lmm/m/it/10 eitherstaysbounded\OT1/lmr/m/n/10 (\OML/lmm/m/it/10 onthesph
ere; itstaysawayfromthenorthpole\OT1/lmr/m/n/10 )\OML/lmm/m/it/10 ordiverges\OT
1/lmr/m/n/10 (\OML/lmm/m/it/10 approachesthenorthpole\OT1/lmr/m/n/10 )\OML/lmm/
m/it/10 :TheMandelbrotsetisthesetofcforwhichtheorbitstaysinthesouthernhemispher
e:$ 
 []

! Missing $ inserted.
<inserted text> 
                $
l.21401 ...uperscript{2} (the Shishikura result).}
                                                  
I've inserted a begin-math/end-math symbol since I think
you left one out. Proceed, with fingers crossed.

! Missing $ inserted.
<inserted text> 
                $
l.21401 ...uperscript{2} (the Shishikura result).}
                                                  
I've inserted a begin-math/end-math symbol since I think
you left one out. Proceed, with fingers crossed.



[533]
! Missing $ inserted.
<inserted text> 
                $
l.21466 ...ordinates of S\textsuperscript{2^N - 1}
                                                   for N \ensuremath{\geq} 3...
I've inserted a begin-math/end-math symbol since I think
you left one out. Proceed, with fingers crossed.

! Extra }, or forgotten $.
\mbox  #1->\leavevmode \hbox {#1}
                                 
l.21466 ...ordinates of S\textsuperscript{2^N - 1}
                                                   for N \ensuremath{\geq} 3...
I've deleted a group-closing symbol because it seems to be
spurious, as in `$x}$'. But perhaps the } is legitimate and
you forgot something else, as in `\hbox{$x}'. In such cases
the way to recover is to insert both the forgotten and the
deleted material, e.g., by typing `I$}'.

! Extra }, or forgotten $.
<argument> ...@size \sf@size \selectfont 2^N - 1}}
                                                  
l.21466 ...ordinates of S\textsuperscript{2^N - 1}
                                                   for N \ensuremath{\geq} 3...
I've deleted a group-closing symbol because it seems to be
spurious, as in `$x}$'. But perhaps the } is legitimate and
you forgot something else, as in `\hbox{$x}'. In such cases
the way to recover is to insert both the forgotten and the
deleted material, e.g., by typing `I$}'.


! LaTeX Error: Command \end{enumerate} invalid in math mode.

See the LaTeX manual or LaTeX Companion for explanation.
Type  H <return>  for immediate help.
 ...                                              
                                                  
l.21467 \end{enumerate}
                       
Try typing  <return>  to proceed.
If that doesn't work, type  X <return>  to quit.

! Missing $ inserted.
<inserted text> 
                $
l.21467 \end{enumerate}
                       
I've inserted a begin-math/end-math symbol since I think
you left one out. Proceed, with fingers crossed.

! Missing } inserted.
<inserted text> 
                }
l.21467 \end{enumerate}
                       
I've inserted something that you may have forgotten.
(See the <inserted text> above.)
With luck, this will get me unwedged. But if you
really didn't forget anything, try typing `2' now; then
my insertion and my current dilemma will both disappear.

! Missing } inserted.
<inserted text> 
                }
l.21467 \end{enumerate}
                       
I've inserted something that you may have forgotten.
(See the <inserted text> above.)
With luck, this will get me unwedged. But if you
really didn't forget anything, try typing `2' now; then
my insertion and my current dilemma will both disappear.

! Missing $ inserted.
<inserted text> 
                $
l.21474 ... spectral gap of \ensuremath{\Delta}\\_
                                                  {S\textsuperscript{N}} tra...
I've inserted a begin-math/end-math symbol since I think
you left one out. Proceed, with fingers crossed.


! LaTeX Error: Command \end{enumerate} invalid in math mode.

See the LaTeX manual or LaTeX Companion for explanation.
Type  H <return>  for immediate help.
 ...                                              
                                                  
l.21475 \end{enumerate}
                       
Try typing  <return>  to proceed.
If that doesn't work, type  X <return>  to quit.

! Missing $ inserted.
<inserted text> 
                $
l.21475 \end{enumerate}
                       
I've inserted a begin-math/end-math symbol since I think
you left one out. Proceed, with fingers crossed.

! Missing $ inserted.
<inserted text> 
                $
l.21478 ...Mandelbrot Sphere Dimension.} Is dim\\_
                                                  H(\ensuremath{\partial}M\\...
I've inserted a begin-math/end-math symbol since I think
you left one out. Proceed, with fingers crossed.

! Missing $ inserted.
<inserted text> 
                $
l.21478 ...tial}M\\_sphere) = 2 as a subset of $S^
                                                  2$ with the round metric?
I've inserted a begin-math/end-math symbol since I think
you left one out. Proceed, with fingers crossed.

! Missing $ inserted.
<inserted text> 
                $
l.21498 ...ral dimension of \ensuremath{\Delta}\\_
                                                  {J} equal the Hausdorff di...
I've inserted a begin-math/end-math symbol since I think
you left one out. Proceed, with fingers crossed.


! LaTeX Error: Command \end{enumerate} invalid in math mode.

See the LaTeX manual or LaTeX Companion for explanation.
Type  H <return>  for immediate help.
 ...                                              
                                                  
l.21499 \end{enumerate}
                       
Try typing  <return>  to proceed.
If that doesn't work, type  X <return>  to quit.

! Missing $ inserted.
<inserted text> 
                $
l.21499 \end{enumerate}
                       
I've inserted a begin-math/end-math symbol since I think
you left one out. Proceed, with fingers crossed.

! Missing $ inserted.
<inserted text> 
                $
l.21509 ...aphic projection \ensuremath{\sigma}\\_
                                                  N\textsuperscript{-1} is f...
I've inserted a begin-math/end-math symbol since I think
you left one out. Proceed, with fingers crossed.

! Missing $ inserted.
<inserted text> 
                $
l.21510 
        
I've inserted a begin-math/end-math symbol since I think
you left one out. Proceed, with fingers crossed.


Overfull \hbox (132.03369pt too wide) in paragraph at lines 21509--21510
[][]\OML/lmm/m/it/10 isfarmorethanacoordinatechange \OMS/lmsy/m/n/10 ^^@ ^^@ ^^
@ \OML/lmm/m/it/10 itisa[]connectingsixdistinctlandscapesthroughtheconformalgro
upSO\OT1/lmr/m/n/10 (\OML/lmm/m/it/10 N \OT1/lmr/m/n/10 +
 []



[534]

[535]

[536]

[537]

[538]

[539]
Chapter 39.


[540

]

[541]

[542]

[543]

[544]

[545]
Overfull \hbox (109.3522pt too wide) in paragraph at lines 22097--22098
[]\T1/lmr/m/it/10 The com-plete for-mal ver-i-fi-ca-tion is avail-able as a Lea
n 4 project. The main re-sults are in \T1/lmtt/m/it/10 core/Stereographic/Unifi
edTheory.lean\T1/lmr/m/it/10 . 
 []



[546]

[547]
Chapter 40.

Overfull \hbox (3.23726pt too wide) in paragraph at lines 22134--22135
[]\T1/lmr/bx/it/10 Keywords\T1/lmr/m/it/10 : stere-o-graphic pro-jec-tion, con-
for-mal ge-om-e-try, Cay-ley trans-form, Möbius trans-for-ma-tions, Weier-
 []

! Missing } inserted.
<inserted text> 
                }
l.22159 ...bscript{-}$\infty^{\ensuremath{\infty}$
                                                  } 2/(1+t\textsuperscript{2...
I've inserted something that you may have forgotten.
(See the <inserted text> above.)
With luck, this will get me unwedged. But if you
really didn't forget anything, try typing `2' now; then
my insertion and my current dilemma will both disappear.

! Missing { inserted.
<inserted text> 
                {
l.22159 ...uperscript{2}) dt = 2\ensuremath{\pi} &
                                                    &  &  &  \\
I've put in what seems to be necessary to fix
the current column of the current alignment.
Try to go on, since this might almost work.


Overfull \hbox (252.02629pt too wide) in paragraph at lines 22154--22167
 [] 
 []



[548

]

[549]

[550]

[551]

[552]

LaTeX Font Warning: Font shape `T1/lmtt/bx/it' in size <10> not available
(Font)              Font shape `T1/lmtt/b/sl' tried instead on input line 22402
.



[553]

[554]

[555]

[556]

[557]
Chapter 41.
<images/Stereographic__Omega_Point__demos__omega_point.png, id=17267, 1293.633p
t x 443.7378pt>
File: images/Stereographic__Omega_Point__demos__omega_point.png Graphic file (t
ype png)
<use images/Stereographic__Omega_Point__demos__omega_point.png>
Package pdftex.def Info: images/Stereographic__Omega_Point__demos__omega_point.
png  used on input line 22602.
(pdftex.def)             Requested size: 385.50183pt x 132.2286pt.
<images/Stereographic__Omega_Point__demos__omega_point_3d.png, id=17268, 545.39
76pt x 569.4876pt>
File: images/Stereographic__Omega_Point__demos__omega_point_3d.png Graphic file
 (type png)
<use images/Stereographic__Omega_Point__demos__omega_point_3d.png>
Package pdftex.def Info: images/Stereographic__Omega_Point__demos__omega_point_
3d.png  used on input line 22610.
(pdftex.def)             Requested size: 385.50183pt x 402.54027pt.
<images/Stereographic__Omega_Point__demos__omega_point_higher_dim.png, id=17269
, 1293.633pt x 426.393pt>
File: images/Stereographic__Omega_Point__demos__omega_point_higher_dim.png Grap
hic file (type png)
<use images/Stereographic__Omega_Point__demos__omega_point_higher_dim.png>
Package pdftex.def Info: images/Stereographic__Omega_Point__demos__omega_point_
higher_dim.png  used on input line 22618.
(pdftex.def)             Requested size: 385.50183pt x 127.06006pt.
<images/Stereographic__Omega_Point__demos__oracle_hierarchy_sphere.png, id=1727
0, 560.3334pt x 569.4876pt>
File: images/Stereographic__Omega_Point__demos__oracle_hierarchy_sphere.png Gra
phic file (type png)
<use images/Stereographic__Omega_Point__demos__oracle_hierarchy_sphere.png>
Package pdftex.def Info: images/Stereographic__Omega_Point__demos__oracle_hiera
rchy_sphere.png  used on input line 22626.
(pdftex.def)             Requested size: 385.50183pt x 391.80852pt.


[558

 <./images/Stereographic__Omega_Point__demos__omega_point.png>]

[559 <./images/Stereographic__Omega_Point__demos__omega_point_3d.png> <./images
/Stereographic__Omega_Point__demos__omega_point_higher_dim.png>]

[560 <./images/Stereographic__Omega_Point__demos__oracle_hierarchy_sphere.png>]


[561]

[562]
! Missing $ inserted.
<inserted text> 
                $
l.22788 
        
I've inserted a begin-math/end-math symbol since I think
you left one out. Proceed, with fingers crossed.


Overfull \hbox (549.48398pt too wide) in paragraph at lines 22787--22788
[]\T1/lmr/m/it/10 This sug-gests a nat-u-ral met-ric on or-a-cle com-plex-ity: 
or-a-cle $\OMS/lmsy/m/n/10 ;[]$ \T1/lmr/m/it/10 is "dis-tance $2/n$\OML/lmm/m/i
t/10 fromomniscience:\OT1/lmr/m/n/10 "\OML/lmm/m/it/10 Themetricdecaysas$\T1/lm
r/m/it/10 O(1/n)$\OML/lmm/m/it/10 ; matchingtheintuitionthateachTuringjumpprovi
desdiminishingmarginalreturnstowardtotalknowledge:$ 
 []

! Missing $ inserted.
<inserted text> 
                $
l.22832 ...k} Verified & Decomposition \$1 - 2/(t^
                                                  2+1)$ \\
I've inserted a begin-math/end-math symbol since I think
you left one out. Proceed, with fingers crossed.



[563]
! Missing $ inserted.
<inserted text> 
                $
l.22861 ...1 output for weights ranging from \$10^
                                                  {-1}$ to \$10^6$.
I've inserted a begin-math/end-math symbol since I think
you left one out. Proceed, with fingers crossed.

! Missing $ inserted.
<inserted text> 
                $
l.22861 ...eights ranging from \$10^{-1}$ to \$10^
                                                  6$.
I've inserted a begin-math/end-math symbol since I think
you left one out. Proceed, with fingers crossed.


Package hyperref Warning: Token not allowed in a PDF string (Unicode):
(hyperref)                removing `math shift' on input line 22885.


Package hyperref Warning: Token not allowed in a PDF string (Unicode):
(hyperref)                removing `\mathsurround' on input line 22885.


Package hyperref Warning: Token not allowed in a PDF string (Unicode):
(hyperref)                removing `\z@' on input line 22885.


Package hyperref Warning: Token not allowed in a PDF string (Unicode):
(hyperref)                removing `\mathchar' on input line 22885.


Package hyperref Warning: Token not allowed in a PDF string (Unicode):
(hyperref)                removing `math shift' on input line 22885.



[564]

Package hyperref Warning: Token not allowed in a PDF string (Unicode):
(hyperref)                removing `math shift' on input line 22888.


Package hyperref Warning: Token not allowed in a PDF string (Unicode):
(hyperref)                removing `\mathsurround' on input line 22888.


Package hyperref Warning: Token not allowed in a PDF string (Unicode):
(hyperref)                removing `\z@' on input line 22888.


Package hyperref Warning: Token not allowed in a PDF string (Unicode):
(hyperref)                removing `\mathchar' on input line 22888.


Package hyperref Warning: Token not allowed in a PDF string (Unicode):
(hyperref)                removing `math shift' on input line 22888.


Package hyperref Warning: Token not allowed in a PDF string (Unicode):
(hyperref)                removing `math shift' on input line 22891.


Package hyperref Warning: Token not allowed in a PDF string (Unicode):
(hyperref)                removing `\mathsurround' on input line 22891.


Package hyperref Warning: Token not allowed in a PDF string (Unicode):
(hyperref)                removing `\z@' on input line 22891.


Package hyperref Warning: Token not allowed in a PDF string (Unicode):
(hyperref)                removing `\mathchar' on input line 22891.


Package hyperref Warning: Token not allowed in a PDF string (Unicode):
(hyperref)                removing `math shift' on input line 22891.


Package hyperref Warning: Token not allowed in a PDF string (Unicode):
(hyperref)                removing `math shift' on input line 22894.


Package hyperref Warning: Token not allowed in a PDF string (Unicode):
(hyperref)                removing `\mathsurround' on input line 22894.


Package hyperref Warning: Token not allowed in a PDF string (Unicode):
(hyperref)                removing `\z@' on input line 22894.


Package hyperref Warning: Token not allowed in a PDF string (Unicode):
(hyperref)                removing `\mathchar' on input line 22894.


Package hyperref Warning: Token not allowed in a PDF string (Unicode):
(hyperref)                removing `math shift' on input line 22894.

! Missing $ inserted.
<inserted text> 
                $
l.22895 ...{id}$ on $\mathbb{R}$. Max error: \$10^
                                                  {-11}$ at $t = 100$.
I've inserted a begin-math/end-math symbol since I think
you left one out. Proceed, with fingers crossed.


Package hyperref Warning: Token not allowed in a PDF string (Unicode):
(hyperref)                removing `math shift' on input line 22897.


Package hyperref Warning: Token not allowed in a PDF string (Unicode):
(hyperref)                removing `\mathsurround' on input line 22897.


Package hyperref Warning: Token not allowed in a PDF string (Unicode):
(hyperref)                removing `\z@' on input line 22897.


Package hyperref Warning: Token not allowed in a PDF string (Unicode):
(hyperref)                removing `\mathchar' on input line 22897.


Package hyperref Warning: Token not allowed in a PDF string (Unicode):
(hyperref)                removing `math shift' on input line 22897.



[565]

[566]

[567]
! Missing $ inserted.
<inserted text> 
                $
l.23016 ... fidelity (errors at the level of \$10^
                                                  {-15}$).
I've inserted a begin-math/end-math symbol since I think
you left one out. Proceed, with fingers crossed.

! Missing $ inserted.
<inserted text> 
                $
l.23019 
        
I've inserted a begin-math/end-math symbol since I think
you left one out. Proceed, with fingers crossed.


Overfull \hbox (66.56686pt too wide) in paragraph at lines 23018--23019
\T1/lmr/m/it/10 ing jump moves you closer by roughly $2/n$\OMS/lmsy/m/n/10 ^^@ 
^^@ ^^@\OML/lmm/m/it/10 adiminishingreturnthatquantifiesthelawofdiminishingmarg
inalknowledge:$ 
 []


! LaTeX Error: Command \item invalid in math mode.

See the LaTeX manual or LaTeX Companion for explanation.
Type  H <return>  for immediate help.
 ...                                              
                                                  
l.23041   \item
                \textbf{Applications:} Neural weight bounding, signal compre...

Try typing  <return>  to proceed.
If that doesn't work, type  X <return>  to quit.

! Missing $ inserted.
<inserted text> 
                $
l.23041   \item \textbf
                       {Applications:} Neural weight bounding, signal compre...
I've inserted a begin-math/end-math symbol since I think
you left one out. Proceed, with fingers crossed.



[568]

[569

]

[570]
Chapter 42.
<images/Tropical__SHA256_Inversion__demos__01_tropical_algebra.png, id=17342, 1
258.4616pt x 856.1586pt>
File: images/Tropical__SHA256_Inversion__demos__01_tropical_algebra.png Graphic
 file (type png)
<use images/Tropical__SHA256_Inversion__demos__01_tropical_algebra.png>
Package pdftex.def Info: images/Tropical__SHA256_Inversion__demos__01_tropical_
algebra.png  used on input line 23070.
(pdftex.def)             Requested size: 385.50183pt x 262.25801pt.
<images/Tropical__SHA256_Inversion__demos__02_information_loss.png, id=17343, 1
148.6112pt x 710.655pt>
File: images/Tropical__SHA256_Inversion__demos__02_information_loss.png Graphic
 file (type png)
<use images/Tropical__SHA256_Inversion__demos__02_information_loss.png>
Package pdftex.def Info: images/Tropical__SHA256_Inversion__demos__02_informati
on_loss.png  used on input line 23078.
(pdftex.def)             Requested size: 385.50183pt x 238.50735pt.
<images/Tropical__SHA256_Inversion__demos__03_boolean_tropical.png, id=17344, 1
306.1598pt x 711.1368pt>
File: images/Tropical__SHA256_Inversion__demos__03_boolean_tropical.png Graphic
 file (type png)
<use images/Tropical__SHA256_Inversion__demos__03_boolean_tropical.png>
Package pdftex.def Info: images/Tropical__SHA256_Inversion__demos__03_boolean_t
ropical.png  used on input line 23086.
(pdftex.def)             Requested size: 385.50183pt x 209.8812pt.
<images/Tropical__SHA256_Inversion__demos__04_modular_addition.png, id=17345, 1
293.1512pt x 427.3566pt>
File: images/Tropical__SHA256_Inversion__demos__04_modular_addition.png Graphic
 file (type png)
<use images/Tropical__SHA256_Inversion__demos__04_modular_addition.png>
Package pdftex.def Info: images/Tropical__SHA256_Inversion__demos__04_modular_a
ddition.png  used on input line 23094.
(pdftex.def)             Requested size: 385.50183pt x 127.39937pt.
<images/Tropical__SHA256_Inversion__demos__05_sha256_structure.png, id=17346, 9
10.602pt x 714.0276pt>
File: images/Tropical__SHA256_Inversion__demos__05_sha256_structure.png Graphic
 file (type png)
<use images/Tropical__SHA256_Inversion__demos__05_sha256_structure.png>
Package pdftex.def Info: images/Tropical__SHA256_Inversion__demos__05_sha256_st
ructure.png  used on input line 23102.
(pdftex.def)             Requested size: 385.50183pt x 302.27559pt.
<images/Tropical__SHA256_Inversion__demos__06_quantum_circuit.png, id=17347, 11
49.093pt x 569.0058pt>
File: images/Tropical__SHA256_Inversion__demos__06_quantum_circuit.png Graphic 
file (type png)
<use images/Tropical__SHA256_Inversion__demos__06_quantum_circuit.png>
Package pdftex.def Info: images/Tropical__SHA256_Inversion__demos__06_quantum_c
ircuit.png  used on input line 23110.
(pdftex.def)             Requested size: 385.50183pt x 190.88943pt.


[571

 <./images/Tropical__SHA256_Inversion__demos__01_tropical_algebra.png>]

[572 <./images/Tropical__SHA256_Inversion__demos__02_information_loss.png> <./i
mages/Tropical__SHA256_Inversion__demos__03_boolean_tropical.png> <./images/Tro
pical__SHA256_Inversion__demos__04_modular_addition.png>]

[573 <./images/Tropical__SHA256_Inversion__demos__05_sha256_structure.png> <./i
mages/Tropical__SHA256_Inversion__demos__06_quantum_circuit.png>]

[574]
Overfull \hbox (2.77632pt too wide) in paragraph at lines 23204--23205
[]\T1/lmr/bx/it/10 Corollary 4.3 \T1/lmr/m/it/10 (Lean: \T1/lmtt/m/it/10 quantu
m_sha256_inverse_needs_garbage\T1/lmr/m/it/10 ). No func-tion inv : Fin(2$[]$56
) $\OMS/lmsy/m/n/10 !$ \T1/lmr/m/it/10 Fin(2$[]$)
 []



[575]

[576]

[577]
Overfull \hbox (10.56816pt too wide) in paragraph at lines 23351--23352
[]\T1/lmr/m/it/10 Mathlib Com-mu-nity. Math-lib4: Math-e-mat-ics in Lean 4. htt
ps://github.com/leanprover-community/mathlib4 
 []


Overfull \hbox (59.97827pt too wide) in paragraph at lines 23371--23372
\T1/lmr/m/it/10 adec-i-mal char-ac-ters. The word "hello" be-comes \T1/lmtt/m/i
t/10 2cf24dba5fb0a30e26e83b2ac5b9e29e1b161e5c1fa7425e73043362938b9824\T1/lmr/m/
it/10 .
 []



[578]

[579]

[580]
Chapter 43.


[581

]

[582]
Overfull \hbox (64.39182pt too wide) in paragraph at lines 23673--23675
[]\T1/lmr/m/it/10 Proof. Let v = f(x) for any x. Then f(v) = f(f(x)) = f(x) = v
 by idem-po-tency. For-mal-ized as \T1/lmtt/m/it/10 idempotent_produces_quines\
T1/lmr/m/it/10 .
 []



[583]

[584]
Overfull \hbox (0.71216pt too wide) in paragraph at lines 23815--23817
[]\T1/lmr/bx/it/10 Tarski (1955)\T1/lmr/m/it/10 : Fixed-point the-o-rem for com
-plete lat-tices, which guar-an-tees the ex-is-tence of self-consistent
 []



[585]

[586]

[587]

[588]

[589]

[590]
Chapter 44.
<images/Tropical__Tropical_Quantum_Brain__demos__consciousness_phase_transition
.png, id=17479, 1181.3736pt x 1052.2512pt>
File: images/Tropical__Tropical_Quantum_Brain__demos__consciousness_phase_trans
ition.png Graphic file (type png)
<use images/Tropical__Tropical_Quantum_Brain__demos__consciousness_phase_transi
tion.png>
Package pdftex.def Info: images/Tropical__Tropical_Quantum_Brain__demos__consci
ousness_phase_transition.png  used on input line 24145.
(pdftex.def)             Requested size: 385.50183pt x 343.37447pt.
<images/Tropical__Tropical_Quantum_Brain__demos__maslov_deformation.png, id=174
80, 1004.553pt x 852.3042pt>
File: images/Tropical__Tropical_Quantum_Brain__demos__maslov_deformation.png Gr
aphic file (type png)
<use images/Tropical__Tropical_Quantum_Brain__demos__maslov_deformation.png>
Package pdftex.def Info: images/Tropical__Tropical_Quantum_Brain__demos__maslov
_deformation.png  used on input line 24153.
(pdftex.def)             Requested size: 385.50183pt x 327.07822pt.
<images/Tropical__Tropical_Quantum_Brain__demos__maslov_phase_diagram.png, id=1
7481, 807.9786pt x 569.4876pt>
File: images/Tropical__Tropical_Quantum_Brain__demos__maslov_phase_diagram.png 
Graphic file (type png)
<use images/Tropical__Tropical_Quantum_Brain__demos__maslov_phase_diagram.png>
Package pdftex.def Info: images/Tropical__Tropical_Quantum_Brain__demos__maslov
_phase_diagram.png  used on input line 24161.
(pdftex.def)             Requested size: 385.50183pt x 271.70859pt.
<images/Tropical__Tropical_Quantum_Brain__demos__neural_beta_regimes.png, id=17
482, 1437.6912pt x 356.532pt>
File: images/Tropical__Tropical_Quantum_Brain__demos__neural_beta_regimes.png G
raphic file (type png)
<use images/Tropical__Tropical_Quantum_Brain__demos__neural_beta_regimes.png>
Package pdftex.def Info: images/Tropical__Tropical_Quantum_Brain__demos__neural
_beta_regimes.png  used on input line 24169.
(pdftex.def)             Requested size: 385.50183pt x 95.59576pt.
<images/Tropical__Tropical_Quantum_Brain__demos__neural_wta_tropical.png, id=17
483, 1060.9236pt x 894.2208pt>
File: images/Tropical__Tropical_Quantum_Brain__demos__neural_wta_tropical.png G
raphic file (type png)
<use images/Tropical__Tropical_Quantum_Brain__demos__neural_wta_tropical.png>
Package pdftex.def Info: images/Tropical__Tropical_Quantum_Brain__demos__neural
_wta_tropical.png  used on input line 24177.
(pdftex.def)             Requested size: 385.50183pt x 324.92107pt.
<images/Tropical__Tropical_Quantum_Brain__demos__tropical_cnot.png, id=17484, 1
137.5298pt x 356.532pt>
File: images/Tropical__Tropical_Quantum_Brain__demos__tropical_cnot.png Graphic
 file (type png)
<use images/Tropical__Tropical_Quantum_Brain__demos__tropical_cnot.png>
Package pdftex.def Info: images/Tropical__Tropical_Quantum_Brain__demos__tropic
al_cnot.png  used on input line 24185.
(pdftex.def)             Requested size: 385.50183pt x 120.82758pt.


[591

 <./images/Tropical__Tropical_Quantum_Brain__demos__consciousness_phase_transit
ion.png>]

[592 <./images/Tropical__Tropical_Quantum_Brain__demos__maslov_deformation.png>
 <./images/Tropical__Tropical_Quantum_Brain__demos__maslov_phase_diagram.png>]

[593 <./images/Tropical__Tropical_Quantum_Brain__demos__neural_beta_regimes.png
> <./images/Tropical__Tropical_Quantum_Brain__demos__neural_wta_tropical.png> <
./images/Tropical__Tropical_Quantum_Brain__demos__tropical_cnot.png>]
Underfull \vbox (badness 2401) has occurred while \output is active []



[594]

[595]
Overfull \hbox (26.46306pt too wide) in paragraph at lines 24368--24384
 [] 
 []



[596]

[597]

[598]
Overfull \hbox (34.86783pt too wide) in paragraph at lines 24560--24571
 [] 
 []



[599]

[600]
Overfull \hbox (6.83061pt too wide) in paragraph at lines 24670--24671
[]\T1/lmr/m/it/10 This pa-per was pro-duced through a col-lab-o-ra-tion be-twee
n human-guided math-e-mat-i-cal ex-plo-ration and machine-
 []



[601]

[602]

Package hyperref Warning: Token not allowed in a PDF string (Unicode):
(hyperref)                removing `\to' on input line 24751.


Package hyperref Warning: Token not allowed in a PDF string (Unicode):
(hyperref)                removing `\to' on input line 24759.


Package hyperref Warning: Token not allowed in a PDF string (Unicode):
(hyperref)                removing `\to' on input line 24765.



[603]

[604]

[605]
Overfull \hbox (29.64053pt too wide) in paragraph at lines 24855--24864
\T1/lmr/bx/it/10 Box: Try It Your-self \T1/lmr/m/it/10 The re-search pack-age i
n-cludes in-ter-ac-tive Python demon-stra-tions: - \T1/lmtt/m/it/10 demo_tropic
al_gates.py
 []



[606]
Chapter 45.
<images/Quantum_Tropical_Computing__demos__circuit_annealing.png, id=17602, 107
6.3412pt x 357.4956pt>
File: images/Quantum_Tropical_Computing__demos__circuit_annealing.png Graphic f
ile (type png)
<use images/Quantum_Tropical_Computing__demos__circuit_annealing.png>
Package pdftex.def Info: images/Quantum_Tropical_Computing__demos__circuit_anne
aling.png  used on input line 24879.
(pdftex.def)             Requested size: 385.50183pt x 128.03827pt.
<images/Quantum_Tropical_Computing__demos__circuit_beta_sweep.png, id=17603, 86
0.013pt x 711.6186pt>
File: images/Quantum_Tropical_Computing__demos__circuit_beta_sweep.png Graphic 
file (type png)
<use images/Quantum_Tropical_Computing__demos__circuit_beta_sweep.png>
Package pdftex.def Info: images/Quantum_Tropical_Computing__demos__circuit_beta
_sweep.png  used on input line 24887.
(pdftex.def)             Requested size: 385.50183pt x 318.98755pt.
<images/Quantum_Tropical_Computing__demos__circuit_entanglement.png, id=17604, 
1076.823pt x 711.6186pt>
File: images/Quantum_Tropical_Computing__demos__circuit_entanglement.png Graphi
c file (type png)
<use images/Quantum_Tropical_Computing__demos__circuit_entanglement.png>
Package pdftex.def Info: images/Quantum_Tropical_Computing__demos__circuit_enta
nglement.png  used on input line 24895.
(pdftex.def)             Requested size: 385.50183pt x 254.76004pt.
<images/Quantum_Tropical_Computing__demos__gate_composition_algebra.png, id=176
05, 860.013pt x 711.6186pt>
File: images/Quantum_Tropical_Computing__demos__gate_composition_algebra.png Gr
aphic file (type png)
<use images/Quantum_Tropical_Computing__demos__gate_composition_algebra.png>
Package pdftex.def Info: images/Quantum_Tropical_Computing__demos__gate_composi
tion_algebra.png  used on input line 24903.
(pdftex.def)             Requested size: 385.50183pt x 318.98755pt.
<images/Quantum_Tropical_Computing__demos__maslov_gate_spectrum.png, id=17606, 
1076.823pt x 357.4956pt>
File: images/Quantum_Tropical_Computing__demos__maslov_gate_spectrum.png Graphi
c file (type png)
<use images/Quantum_Tropical_Computing__demos__maslov_gate_spectrum.png>
Package pdftex.def Info: images/Quantum_Tropical_Computing__demos__maslov_gate_
spectrum.png  used on input line 24911.
(pdftex.def)             Requested size: 385.50183pt x 127.98372pt.
<images/Quantum_Tropical_Computing__demos__tropical_bayes_inference.png, id=176
07, 860.013pt x 716.4366pt>
File: images/Quantum_Tropical_Computing__demos__tropical_bayes_inference.png Gr
aphic file (type png)
<use images/Quantum_Tropical_Computing__demos__tropical_bayes_inference.png>
Package pdftex.def Info: images/Quantum_Tropical_Computing__demos__tropical_bay
es_inference.png  used on input line 24919.
(pdftex.def)             Requested size: 385.50183pt x 321.14725pt.

Underfull \vbox (badness 2846) has occurred while \output is active []



[607

 <./images/Quantum_Tropical_Computing__demos__circuit_annealing.png> <./images/
Quantum_Tropical_Computing__demos__circuit_beta_sweep.png>]

[608 <./images/Quantum_Tropical_Computing__demos__circuit_entanglement.png> <./
images/Quantum_Tropical_Computing__demos__gate_composition_algebra.png>]

[609 <./images/Quantum_Tropical_Computing__demos__maslov_gate_spectrum.png> <./
images/Quantum_Tropical_Computing__demos__tropical_bayes_inference.png>]

[610]

[611]

[612]
! Missing { inserted.
<to be read again> 
                   }
l.25162 ...j^*} = \begin{cases} 1 & \text{if } j^}
                                                   = \arg\max_j(W_{ij} + x_j...
A left brace was mandatory here, so I've put one in.
You might want to delete and/or insert some corrections
so that I will find a matching right brace soon.
(If you're confused by all this, try typing `I}' now.)

! Missing } inserted.
<inserted text> 
                }
l.25162 ...) \\ 0 & \text{otherwise} \end{cases}\]
                                                  
I've inserted something that you may have forgotten.
(See the <inserted text> above.)
With luck, this will get me unwedged. But if you
really didn't forget anything, try typing `2' now; then
my insertion and my current dilemma will both disappear.



[613]

[614]

Package hyperref Warning: Token not allowed in a PDF string (Unicode):
(hyperref)                removing `\beta' on input line 25250.



[615]
Overfull \hbox (83.12544pt too wide) in paragraph at lines 25332--25333
\T1/lmr/m/it/10 All core al-ge-braic the-o-rems are for-mal-ized in Lean 4 with
 Math-lib, con-tained in \T1/lmtt/m/it/10 core/Tropical/QuantumTropicalComputin
g.lean\T1/lmr/m/it/10 .
 []



[616]

[617]
Overfull \hbox (237.91144pt too wide) in paragraph at lines 25442--25452
 [] 
 []



[618]

[619]

[620]
Overfull \hbox (3.91798pt too wide) in paragraph at lines 25595--25596
[]\T1/lmr/bx/it/10 Can trop-i-cal cir-cuits out-per-form quan-tum cir-cuits? \T
1/lmr/m/it/10 Quan-tum com-put-ers promise ex-po-nen-tial speedups
 []


Overfull \hbox (145.60568pt too wide) in paragraph at lines 25611--25622
 [] 
 []



[621]

[622]

[623

]

[624]
Chapter 46.
<images/Crypto_Paywall__demos__economic_simulation.png, id=17721, 1123.0758pt x
 352.1958pt>
File: images/Crypto_Paywall__demos__economic_simulation.png Graphic file (type 
png)
<use images/Crypto_Paywall__demos__economic_simulation.png>
Package pdftex.def Info: images/Crypto_Paywall__demos__economic_simulation.png 
 used on input line 25669.
(pdftex.def)             Requested size: 385.50183pt x 120.88966pt.
<images/Crypto_Paywall__demos__gas_analysis.png, id=17722, 1004.553pt x 423.502
2pt>
File: images/Crypto_Paywall__demos__gas_analysis.png Graphic file (type png)
<use images/Crypto_Paywall__demos__gas_analysis.png>
Package pdftex.def Info: images/Crypto_Paywall__demos__gas_analysis.png  used o
n input line 25677.
(pdftex.def)             Requested size: 385.50183pt x 162.52217pt.
<images/Crypto_Paywall__demos__protocol_timeline.png, id=17723, 1004.553pt x 35
2.1958pt>
File: images/Crypto_Paywall__demos__protocol_timeline.png Graphic file (type pn
g)
<use images/Crypto_Paywall__demos__protocol_timeline.png>
Package pdftex.def Info: images/Crypto_Paywall__demos__protocol_timeline.png  u
sed on input line 25685.
(pdftex.def)             Requested size: 385.50183pt x 135.1578pt.
<images/Crypto_Paywall__demos__security_radar.png, id=17724, 571.4148pt x 509.7
444pt>
File: images/Crypto_Paywall__demos__security_radar.png Graphic file (type png)
<use images/Crypto_Paywall__demos__security_radar.png>
Package pdftex.def Info: images/Crypto_Paywall__demos__security_radar.png  used
 on input line 25693.
(pdftex.def)             Requested size: 385.50183pt x 343.89928pt.
<images/Crypto_Paywall__demos__state_machine.png, id=17725, 539.1342pt x 571.41
48pt>
File: images/Crypto_Paywall__demos__state_machine.png Graphic file (type png)
<use images/Crypto_Paywall__demos__state_machine.png>
Package pdftex.def Info: images/Crypto_Paywall__demos__state_machine.png  used 
on input line 25701.
(pdftex.def)             Requested size: 385.50183pt x 408.58463pt.

Overfull \hbox (0.40259pt too wide) in paragraph at lines 25710--25710
|[]\T1/lmr/bx/n/14.4 Atomic Information-Money Swaps via Hash-Locked To-ken Dis-

 []



[625

 <./images/Crypto_Paywall__demos__economic_simulation.png> <./images/Crypto_Pay
wall__demos__gas_analysis.png> <./images/Crypto_Paywall__demos__protocol_timeli
ne.png>]

[626 <./images/Crypto_Paywall__demos__security_radar.png>]

[627 <./images/Crypto_Paywall__demos__state_machine.png>]
! Missing $ inserted.
<inserted text> 
                $
l.25720 
        
I've inserted a begin-math/end-math symbol since I think
you left one out. Proceed, with fingers crossed.



[628]
Overfull \hbox (3.94339pt too wide) in paragraph at lines 25752--25753
[]\T1/lmr/bx/it/10 Two-contract ar-chi-tec-ture\T1/lmr/m/it/10 : \T1/lmtt/m/it/
10 AliceVendingMachine.sol \T1/lmr/m/it/10 (mar-ket-place logic) and \T1/lmtt/m
/it/10 DecryptionToken.sol
 []



[629]
Overfull \hbox (16.8731pt too wide) in paragraph at lines 25815--25815
[]\T1/lmtt/m/n/10 |  | \bullet Payment processing |------\triangleright| \bulle
t Token metadata     |           |[] 
 []


Overfull \hbox (11.62311pt too wide) in paragraph at lines 25815--25815
[]\T1/lmtt/m/n/10 |  | \bullet IPFS (ciphertext)  |\triangleleft------| \bullet
 Key management     |           |[] 
 []

! Extra }, or forgotten $.
<recently read> \egroup 
                        
l.25844 ...t{K \ensuremath{\leftarrow}$ {0,1}^256}
                                                  
I've deleted a group-closing symbol because it seems to be
spurious, as in `$x}$'. But perhaps the } is legitimate and
you forgot something else, as in `\hbox{$x}'. In such cases
the way to recover is to insert both the forgotten and the
deleted material, e.g., by typing `I$}'.


! LaTeX Error: Command \item invalid in math mode.

See the LaTeX manual or LaTeX Companion for explanation.
Type  H <return>  for immediate help.
 ...                                              
                                                  
l.25845   \item
                Seller encrypts payload: \texttt{C \ensuremath{\leftarrow} E...

Try typing  <return>  to proceed.
If that doesn't work, type  X <return>  to quit.

! Missing $ inserted.
<inserted text> 
                $
l.25845   \item S
                 eller encrypts payload: \texttt{C \ensuremath{\leftarrow} E...
I've inserted a begin-math/end-math symbol since I think
you left one out. Proceed, with fingers crossed.

! Missing } inserted.
<inserted text> 
                }
l.25850 \end{enumerate}
                       
I've inserted something that you may have forgotten.
(See the <inserted text> above.)
With luck, this will get me unwedged. But if you
really didn't forget anything, try typing `2' now; then
my insertion and my current dilemma will both disappear.



[630]

[631]
! Extra }, or forgotten $.
<template> \unskip \hfil }
                          \hskip \tabcolsep \endtemplate 
l.25979 ...as Units & L1 Cost (30 gwei, $3K/ETH) &
                                                   L2 Cost (Arbitrum) \\
I've deleted a group-closing symbol because it seems to be
spurious, as in `$x}$'. But perhaps the } is legitimate and
you forgot something else, as in `\hbox{$x}'. In such cases
the way to recover is to insert both the forgotten and the
deleted material, e.g., by typing `I$}'.

! Missing $ inserted.
<inserted text> 
                $
l.25979 ...as Units & L1 Cost (30 gwei, $3K/ETH) &
                                                   L2 Cost (Arbitrum) \\
I've inserted a begin-math/end-math symbol since I think
you left one out. Proceed, with fingers crossed.

! Missing } inserted.
<inserted text> 
                }
l.25979 ...as Units & L1 Cost (30 gwei, $3K/ETH) &
                                                   L2 Cost (Arbitrum) \\
I've inserted something that you may have forgotten.
(See the <inserted text> above.)
With luck, this will get me unwedged. But if you
really didn't forget anything, try typing `2' now; then
my insertion and my current dilemma will both disappear.



[632]

! LaTeX Error: Command \item invalid in math mode.

See the LaTeX manual or LaTeX Companion for explanation.
Type  H <return>  for immediate help.
 ...                                              
                                                  
l.26017   \item
                Gas prices: uniform [10, 100] gwei
Try typing  <return>  to proceed.
If that doesn't work, type  X <return>  to quit.

! Missing $ inserted.
<inserted text> 
                $
l.26017   \item G
                 as prices: uniform [10, 100] gwei
I've inserted a begin-math/end-math symbol since I think
you left one out. Proceed, with fingers crossed.



[633]

[634]

[635]

[636]

[637]
! Missing $ inserted.
<inserted text> 
                $
l.26291 
        
I've inserted a begin-math/end-math symbol since I think
you left one out. Proceed, with fingers crossed.


Overfull \hbox (66.4692pt too wide) in paragraph at lines 26290--26291
\T1/lmr/m/it/10 priced above $\OT1/lmr/m/n/10 $5\OML/lmm/m/it/10 :OnnewerLayer\
OT1/lmr/m/n/10 2\OML/lmm/m/it/10 networkslikeArbitrumorBase; costsdroptoabout\O
T1/lmr/m/n/10 $0$20\OML/lmm/m/it/10 ; makingevenmicropaymentspractical:$ 
 []



[638]
Overfull \hbox (43.12302pt too wide) in paragraph at lines 26361--26361
[]                                     \T1/lmtt/m/n/10 \bullet Mint Token #0   
------\triangleright  Receives Token #0[] 
 []


Overfull \hbox (27.37306pt too wide) in paragraph at lines 26361--26361
[]                                     \T1/lmtt/m/n/10 \bullet Broadcast key K 
------\triangleright  Receives key K[] 
 []


Underfull \vbox (badness 4673) has occurred while \output is active []



[639]

[640]
Chapter 47.
<images/Zero_Knowledge__demos__ali_baba_statistics.png, id=17849, 1290.2604pt x
 426.393pt>
File: images/Zero_Knowledge__demos__ali_baba_statistics.png Graphic file (type 
png)
<use images/Zero_Knowledge__demos__ali_baba_statistics.png>
Package pdftex.def Info: images/Zero_Knowledge__demos__ali_baba_statistics.png 
 used on input line 26401.
(pdftex.def)             Requested size: 385.50183pt x 127.39188pt.
<images/Zero_Knowledge__demos__graph_coloring_security.png, id=17850, 1003.1076
pt x 426.393pt>
File: images/Zero_Knowledge__demos__graph_coloring_security.png Graphic file (t
ype png)
<use images/Zero_Knowledge__demos__graph_coloring_security.png>
Package pdftex.def Info: images/Zero_Knowledge__demos__graph_coloring_security.
png  used on input line 26409.
(pdftex.def)             Requested size: 385.50183pt x 163.86577pt.
<images/Zero_Knowledge__demos__graph_coloring_zkp.png, id=17851, 1134.1572pt x 
1053.6966pt>
File: images/Zero_Knowledge__demos__graph_coloring_zkp.png Graphic file (type p
ng)
<use images/Zero_Knowledge__demos__graph_coloring_zkp.png>
Package pdftex.def Info: images/Zero_Knowledge__demos__graph_coloring_zkp.png  
used on input line 26417.
(pdftex.def)             Requested size: 385.50183pt x 358.15564pt.
<images/Zero_Knowledge__demos__schnorr_distributions.png, id=17852, 1293.1512pt
 x 356.532pt>
File: images/Zero_Knowledge__demos__schnorr_distributions.png Graphic file (typ
e png)
<use images/Zero_Knowledge__demos__schnorr_distributions.png>
Package pdftex.def Info: images/Zero_Knowledge__demos__schnorr_distributions.pn
g  used on input line 26425.
(pdftex.def)             Requested size: 385.50183pt x 106.28583pt.
<images/Zero_Knowledge__demos__schnorr_protocol.png, id=17853, 1134.639pt x 102
0.4524pt>
File: images/Zero_Knowledge__demos__schnorr_protocol.png Graphic file (type png
)
<use images/Zero_Knowledge__demos__schnorr_protocol.png>
Package pdftex.def Info: images/Zero_Knowledge__demos__schnorr_protocol.png  us
ed on input line 26433.
(pdftex.def)             Requested size: 385.50183pt x 346.70009pt.
<images/Zero_Knowledge__demos__sell_secrets_protocol.png, id=17854, 1246.4166pt
 x 1185.7098pt>
File: images/Zero_Knowledge__demos__sell_secrets_protocol.png Graphic file (typ
e png)
<use images/Zero_Knowledge__demos__sell_secrets_protocol.png>
Package pdftex.def Info: images/Zero_Knowledge__demos__sell_secrets_protocol.pn
g  used on input line 26441.
(pdftex.def)             Requested size: 385.50183pt x 366.7159pt.


[641

 <./images/Zero_Knowledge__demos__ali_baba_statistics.png> <./images/Zero_Knowl
edge__demos__graph_coloring_security.png>]

[642 <./images/Zero_Knowledge__demos__graph_coloring_zkp.png> <./images/Zero_Kn
owledge__demos__schnorr_distributions.png>]

[643 <./images/Zero_Knowledge__demos__schnorr_protocol.png>]

[644 <./images/Zero_Knowledge__demos__sell_secrets_protocol.png>]

[645]
! Missing { inserted.
<to be read again> 
                   }
l.26517 \[\text{View}_{V^*[(P, V^}
                                  )(x)] \approx S(x)\]
A left brace was mandatory here, so I've put one in.
You might want to delete and/or insert some corrections
so that I will find a matching right brace soon.
(If you're confused by all this, try typing `I}' now.)

! Missing } inserted.
<inserted text> 
                }
l.26517 ...{View}_{V^*[(P, V^})(x)] \approx S(x)\]
                                                  
I've inserted something that you may have forgotten.
(See the <inserted text> above.)
With luck, this will get me unwedged. But if you
really didn't forget anything, try typing `2' now; then
my insertion and my current dilemma will both disappear.

! Missing { inserted.
<to be read again> 
                   }
l.26527 ...gible probability on input $x$, $E^{P^}
                                                  (x)$ outputs $w$ such that...
A left brace was mandatory here, so I've put one in.
You might want to delete and/or insert some corrections
so that I will find a matching right brace soon.
(If you're confused by all this, try typing `I}' now.)

! Missing } inserted.
<inserted text> 
                }
l.26527 ...e probability on input $x$, $E^{P^}(x)$
                                                   outputs $w$ such that $(x...
I've inserted something that you may have forgotten.
(See the <inserted text> above.)
With luck, this will get me unwedged. But if you
really didn't forget anything, try typing `2' now; then
my insertion and my current dilemma will both disappear.



[646]

[647]

[648]

[649]

[650]

[651]

[652]

[653]

[654]

[655]

[656

]

[657]
Chapter 48.
<images/Exploration__QuantumECC__demos__elliptic_curve_visualization.png, id=17
955, 1263.2796pt x 855.6768pt>
File: images/Exploration__QuantumECC__demos__elliptic_curve_visualization.png G
raphic file (type png)
<use images/Exploration__QuantumECC__demos__elliptic_curve_visualization.png>
Package pdftex.def Info: images/Exploration__QuantumECC__demos__elliptic_curve_
visualization.png  used on input line 27037.
(pdftex.def)             Requested size: 385.50183pt x 261.11813pt.
<images/Exploration__QuantumECC__demos__group_law_and_security.png, id=17956, 1
148.6112pt x 497.2176pt>
File: images/Exploration__QuantumECC__demos__group_law_and_security.png Graphic
 file (type png)
<use images/Exploration__QuantumECC__demos__group_law_and_security.png>
Package pdftex.def Info: images/Exploration__QuantumECC__demos__group_law_and_s
ecurity.png  used on input line 27045.
(pdftex.def)             Requested size: 385.50183pt x 166.8743pt.
<images/Exploration__QuantumECC__demos__hypothesis_results.png, id=17957, 1148.
6112pt x 993.9534pt>
File: images/Exploration__QuantumECC__demos__hypothesis_results.png Graphic fil
e (type png)
<use images/Exploration__QuantumECC__demos__hypothesis_results.png>
Package pdftex.def Info: images/Exploration__QuantumECC__demos__hypothesis_resu
lts.png  used on input line 27053.
(pdftex.def)             Requested size: 385.50183pt x 333.5869pt.
<images/Exploration__QuantumECC__demos__quantum_gate_inversion.png, id=17958, 1
004.553pt x 711.6186pt>
File: images/Exploration__QuantumECC__demos__quantum_gate_inversion.png Graphic
 file (type png)
<use images/Exploration__QuantumECC__demos__quantum_gate_inversion.png>
Package pdftex.def Info: images/Exploration__QuantumECC__demos__quantum_gate_in
version.png  used on input line 27061.
(pdftex.def)             Requested size: 385.50183pt x 273.08905pt.
<images/Exploration__QuantumECC__demos__quantum_vs_classical_ecdlp.png, id=1795
9, 1147.1658pt x 496.254pt>
File: images/Exploration__QuantumECC__demos__quantum_vs_classical_ecdlp.png Gra
phic file (type png)
<use images/Exploration__QuantumECC__demos__quantum_vs_classical_ecdlp.png>
Package pdftex.def Info: images/Exploration__QuantumECC__demos__quantum_vs_clas
sical_ecdlp.png  used on input line 27069.
(pdftex.def)             Requested size: 385.50183pt x 166.76291pt.
<images/Exploration__QuantumECC__demos__scalar_multiplication_ecdlp.png, id=179
60, 1148.6112pt x 495.2904pt>
File: images/Exploration__QuantumECC__demos__scalar_multiplication_ecdlp.png Gr
aphic file (type png)
<use images/Exploration__QuantumECC__demos__scalar_multiplication_ecdlp.png>
Package pdftex.def Info: images/Exploration__QuantumECC__demos__scalar_multipli
cation_ecdlp.png  used on input line 27077.
(pdftex.def)             Requested size: 385.50183pt x 166.2275pt.


[658

 <./images/Exploration__QuantumECC__demos__elliptic_curve_visualization.png> <.
/images/Exploration__QuantumECC__demos__group_law_and_security.png>]

[659 <./images/Exploration__QuantumECC__demos__hypothesis_results.png> <./image
s/Exploration__QuantumECC__demos__quantum_gate_inversion.png>]

[660 <./images/Exploration__QuantumECC__demos__quantum_vs_classical_ecdlp.png> 
<./images/Exploration__QuantumECC__demos__scalar_multiplication_ecdlp.png>]

[661]
! You can't use `macro parameter character #' in display math mode.
<recently read> ##
                  
l.27196 \[|\\#
              E(\\mathbb{F}_p) - (p+1)| \\leq 2\\sqrt{p}\]
Sorry, but I'm not programmed to handle this case;
I'll just pretend that you didn't ask for it.
If you're in the wrong mode, you might be able to
return to the right one by typing `I}' or `I$' or `I\par'.



[662]

[663]
Overfull \hbox (153.3727pt too wide) in paragraph at lines 27321--27321
[]\T1/lmtt/m/n/10 |x\rangle|0\rangle \to |x\rangle|f(x)\rangle \to |x\rangle|f(
x)\rangle|result\rangle \to |x\rangle|0\rangle|result\rangle[] 
 []



[664]

[665]

[666]

[667]

[668]
Chapter 49.
<images/holography__demos__output__convergence_comparison.png, id=18041, 714.50
94pt x 426.393pt>
File: images/holography__demos__output__convergence_comparison.png Graphic file
 (type png)
<use images/holography__demos__output__convergence_comparison.png>
Package pdftex.def Info: images/holography__demos__output__convergence_comparis
on.png  used on input line 27627.
(pdftex.def)             Requested size: 385.50183pt x 230.0536pt.
<images/holography__demos__output__holographic_projector_system.png, id=18042, 
1127.412pt x 682.2288pt>
File: images/holography__demos__output__holographic_projector_system.png Graphi
c file (type png)
<use images/holography__demos__output__holographic_projector_system.png>
Package pdftex.def Info: images/holography__demos__output__holographic_projecto
r_system.png  used on input line 27635.
(pdftex.def)             Requested size: 385.50183pt x 233.27678pt.
<images/holography__demos__output__holographic_reconstruction.png, id=18043, 13
97.22pt x 711.6186pt>
File: images/holography__demos__output__holographic_reconstruction.png Graphic 
file (type png)
<use images/holography__demos__output__holographic_reconstruction.png>
Package pdftex.def Info: images/holography__demos__output__holographic_reconstr
uction.png  used on input line 27643.
(pdftex.def)             Requested size: 385.50183pt x 196.3418pt.
<images/holography__demos__output__oam_superpositions.png, id=18044, 1268.0976p
t x 855.6768pt>
File: images/holography__demos__output__oam_superpositions.png Graphic file (ty
pe png)
<use images/holography__demos__output__oam_superpositions.png>
Package pdftex.def Info: images/holography__demos__output__oam_superpositions.p
ng  used on input line 27651.
(pdftex.def)             Requested size: 385.50183pt x 260.12584pt.
<images/holography__demos__output__phase_entropy_analysis.png, id=18045, 1148.6
112pt x 993.9534pt>
File: images/holography__demos__output__phase_entropy_analysis.png Graphic file
 (type png)
<use images/holography__demos__output__phase_entropy_analysis.png>
Package pdftex.def Info: images/holography__demos__output__phase_entropy_analys
is.png  used on input line 27659.
(pdftex.def)             Requested size: 385.50183pt x 333.5869pt.
<images/holography__demos__output__phase_vortex_lattice.png, id=18046, 1259.907
pt x 855.6768pt>
File: images/holography__demos__output__phase_vortex_lattice.png Graphic file (
type png)
<use images/holography__demos__output__phase_vortex_lattice.png>
Package pdftex.def Info: images/holography__demos__output__phase_vortex_lattice
.png  used on input line 27667.
(pdftex.def)             Requested size: 385.50183pt x 261.81013pt.


[669

 <./images/holography__demos__output__convergence_comparison.png> <./images/hol
ography__demos__output__holographic_projector_system.png>]

[670 <./images/holography__demos__output__holographic_reconstruction.png> <./im
ages/holography__demos__output__oam_superpositions.png>]

[671 <./images/holography__demos__output__phase_entropy_analysis.png> <./images
/holography__demos__output__phase_vortex_lattice.png>]

[672]

[673]
! Missing { inserted.
<to be read again> 
                   \endgroup 
l.27787 ...}{2\pi}\left(\frac{S_{\max} - S[\phi^}]
                                                  {S_{\max}}\right)^2 \cdot ...
A left brace was mandatory here, so I've put one in.
You might want to delete and/or insert some corrections
so that I will find a matching right brace soon.
(If you're confused by all this, try typing `I}' now.)

! Missing } inserted.
<inserted text> 
                }
l.27787 ...}{2\pi}\left(\frac{S_{\max} - S[\phi^}]
                                                  {S_{\max}}\right)^2 \cdot ...
I've inserted something that you may have forgotten.
(See the <inserted text> above.)
With luck, this will get me unwedged. But if you
really didn't forget anything, try typing `2' now; then
my insertion and my current dilemma will both disappear.



[674]
Overfull \hbox (16.8731pt too wide) in paragraph at lines 27880--27880
[]\T1/lmtt/m/n/10 |       \triangledown               \triangledown            
       \triangledown             |[] 
 []



[675]

[676]

[677]

[678]

[679]

[680]

[681]

[682]

[683

]

[684]
Chapter 50.
<images/Random_Matrix__demos__coulomb_energy_landscape.png, id=18143, 943.3644p
t x 417.2388pt>
File: images/Random_Matrix__demos__coulomb_energy_landscape.png Graphic file (t
ype png)
<use images/Random_Matrix__demos__coulomb_energy_landscape.png>
Package pdftex.def Info: images/Random_Matrix__demos__coulomb_energy_landscape.
png  used on input line 28188.
(pdftex.def)             Requested size: 385.50183pt x 170.50238pt.
<images/Random_Matrix__demos__coulomb_gas.png, id=18144, 1085.0136pt x 998.2896
pt>
File: images/Random_Matrix__demos__coulomb_gas.png Graphic file (type png)
<use images/Random_Matrix__demos__coulomb_gas.png>
Package pdftex.def Info: images/Random_Matrix__demos__coulomb_gas.png  used on 
input line 28196.
(pdftex.def)             Requested size: 385.50183pt x 354.69232pt.
<images/Random_Matrix__demos__coulomb_gas_simulation.png, id=18145, 1292.1876pt
 x 709.6914pt>
File: images/Random_Matrix__demos__coulomb_gas_simulation.png Graphic file (typ
e png)
<use images/Random_Matrix__demos__coulomb_gas_simulation.png>
Package pdftex.def Info: images/Random_Matrix__demos__coulomb_gas_simulation.pn
g  used on input line 28204.
(pdftex.def)             Requested size: 385.50183pt x 211.7287pt.
<images/Random_Matrix__demos__dyson_brownian_motion.png, id=18146, 1147.6476pt 
x 517.4532pt>
File: images/Random_Matrix__demos__dyson_brownian_motion.png Graphic file (type
 png)
<use images/Random_Matrix__demos__dyson_brownian_motion.png>
Package pdftex.def Info: images/Random_Matrix__demos__dyson_brownian_motion.png
  used on input line 28212.
(pdftex.def)             Requested size: 385.50183pt x 173.8157pt.
<images/Random_Matrix__demos__eigenvalue_dynamics.png, id=18147, 1292.1876pt x 
443.7378pt>
File: images/Random_Matrix__demos__eigenvalue_dynamics.png Graphic file (type p
ng)
<use images/Random_Matrix__demos__eigenvalue_dynamics.png>
Package pdftex.def Info: images/Random_Matrix__demos__eigenvalue_dynamics.png  
used on input line 28220.
(pdftex.def)             Requested size: 385.50183pt x 132.38434pt.
<images/Random_Matrix__demos__eigenvalue_repulsion.png, id=18148, 956.8548pt x 
858.0858pt>
File: images/Random_Matrix__demos__eigenvalue_repulsion.png Graphic file (type 
png)
<use images/Random_Matrix__demos__eigenvalue_repulsion.png>
Package pdftex.def Info: images/Random_Matrix__demos__eigenvalue_repulsion.png 
 used on input line 28228.
(pdftex.def)             Requested size: 385.50183pt x 345.70287pt.


[685

 <./images/Random_Matrix__demos__coulomb_energy_landscape.png>]

[686 <./images/Random_Matrix__demos__coulomb_gas.png> <./images/Random_Matrix__
demos__coulomb_gas_simulation.png>]

[687 <./images/Random_Matrix__demos__dyson_brownian_motion.png> <./images/Rando
m_Matrix__demos__eigenvalue_dynamics.png>]

[688 <./images/Random_Matrix__demos__eigenvalue_repulsion.png>]
Overfull \hbox (23.5489pt too wide) in paragraph at lines 28301--28302
[]\T1/lmr/m/it/10 where V is the N$\OMS/lmsy/m/n/10 ^^B$\T1/lmr/m/it/10 N ma-tr
ix with V_ij = $\OML/lmm/m/it/10 ^^U$$[]$$[]$\T1/lmr/m/it/10 . This is a clas-s
i-cal re-sult for-mal-ized in Math-lib as \T1/lmtt/m/it/10 det_vandermonde\T1/l
mr/m/it/10 . 
 []



[689]

[690]

[691]
Overfull \hbox (161.54497pt too wide) in paragraph at lines 28465--28479
 [] 
 []



[692]

[693]

[694]

[695]

[696]

[697]
Chapter 51.


[698

]
Overfull \hbox (49.20775pt too wide) in paragraph at lines 28757--28757
|[]$[]$ \T1/lmr/bx/n/14.4 For-mally Ver-i-fied (The-o-rem 1: `van-der-monde_det
_eq_prod_diff`)| 
 []


Package hyperref Warning: Token not allowed in a PDF string (Unicode):
(hyperref)                removing `math shift' on input line 28757.


Package hyperref Warning: Token not allowed in a PDF string (Unicode):
(hyperref)                removing `\mathsurround' on input line 28757.


Package hyperref Warning: Token not allowed in a PDF string (Unicode):
(hyperref)                removing `\z@' on input line 28757.


Package hyperref Warning: Token not allowed in a PDF string (Unicode):
(hyperref)                removing `\mathchar' on input line 28757.


Package hyperref Warning: Token not allowed in a PDF string (Unicode):
(hyperref)                removing `math shift' on input line 28757.


Overfull \hbox (8.17502pt too wide) in paragraph at lines 28761--28761
|[]$[]$ \T1/lmr/bx/n/14.4 For-mally Ver-i-fied (The-o-rem 2: `van-der-monde_det
_zero_iff`)| 
 []


Package hyperref Warning: Token not allowed in a PDF string (Unicode):
(hyperref)                removing `math shift' on input line 28761.


Package hyperref Warning: Token not allowed in a PDF string (Unicode):
(hyperref)                removing `\mathsurround' on input line 28761.


Package hyperref Warning: Token not allowed in a PDF string (Unicode):
(hyperref)                removing `\z@' on input line 28761.


Package hyperref Warning: Token not allowed in a PDF string (Unicode):
(hyperref)                removing `\mathchar' on input line 28761.


Package hyperref Warning: Token not allowed in a PDF string (Unicode):
(hyperref)                removing `math shift' on input line 28761.


Package hyperref Warning: Token not allowed in a PDF string (Unicode):
(hyperref)                removing `math shift' on input line 28777.


Package hyperref Warning: Token not allowed in a PDF string (Unicode):
(hyperref)                removing `\mathsurround' on input line 28777.


Package hyperref Warning: Token not allowed in a PDF string (Unicode):
(hyperref)                removing `\z@' on input line 28777.


Package hyperref Warning: Token not allowed in a PDF string (Unicode):
(hyperref)                removing `\mathchar' on input line 28777.


Package hyperref Warning: Token not allowed in a PDF string (Unicode):
(hyperref)                removing `math shift' on input line 28777.


Overfull \hbox (99.6629pt too wide) in paragraph at lines 28783--28783
|[]$[]$ \T1/lmr/bx/n/14.4 For-mally Ver-i-fied (The-o-rem 4: `van-der-monde_det
_pos_of_strictMono`)| 
 []


Package hyperref Warning: Token not allowed in a PDF string (Unicode):
(hyperref)                removing `math shift' on input line 28783.


Package hyperref Warning: Token not allowed in a PDF string (Unicode):
(hyperref)                removing `\mathsurround' on input line 28783.


Package hyperref Warning: Token not allowed in a PDF string (Unicode):
(hyperref)                removing `\z@' on input line 28783.


Package hyperref Warning: Token not allowed in a PDF string (Unicode):
(hyperref)                removing `\mathchar' on input line 28783.


Package hyperref Warning: Token not allowed in a PDF string (Unicode):
(hyperref)                removing `math shift' on input line 28783.



[699]
Overfull \hbox (50.90396pt too wide) in paragraph at lines 28808--28808
|[]$[]$ \T1/lmr/bx/n/14.4 For-mally Ver-i-fied (The-o-rem 5: `log_abs_vandermon
de_eq_sum`)| 
 []


Package hyperref Warning: Token not allowed in a PDF string (Unicode):
(hyperref)                removing `math shift' on input line 28808.


Package hyperref Warning: Token not allowed in a PDF string (Unicode):
(hyperref)                removing `\mathsurround' on input line 28808.


Package hyperref Warning: Token not allowed in a PDF string (Unicode):
(hyperref)                removing `\z@' on input line 28808.


Package hyperref Warning: Token not allowed in a PDF string (Unicode):
(hyperref)                removing `\mathchar' on input line 28808.


Package hyperref Warning: Token not allowed in a PDF string (Unicode):
(hyperref)                removing `math shift' on input line 28808.


Package hyperref Warning: Token not allowed in a PDF string (Unicode):
(hyperref)                removing `\beta' on input line 28816.


Overfull \hbox (80.39629pt too wide) in paragraph at lines 28835--28835
|[]$[]$ \T1/lmr/bx/n/14.4 For-mally Ver-i-fied (The-o-rem 6: `re-pul-sion_stron
ger_at_higher_beta`)| 
 []


Package hyperref Warning: Token not allowed in a PDF string (Unicode):
(hyperref)                removing `math shift' on input line 28835.


Package hyperref Warning: Token not allowed in a PDF string (Unicode):
(hyperref)                removing `\mathsurround' on input line 28835.


Package hyperref Warning: Token not allowed in a PDF string (Unicode):
(hyperref)                removing `\z@' on input line 28835.


Package hyperref Warning: Token not allowed in a PDF string (Unicode):
(hyperref)                removing `\mathchar' on input line 28835.


Package hyperref Warning: Token not allowed in a PDF string (Unicode):
(hyperref)                removing `math shift' on input line 28835.

! Missing $ inserted.
<inserted text> 
                $
l.28837 For \$0 < x < 1$ and $\beta
                                   \_1 < \beta\_2$: $x^{\beta\_2} < x^{\beta...
I've inserted a begin-math/end-math symbol since I think
you left one out. Proceed, with fingers crossed.


Package hyperref Warning: Token not allowed in a PDF string (Unicode):
(hyperref)                removing `\times' on input line 28839.


Package hyperref Warning: Token not allowed in a PDF string (Unicode):
(hyperref)                removing `math shift' on input line 28845.


Package hyperref Warning: Token not allowed in a PDF string (Unicode):
(hyperref)                removing `\mathsurround' on input line 28845.


Package hyperref Warning: Token not allowed in a PDF string (Unicode):
(hyperref)                removing `\z@' on input line 28845.


Package hyperref Warning: Token not allowed in a PDF string (Unicode):
(hyperref)                removing `\mathchar' on input line 28845.


Package hyperref Warning: Token not allowed in a PDF string (Unicode):
(hyperref)                removing `math shift' on input line 28845.



[700]
! Missing $ inserted.
<inserted text> 
                $
l.28852 ...pace}. The matrix entries live in $\sim
                                                   n^2/2$ dimensions, and th...
I've inserted a begin-math/end-math symbol since I think
you left one out. Proceed, with fingers crossed.


Overfull \hbox (113.33157pt too wide) in paragraph at lines 28852--28853
\T1/lmr/m/it/10 The 2D na-ture of the Coulomb po-ten-tial ($\OMS/lmsy/m/n/10 ^^
@ [] \OML/lmm/m/it/10 r$ \T1/lmr/m/it/10 rather than $1/r$\OT1/lmr/m/n/10 )\OML
/lmm/m/it/10 comesfromthe[]:Thematrixentrieslivein$$\OMS/lmsy/m/n/10 ^^X
 []



[701]

[702]
Chapter 52.
<images/Prediction__python_demos__contractive_oracle.png, id=18256, 1068.6324pt
 x 1052.2512pt>
File: images/Prediction__python_demos__contractive_oracle.png Graphic file (typ
e png)
<use images/Prediction__python_demos__contractive_oracle.png>
Package pdftex.def Info: images/Prediction__python_demos__contractive_oracle.pn
g  used on input line 28909.
(pdftex.def)             Requested size: 385.50183pt x 379.58084pt.
<images/Prediction__python_demos__ensemble_sheaf.png, id=18257, 1053.6966pt x 1
301.8236pt>
File: images/Prediction__python_demos__ensemble_sheaf.png Graphic file (type pn
g)
<use images/Prediction__python_demos__ensemble_sheaf.png>
Package pdftex.def Info: images/Prediction__python_demos__ensemble_sheaf.png  u
sed on input line 28917.
(pdftex.def)             Requested size: 385.50183pt x 476.26413pt.
<images/Prediction__python_demos__information_curvature.png, id=18258, 1068.632
4pt x 1428.537pt>
File: images/Prediction__python_demos__information_curvature.png Graphic file (
type png)
<use images/Prediction__python_demos__information_curvature.png>
Package pdftex.def Info: images/Prediction__python_demos__information_curvature
.png  used on input line 28925.
(pdftex.def)             Requested size: 385.50183pt x 515.31923pt.
<images/Prediction__python_demos__meta_prediction_engine.png, id=18259, 1165.95
6pt x 1670.8824pt>
File: images/Prediction__python_demos__meta_prediction_engine.png Graphic file 
(type png)
<use images/Prediction__python_demos__meta_prediction_engine.png>
Package pdftex.def Info: images/Prediction__python_demos__meta_prediction_engin
e.png  used on input line 28933.
(pdftex.def)             Requested size: 385.50183pt x 552.43822pt.
<images/Prediction__python_demos__prediction_horizon.png, id=18260, 1084.5318pt
 x 926.5014pt>
File: images/Prediction__python_demos__prediction_horizon.png Graphic file (typ
e png)
<use images/Prediction__python_demos__prediction_horizon.png>
Package pdftex.def Info: images/Prediction__python_demos__prediction_horizon.pn
g  used on input line 28941.
(pdftex.def)             Requested size: 385.50183pt x 329.32735pt.


[703

 <./images/Prediction__python_demos__contractive_oracle.png>]

[704 <./images/Prediction__python_demos__ensemble_sheaf.png>]

[705 <./images/Prediction__python_demos__information_curvature.png>]

[706 <./images/Prediction__python_demos__meta_prediction_engine.png>]

[707 <./images/Prediction__python_demos__prediction_horizon.png>]

[708]

[709]

[710]

[711]

[712]

[713]

[714]

[715]

[716]

[717]

[718]

[719

]

[720]
Chapter 53.
<images/Laser_Research__demos__biolaser_simulation.png, id=18384, 1082.6046pt x
 1271.952pt>
File: images/Laser_Research__demos__biolaser_simulation.png Graphic file (type 
png)
<use images/Laser_Research__demos__biolaser_simulation.png>
Package pdftex.def Info: images/Laser_Research__demos__biolaser_simulation.png 
 used on input line 29594.
(pdftex.def)             Requested size: 385.50183pt x 452.91441pt.
<images/Laser_Research__demos__chemiluminescent_laser.png, id=18385, 1081.641pt
 x 1051.7694pt>
File: images/Laser_Research__demos__chemiluminescent_laser.png Graphic file (ty
pe png)
<use images/Laser_Research__demos__chemiluminescent_laser.png>
Package pdftex.def Info: images/Laser_Research__demos__chemiluminescent_laser.p
ng  used on input line 29602.
(pdftex.def)             Requested size: 385.50183pt x 374.8492pt.
<images/Laser_Research__demos__grand_comparison.png, id=18386, 1280.6244pt x 14
13.6012pt>
File: images/Laser_Research__demos__grand_comparison.png Graphic file (type png
)
<use images/Laser_Research__demos__grand_comparison.png>
Package pdftex.def Info: images/Laser_Research__demos__grand_comparison.png  us
ed on input line 29610.
(pdftex.def)             Requested size: 385.50183pt x 425.52881pt.
<images/Laser_Research__demos__random_laser_simulation.png, id=18387, 1149.093p
t x 993.9534pt>
File: images/Laser_Research__demos__random_laser_simulation.png Graphic file (t
ype png)
<use images/Laser_Research__demos__random_laser_simulation.png>
Package pdftex.def Info: images/Laser_Research__demos__random_laser_simulation.
png  used on input line 29618.
(pdftex.def)             Requested size: 385.50183pt x 333.45041pt.
<images/Laser_Research__demos__sonoluminescence_pump.png, id=18388, 1070.0778pt
 x 894.2208pt>
File: images/Laser_Research__demos__sonoluminescence_pump.png Graphic file (typ
e png)
<use images/Laser_Research__demos__sonoluminescence_pump.png>
Package pdftex.def Info: images/Laser_Research__demos__sonoluminescence_pump.pn
g  used on input line 29626.
(pdftex.def)             Requested size: 385.50183pt x 322.1512pt.
<images/Laser_Research__demos__triboluminescent_cavity.png, id=18389, 1070.0778
pt x 1146.2022pt>
File: images/Laser_Research__demos__triboluminescent_cavity.png Graphic file (t
ype png)
<use images/Laser_Research__demos__triboluminescent_cavity.png>
Package pdftex.def Info: images/Laser_Research__demos__triboluminescent_cavity.
png  used on input line 29634.
(pdftex.def)             Requested size: 385.50183pt x 412.9298pt.


[721

 <./images/Laser_Research__demos__biolaser_simulation.png>]

[722 <./images/Laser_Research__demos__chemiluminescent_laser.png>]

[723 <./images/Laser_Research__demos__grand_comparison.png>]

[724 <./images/Laser_Research__demos__random_laser_simulation.png> <./images/La
ser_Research__demos__sonoluminescence_pump.png>]

[725 <./images/Laser_Research__demos__triboluminescent_cavity.png>]

[726]

[727]

[728]
! Missing $ inserted.
<inserted text> 
                $
l.29835   \item Required pump intensity: ~\$10^
                                               4$ W/m\textsuperscript{2} (fo...
I've inserted a begin-math/end-math symbol since I think
you left one out. Proceed, with fingers crossed.

! Missing $ inserted.
<inserted text> 
                $
l.29836 ...\textsubscript{2} peak emission: ~\$10^
                                                  1$ W/m\textsuperscript{2} ...
I've inserted a begin-math/end-math symbol since I think
you left one out. Proceed, with fingers crossed.



[729]

[730]

[731]

[732]

[733]
Overfull \hbox (27.15605pt too wide) in paragraph at lines 30128--30140
 [] 
 []



[734]

[735]

[736]

[737]

[738]
! Missing $ inserted.
<inserted text> 
                $
l.30348 
        
I've inserted a begin-math/end-math symbol since I think
you left one out. Proceed, with fingers crossed.



[739]

[740]

[741]
Chapter 54.


[742

]

[743]

[744]

[745]

[746]

[747]

[748]

[749]

[750

]

[751]
Chapter 55.
! You can't use `macro parameter character #' in math mode.
<recently read> ##
                  
l.30868 ...ldbach representation count $G(n) = \\#
                                                  \{(p,q) : p+q=n,\ p,q\ \te...
Sorry, but I'm not programmed to handle this case;
I'll just pretend that you didn't ask for it.
If you're in the wrong mode, you might be able to
return to the right one by typing `I}' or `I$' or `I\par'.

! Missing $ inserted.
<inserted text> 
                $
l.30877 
        
I've inserted a begin-math/end-math symbol since I think
you left one out. Proceed, with fingers crossed.


Overfull \hbox (199.41919pt too wide) in paragraph at lines 30876--30877
[]\T1/lmr/bx/it/10 H5 (Erd®s-Straus Den-sity Growth). \T1/lmr/m/it/10 The num-b
er of Egyp-tian frac-tion de-com-po-si-tions of $4/n$\OML/lmm/m/it/10 growsloga
rithmically; governedbythefactorizationof$\T1/lmr/m/it/10 n$\OML/lmm/m/it/10 :$
 
 []



[752

]
! You can't use `macro parameter character #' in math mode.
<recently read> ##
                  
l.30886   \item $G(n) = \\#
                           \{(p,q) : p \leq q,\ p+q = n,\ p,q\ \text{prime}\}$
Sorry, but I'm not programmed to handle this case;
I'll just pretend that you didn't ask for it.
If you're in the wrong mode, you might be able to
return to the right one by typing `I}' or `I$' or `I\par'.



[753]

[754]

[755]
! Missing $ inserted.
<inserted text> 
                $
l.31103 ...rdered triples $(x, y, z)$ with $x \leq
                                                   y \leq z$.
I've inserted a begin-math/end-math symbol since I think
you left one out. Proceed, with fingers crossed.


Overfull \hbox (92.96841pt too wide) in paragraph at lines 31103--31104
\T1/lmr/m/it/10 The Erd®s-Straus con-jec-ture states that for all $\OML/lmm/m/i
t/10 n \OMS/lmsy/m/n/10 ^^U \OT1/lmr/m/n/10 2$\T1/lmr/m/it/10 , the equa-tion $
4/n = 1/x + 1/y + 1/z$\OML/lmm/m/it/10 haspositiveintegersolutions:Wecount$\T1/
lmr/m/it/10 D(n)
 []

! Missing $ inserted.
<inserted text> 
                $
l.31117 $D(n) \sim a \ln n + b$ & \$51.8 \ln
                                             n - 131.7$ & 0.099 \\
I've inserted a begin-math/end-math symbol since I think
you left one out. Proceed, with fingers crossed.



[756]

[757]

[758]

Package hyperref Warning: Token not allowed in a PDF string (Unicode):
(hyperref)                removing `math shift' on input line 31256.


Package hyperref Warning: Token not allowed in a PDF string (Unicode):
(hyperref)                removing `\mathsurround' on input line 31256.


Package hyperref Warning: Token not allowed in a PDF string (Unicode):
(hyperref)                removing `\z@' on input line 31256.


Package hyperref Warning: Token not allowed in a PDF string (Unicode):
(hyperref)                removing `\mathchar' on input line 31256.


Package hyperref Warning: Token not allowed in a PDF string (Unicode):
(hyperref)                removing `math shift' on input line 31256.

! Missing $ inserted.
<inserted text> 
                $
l.31270 ...form. Instead of thinking about \$1/\ln
                                                  (n)^2$ (which is what Hard...
I've inserted a begin-math/end-math symbol since I think
you left one out. Proceed, with fingers crossed.



[759]

Package hyperref Warning: Token not allowed in a PDF string (Unicode):
(hyperref)                removing `math shift' on input line 31307.


Package hyperref Warning: Token not allowed in a PDF string (Unicode):
(hyperref)                removing `\mathsurround' on input line 31307.


Package hyperref Warning: Token not allowed in a PDF string (Unicode):
(hyperref)                removing `\z@' on input line 31307.


Package hyperref Warning: Token not allowed in a PDF string (Unicode):
(hyperref)                removing `\mathchar' on input line 31307.


Package hyperref Warning: Token not allowed in a PDF string (Unicode):
(hyperref)                removing `math shift' on input line 31307.

! Missing $ inserted.
<inserted text> 
                $
l.31324 
        
I've inserted a begin-math/end-math symbol since I think
you left one out. Proceed, with fingers crossed.


Overfull \hbox (90.35397pt too wide) in paragraph at lines 31323--31324
\T1/lmr/bx/it/10 The claim: \T1/lmr/m/it/10 The num-ber of ways to de-com-pose 
$4/n$\OML/lmm/m/it/10 intothreeunitfractionsgrowslogarithmically; governedbythe
factorizationof$\T1/lmr/m/it/10 n$\OML/lmm/m/it/10 :$ 
 []


Overfull \hbox (6.29134pt too wide) in paragraph at lines 31325--31326
[]\T1/lmr/m/it/10 The Erd®s-Straus con-jec-ture (1948) states that for ev-ery i
n-te-ger $\OML/lmm/m/it/10 n \OMS/lmsy/m/n/10 ^^U \OT1/lmr/m/n/10 2$\T1/lmr/m/i
t/10 , the frac-tion $4/n$\OML/lmm/m/it/10 canbewrittenas\OT1/lmr/m/n/10 $1\OML
/lmm/m/it/10 =x \OT1/lmr/m/n/10 +
 []



[760]

[761]
Chapter 56.
<images/Forbidden__demos__area51_primes.png, id=18664, 1145.2386pt x 1134.639pt
>
File: images/Forbidden__demos__area51_primes.png Graphic file (type png)
<use images/Forbidden__demos__area51_primes.png>
Package pdftex.def Info: images/Forbidden__demos__area51_primes.png  used on in
put line 31384.
(pdftex.def)             Requested size: 385.50183pt x 381.92863pt.
<images/Forbidden__demos__broken_mirror.png, id=18665, 1252.1982pt x 853.2678pt
>
File: images/Forbidden__demos__broken_mirror.png Graphic file (type png)
<use images/Forbidden__demos__broken_mirror.png>
Package pdftex.def Info: images/Forbidden__demos__broken_mirror.png  used on in
put line 31392.
(pdftex.def)             Requested size: 385.50183pt x 262.68752pt.
<images/Forbidden__demos__mandelbrot.png, id=18666, 1003.1076pt x 712.5822pt>
File: images/Forbidden__demos__mandelbrot.png Graphic file (type png)
<use images/Forbidden__demos__mandelbrot.png>
Package pdftex.def Info: images/Forbidden__demos__mandelbrot.png  used on input
 line 31400.
(pdftex.def)             Requested size: 385.50183pt x 273.85027pt.
<images/Forbidden__demos__matrix_eigenvalues.png, id=18667, 1147.6476pt x 992.9
898pt>
File: images/Forbidden__demos__matrix_eigenvalues.png Graphic file (type png)
<use images/Forbidden__demos__matrix_eigenvalues.png>
Package pdftex.def Info: images/Forbidden__demos__matrix_eigenvalues.png  used 
on input line 31408.
(pdftex.def)             Requested size: 385.50183pt x 333.55139pt.
<images/Forbidden__demos__strange_loops_chaos.png, id=18668, 1336.0314pt x 1136
.5662pt>
File: images/Forbidden__demos__strange_loops_chaos.png Graphic file (type png)
<use images/Forbidden__demos__strange_loops_chaos.png>
Package pdftex.def Info: images/Forbidden__demos__strange_loops_chaos.png  used
 on input line 31416.
(pdftex.def)             Requested size: 385.50183pt x 327.94821pt.
<images/Forbidden__demos__twilight_zone.png, id=18669, 1292.1876pt x 992.9898pt
>
File: images/Forbidden__demos__twilight_zone.png Graphic file (type png)
<use images/Forbidden__demos__twilight_zone.png>
Package pdftex.def Info: images/Forbidden__demos__twilight_zone.png  used on in
put line 31424.
(pdftex.def)             Requested size: 385.50183pt x 296.2477pt.


[762

 <./images/Forbidden__demos__area51_primes.png>]

[763 <./images/Forbidden__demos__broken_mirror.png> <./images/Forbidden__demos_
_mandelbrot.png>]

[764 <./images/Forbidden__demos__matrix_eigenvalues.png> <./images/Forbidden__d
emos__strange_loops_chaos.png>]

[765 <./images/Forbidden__demos__twilight_zone.png>]
Overfull \hbox (4.80887pt too wide) in paragraph at lines 31516--31517
\T1/lmr/bx/it/10 Theorem 3.1 \T1/lmr/m/it/10 (Re-al-ity Cri-te-rion). For a 2$\
OMS/lmsy/m/n/10 ^^B$\T1/lmr/m/it/10 2 real ma-trix with en-tries a,b,c,d: (a+d)
$[]$ $\OMS/lmsy/m/n/10 ^^U$ \T1/lmr/m/it/10 4(ad$\OMS/lmsy/m/n/10 ^^@$\T1/lmr/m
/it/10 bc) iff (a$\OMS/lmsy/m/n/10 ^^@$\T1/lmr/m/it/10 d)$[]$+4bc
 []



[766]

[767]

[768]

[769]

[770]

LaTeX Warning: File `images/broken_mirror.png' not found on input line 31760.


! Package pdftex.def Error: File `images/broken_mirror.png' not found: using dr
aft setting.

See the pdftex.def package documentation for explanation.
Type  H <return>  for immediate help.
 ...                                              
                                                  
l.31760 ....8\textwidth]{images/broken_mirror.png}
                                                  
Try typing  <return>  to proceed.
If that doesn't work, type  X <return>  to quit.



[771]

[772]

LaTeX Warning: File `images/matrix_eigenvalues.png' not found on input line 317
91.


! Package pdftex.def Error: File `images/matrix_eigenvalues.png' not found: usi
ng draft setting.

See the pdftex.def package documentation for explanation.
Type  H <return>  for immediate help.
 ...                                              
                                                  
l.31791 ...xtwidth]{images/matrix_eigenvalues.png}
                                                  
Try typing  <return>  to proceed.
If that doesn't work, type  X <return>  to quit.



[773]

LaTeX Warning: File `images/area51_primes.png' not found on input line 31815.


! Package pdftex.def Error: File `images/area51_primes.png' not found: using dr
aft setting.

See the pdftex.def package documentation for explanation.
Type  H <return>  for immediate help.
 ...                                              
                                                  
l.31815 ....8\textwidth]{images/area51_primes.png}
                                                  
Try typing  <return>  to proceed.
If that doesn't work, type  X <return>  to quit.



[774]

LaTeX Warning: File `images/strange_loops_chaos.png' not found on input line 31
843.


! Package pdftex.def Error: File `images/strange_loops_chaos.png' not found: us
ing draft setting.

See the pdftex.def package documentation for explanation.
Type  H <return>  for immediate help.
 ...                                              
                                                  
l.31843 ...twidth]{images/strange_loops_chaos.png}
                                                  
Try typing  <return>  to proceed.
If that doesn't work, type  X <return>  to quit.


LaTeX Warning: File `images/mandelbrot.png' not found on input line 31849.


! Package pdftex.def Error: File `images/mandelbrot.png' not found: using draft
 setting.

See the pdftex.def package documentation for explanation.
Type  H <return>  for immediate help.
 ...                                              
                                                  
l.31849 ...h=0.8\textwidth]{images/mandelbrot.png}
                                                  
Try typing  <return>  to proceed.
If that doesn't work, type  X <return>  to quit.


LaTeX Warning: File `images/twilight_zone.png' not found on input line 31871.


! Package pdftex.def Error: File `images/twilight_zone.png' not found: using dr
aft setting.

See the pdftex.def package documentation for explanation.
Type  H <return>  for immediate help.
 ...                                              
                                                  
l.31871 ....8\textwidth]{images/twilight_zone.png}
                                                  
Try typing  <return>  to proceed.
If that doesn't work, type  X <return>  to quit.



[775]

[776]

[777]

[778]

[779]

[780]
Chapter 57.


[781

]

[782]

[783]

[784]
Overfull \hbox (145.71088pt too wide) in paragraph at lines 32216--32239
 [] 
 []



[785]

[786]

[787]

[788]

[789]
Chapter 58.

Overfull \hbox (3.09468pt too wide) in paragraph at lines 32452--32453
[]\T1/lmr/bx/it/10 The Gaz-ing Pool Con-jec-ture \T1/lmr/m/it/10 (Ques-tion 6):
 \T1/lmr/bx/it/10 PROVEN TRUE. \T1/lmr/m/it/10 Ev-ery gaz-ing pool on a fi-nite
 nonempty
 []



[790

]
! Missing { inserted.
<to be read again> 
                   $
l.32501 ...all $p \in P$, so $\gamma(w^*) \leq w^$
                                                  . But then $\gamma(\gamma(...
A left brace was mandatory here, so I've put one in.
You might want to delete and/or insert some corrections
so that I will find a matching right brace soon.
(If you're confused by all this, try typing `I}' now.)

! Missing } inserted.
<inserted text> 
                }
l.32501 ...all $p \in P$, so $\gamma(w^*) \leq w^$
                                                  . But then $\gamma(\gamma(...
I've inserted something that you may have forgotten.
(See the <inserted text> above.)
With luck, this will get me unwedged. But if you
really didn't forget anything, try typing `2' now; then
my insertion and my current dilemma will both disappear.



[791]

[792]
! Missing $ inserted.
<inserted text> 
                $
l.32603 ...ole principle). So there exist \$0 \leq
                                                   i < j \leq n$ with $\gamm...
I've inserted a begin-math/end-math symbol since I think
you left one out. Proceed, with fingers crossed.


Overfull \hbox (42.04922pt too wide) in paragraph at lines 32603--32604
[]\T1/lmr/m/it/10 Proof. The gaze $\OML/lmm/m/it/10 ^^M$ \T1/lmr/m/it/10 is an 
end-o-func-tion on $\OML/lmm/m/it/10 W$\T1/lmr/m/it/10 . Pick any $\OML/lmm/m/i
t/10 w[]\OT1/lmr/m/n/10 0 \OMS/lmsy/m/n/10 2 \OML/lmm/m/it/10 W$ \T1/lmr/m/it/1
0 and con-sider the se-quence $\OML/lmm/m/it/10 w[]\OT1/lmr/m/n/10 0\OML/lmm/m/
it/10 ; ^^M\OT1/lmr/m/n/10 (\OML/lmm/m/it/10 w[]\OT1/lmr/m/n/10 0)\OML/lmm/m/it
/10 ; ^^M[]\OT1/lmr/m/n/10 (\OML/lmm/m/it/10 w[]\OT1/lmr/m/n/10 0)\OML/lmm/m/it
/10 ; []$\T1/lmr/m/it/10 .
 []

! Missing $ inserted.
<inserted text> 
                $
l.32606 ... period $k$ can be chosen with \$1 \leq
                                                   k \leq |W|$.
I've inserted a begin-math/end-math symbol since I think
you left one out. Proceed, with fingers crossed.



[793]
Overfull \hbox (17.21031pt too wide) in paragraph at lines 32627--32639
 [] 
 []


Overfull \hbox (18.26125pt too wide) in paragraph at lines 32662--32663
[]\T1/lmr/bx/it/10 Approximate Con-scious-ness\T1/lmr/m/it/10 : De-fine $\OML/l
mm/m/it/10 "$\T1/lmr/m/it/10 -conscious ob-servers (where $\OML/lmm/m/it/10 d\O
T1/lmr/m/n/10 (\OML/lmm/m/it/10 ^^M\OT1/lmr/m/n/10 (\OML/lmm/m/it/10 w\OT1/lmr/
m/n/10 )\OML/lmm/m/it/10 ; w\OT1/lmr/m/n/10 ) \OML/lmm/m/it/10 < "$\T1/lmr/m/it
/10 ) and prove compactness-
 []



[794]

[795]

[796]
Overfull \hbox (45.03781pt too wide) in paragraph at lines 32808--32809
[]\T1/lmr/m/it/10 Take any fi-nite world with $\OML/lmm/m/it/10 n$ \T1/lmr/m/it
/10 el-e-ments. Start at any ob-server $\OML/lmm/m/it/10 w[]\OT1/lmr/m/n/10 0$ 
\T1/lmr/m/it/10 and com-pute the se-quence $\OML/lmm/m/it/10 w[]\OT1/lmr/m/n/10
 0\OML/lmm/m/it/10 ; ^^M\OT1/lmr/m/n/10 (\OML/lmm/m/it/10 w[]\OT1/lmr/m/n/10 0)
\OML/lmm/m/it/10 ; ^^M[]\OT1/lmr/m/n/10 (\OML/lmm/m/it/10 w[]\OT1/lmr/m/n/10 0)
\OML/lmm/m/it/10 ; []$\T1/lmr/m/it/10 .
 []



[797]

[798]
Appendix A.


[799

]

[800] (./TheAlgebraicUniverse.aux)
 ***********
LaTeX2e <2024-11-01> patch level 2
L3 programming layer <2025-01-18>
 ***********
Package rerunfilecheck Info: File `TheAlgebraicUniverse.out' has not changed.
(rerunfilecheck)             Checksum: 07F4D94E9A94B2F5B743789CA06DAE2F;569432.

 )
(\end occurred inside a group at level 9)

### simple group (level 9) entered at line 21393 ({)
### simple group (level 8) entered at line 21341 ({)
### simple group (level 7) entered at line 21271 ({)
### simple group (level 6) entered at line 19285 ({)
### simple group (level 5) entered at line 17767 ({)
### simple group (level 4) entered at line 17603 ({)
### simple group (level 3) entered at line 17599 ({)
### simple group (level 2) entered at line 8962 ({)
### simple group (level 1) entered at line 8961 ({)
### bottom level 
Here is how much of TeX's memory you used:
 21836 strings out of 475178
 394919 string characters out of 5766539
 629758 words of memory out of 5000000
 39656 multiletter control sequences out of 15000+600000
 675131 words of font info for 114 fonts, out of 8000000 for 9000
 14 hyphenation exceptions out of 8191
 75i,19n,79p,1811b,9568s stack positions out of 10000i,1000n,20000p,200000b,200000s
</usr/share/texlive/texmf-dist/fonts/type1/public/amsfonts/eule
r/eufm10.pfb></usr/share/texlive/texmf-dist/fonts/type1/public/amsfonts/euler/e
ufm7.pfb></usr/share/texmf/fonts/type1/public/lm/lmbx10.pfb></usr/share/texmf/f
onts/type1/public/lm/lmbx12.pfb></usr/share/texmf/fonts/type1/public/lm/lmbx7.p
fb></usr/share/texmf/fonts/type1/public/lm/lmbxi10.pfb></usr/share/texmf/fonts/
type1/public/lm/lmex10.pfb></usr/share/texmf/fonts/type1/public/lm/lmmi10.pfb><
/usr/share/texmf/fonts/type1/public/lm/lmmi12.pfb></usr/share/texmf/fonts/type1
/public/lm/lmmi5.pfb></usr/share/texmf/fonts/type1/public/lm/lmmi7.pfb></usr/sh
are/texmf/fonts/type1/public/lm/lmmib10.pfb></usr/share/texmf/fonts/type1/publi
c/lm/lmmib7.pfb></usr/share/texmf/fonts/type1/public/lm/lmr10.pfb></usr/share/t
exmf/fonts/type1/public/lm/lmr12.pfb></usr/share/texmf/fonts/type1/public/lm/lm
r5.pfb></usr/share/texmf/fonts/type1/public/lm/lmr7.pfb></usr/share/texmf/fonts
/type1/public/lm/lmri10.pfb></usr/share/texmf/fonts/type1/public/lm/lmri7.pfb><
/usr/share/texmf/fonts/type1/public/lm/lmsy10.pfb></usr/share/texmf/fonts/type1
/public/lm/lmsy5.pfb></usr/share/texmf/fonts/type1/public/lm/lmsy7.pfb></usr/sh
are/texmf/fonts/type1/public/lm/lmtk10.pfb></usr/share/texmf/fonts/type1/public
/lm/lmtko10.pfb></usr/share/texmf/fonts/type1/public/lm/lmtt10.pfb></usr/share/
texmf/fonts/type1/public/lm/lmtti10.pfb></usr/share/texlive/texmf-dist/fonts/ty
pe1/public/amsfonts/symbols/msam10.pfb></usr/share/texlive/texmf-dist/fonts/typ
e1/public/amsfonts/symbols/msbm10.pfb></usr/share/texlive/texmf-dist/fonts/type
1/public/amsfonts/symbols/msbm7.pfb>
Output written on TheAlgebraicUniverse.pdf (800 pages, 85340008 bytes).
PDF statistics:
 20109 PDF objects out of 22161 (max. 8388607)
 18604 compressed objects within 187 object streams
 4953 named destinations out of 5155 (max. 500000)
 22651 words of extra memory for PDF output out of 24883 (max. 10000000)

