\BOOKMARK [1][-]{section.0.1}{\376\377\000C\000o\000m\000p\000l\000e\000t\000e\000\040\000R\000e\000s\000e\000a\000r\000c\000h\000\040\000P\000a\000p\000e\000r\000s\000\040\000\046\000\040\000S\000c\000i\000e\000n\000t\000i\000f\000i\000c\000\040\000A\000r\000t\000i\000c\000l\000e\000s}{}% 1
\BOOKMARK [-1][-]{part.1}{\376\377\000I\000\040\000A\000l\000g\000e\000b\000r\000a\000i\000c\000\040\000F\000o\000u\000n\000d\000a\000t\000i\000o\000n\000s\000\040\000o\000f\000\040\000P\000h\000y\000s\000i\000c\000s}{}% 2
\BOOKMARK [0][-]{chapter.1}{\376\377\000T\000h\000e\000\040\000A\000l\000g\000e\000b\000r\000a\000i\000c\000\040\000T\000h\000e\000o\000r\000y\000\040\000o\000f\000\040\000P\000h\000y\000s\000i\000c\000s}{part.1}% 3
\BOOKMARK [1][-]{section.1.1}{\376\377\000F\000i\000g\000u\000r\000e\000s}{chapter.1}% 4
\BOOKMARK [1][-]{section.1.2}{\376\377\000R\000e\000s\000e\000a\000r\000c\000h\000\040\000P\000a\000p\000e\000r}{chapter.1}% 5
\BOOKMARK [1][-]{section.1.3}{\376\377\000A\000b\000s\000t\000r\000a\000c\000t}{chapter.1}% 6
\BOOKMARK [1][-]{section.1.4}{\376\377\0001\000.\000\040\000I\000n\000t\000r\000o\000d\000u\000c\000t\000i\000o\000n}{chapter.1}% 7
\BOOKMARK [1][-]{section.1.5}{\376\377\0001\000.\0001\000\040\000T\000h\000e\000\040\000P\000r\000o\000b\000l\000e\000m\000\040\000o\000f\000\040\000U\000n\000i\000f\000i\000c\000a\000t\000i\000o\000n}{chapter.1}% 8
\BOOKMARK [1][-]{section.1.6}{\376\377\0001\000.\0002\000\040\000T\000h\000e\000\040\000C\000e\000n\000t\000r\000a\000l\000\040\000T\000h\000e\000s\000i\000s}{chapter.1}% 9
\BOOKMARK [1][-]{section.1.7}{\376\377\0001\000.\0003\000\040\000S\000t\000r\000u\000c\000t\000u\000r\000e\000\040\000o\000f\000\040\000t\000h\000i\000s\000\040\000P\000a\000p\000e\000r}{chapter.1}% 10
\BOOKMARK [1][-]{section.1.8}{\376\377\0002\000.\000\040\000T\000h\000e\000\040\000F\000i\000v\000e\000\040\000A\000l\000g\000e\000b\000r\000a\000i\000c\000\040\000P\000i\000l\000l\000a\000r\000s}{chapter.1}% 11
\BOOKMARK [1][-]{section.1.9}{\376\377\0002\000.\0001\000\040\000P\000i\000l\000l\000a\000r\000\040\000I\000:\000\040\000O\000b\000s\000e\000r\000v\000a\000b\000l\000e\000\040\000A\000l\000g\000e\000b\000r\000a\000s}{chapter.1}% 12
\BOOKMARK [1][-]{section.1.10}{\376\377\0002\000.\0002\000\040\000P\000i\000l\000l\000a\000r\000\040\000I\000I\000:\000\040\000S\000y\000m\000m\000e\000t\000r\000y\000\040\000A\000l\000g\000e\000b\000r\000a\000s}{chapter.1}% 13
\BOOKMARK [1][-]{section.1.11}{\376\377\0002\000.\0003\000\040\000P\000i\000l\000l\000a\000r\000\040\000I\000I\000I\000:\000\040\000S\000p\000a\000c\000e\000t\000i\000m\000e\000\040\000A\000l\000g\000e\000b\000r\000a\000s}{chapter.1}% 14
\BOOKMARK [1][-]{section.1.12}{\376\377\0002\000.\0004\000\040\000P\000i\000l\000l\000a\000r\000\040\000I\000V\000:\000\040\000G\000a\000u\000g\000e\000\040\000A\000l\000g\000e\000b\000r\000a\000s}{chapter.1}% 15
\BOOKMARK [1][-]{section.1.13}{\376\377\0002\000.\0005\000\040\000P\000i\000l\000l\000a\000r\000\040\000V\000:\000\040\000C\000a\000t\000e\000g\000o\000r\000i\000c\000a\000l\000\040\000A\000l\000g\000e\000b\000r\000a\000s}{chapter.1}% 16
\BOOKMARK [1][-]{section.1.14}{\376\377\0003\000.\000\040\000T\000h\000e\000\040\000G\000r\000a\000n\000d\000\040\000S\000y\000n\000t\000h\000e\000s\000i\000s\000:\000\040\000S\000p\000e\000c\000t\000r\000a\000l\000\040\000T\000r\000i\000p\000l\000e\000s}{chapter.1}% 17
\BOOKMARK [1][-]{section.1.15}{\376\377\0003\000.\0001\000\040\000C\000o\000n\000n\000e\000s\000'\000\040\000S\000p\000e\000c\000t\000r\000a\000l\000\040\000T\000r\000i\000p\000l\000e}{chapter.1}% 18
\BOOKMARK [1][-]{section.1.16}{\376\377\0003\000.\0002\000\040\000T\000h\000e\000\040\000S\000t\000a\000n\000d\000a\000r\000d\000\040\000M\000o\000d\000e\000l\000\040\000f\000r\000o\000m\000\040\000a\000\040\000S\000p\000e\000c\000t\000r\000a\000l\000\040\000T\000r\000i\000p\000l\000e}{chapter.1}% 19
\BOOKMARK [1][-]{section.1.17}{\376\377\0004\000.\000\040\000F\000o\000r\000m\000a\000l\000\040\000R\000e\000s\000u\000l\000t\000s}{chapter.1}% 20
\BOOKMARK [1][-]{section.1.18}{\376\377\0004\000.\0001\000\040\000F\000o\000r\000m\000a\000l\000i\000z\000a\000t\000i\000o\000n\000\040\000i\000n\000\040\000L\000e\000a\000n\000\040\0004}{chapter.1}% 21
\BOOKMARK [1][-]{section.1.19}{\376\377\0004\000.\0002\000\040\000K\000e\000y\000\040\000A\000l\000g\000e\000b\000r\000a\000i\000c\000\040\000I\000d\000e\000n\000t\000i\000t\000i\000e\000s}{chapter.1}% 22
\BOOKMARK [1][-]{section.1.20}{\376\377\0005\000.\000\040\000C\000o\000m\000p\000u\000t\000a\000t\000i\000o\000n\000a\000l\000\040\000V\000e\000r\000i\000f\000i\000c\000a\000t\000i\000o\000n}{chapter.1}% 23
\BOOKMARK [1][-]{section.1.21}{\376\377\0005\000.\0001\000\040\000Q\000u\000b\000i\000t\000\040\000A\000l\000g\000e\000b\000r\000a}{chapter.1}% 24
\BOOKMARK [1][-]{section.1.22}{\376\377\0005\000.\0002\000\040\000G\000e\000l\000l\000-\000M\000a\000n\000n\000\040\000M\000a\000t\000r\000i\000c\000e\000s}{chapter.1}% 25
\BOOKMARK [1][-]{section.1.23}{\376\377\0005\000.\0003\000\040\000H\000e\000a\000t\000\040\000K\000e\000r\000n\000e\000l\000\040\000a\000n\000d\000\040\000S\000p\000e\000c\000t\000r\000a\000l\000\040\000G\000e\000o\000m\000e\000t\000r\000y}{chapter.1}% 26
\BOOKMARK [1][-]{section.1.24}{\376\377\0005\000.\0004\000\040\000C\000o\000n\000n\000e\000s\000'\000\040\000D\000i\000s\000t\000a\000n\000c\000e\000\040\000o\000n\000\040\000a\000\040\000T\000w\000o\000-\000P\000o\000i\000n\000t\000\040\000S\000p\000a\000c\000e}{chapter.1}% 27
\BOOKMARK [1][-]{section.1.25}{\376\377\0006\000.\000\040\000O\000p\000e\000n\000\040\000Q\000u\000e\000s\000t\000i\000o\000n\000s\000\040\000a\000n\000d\000\040\000F\000u\000t\000u\000r\000e\000\040\000D\000i\000r\000e\000c\000t\000i\000o\000n\000s}{chapter.1}% 28
\BOOKMARK [1][-]{section.1.26}{\376\377\0006\000.\0001\000\040\000Q\000u\000a\000n\000t\000u\000m\000\040\000G\000r\000a\000v\000i\000t\000y}{chapter.1}% 29
\BOOKMARK [1][-]{section.1.27}{\376\377\0006\000.\0002\000\040\000W\000h\000y\000\040\000T\000h\000e\000s\000e\000\040\000A\000l\000g\000e\000b\000r\000a\000s\000?}{chapter.1}% 30
\BOOKMARK [1][-]{section.1.28}{\376\377\0006\000.\0003\000\040\000B\000e\000y\000o\000n\000d\000\040\000t\000h\000e\000\040\000S\000t\000a\000n\000d\000a\000r\000d\000\040\000M\000o\000d\000e\000l}{chapter.1}% 31
\BOOKMARK [1][-]{section.1.29}{\376\377\0006\000.\0004\000\040\000I\000n\000f\000o\000r\000m\000a\000t\000i\000o\000n\000-\000T\000h\000e\000o\000r\000e\000t\000i\000c\000\040\000F\000o\000u\000n\000d\000a\000t\000i\000o\000n\000s}{chapter.1}% 32
\BOOKMARK [1][-]{section.1.30}{\376\377\0007\000.\000\040\000C\000o\000n\000c\000l\000u\000s\000i\000o\000n}{chapter.1}% 33
\BOOKMARK [1][-]{section.1.31}{\376\377\000R\000e\000f\000e\000r\000e\000n\000c\000e\000s}{chapter.1}% 34
\BOOKMARK [1][-]{section.1.32}{\376\377\000A\000p\000p\000e\000n\000d\000i\000x\000\040\000A\000:\000\040\000T\000h\000e\000\040\000C\000l\000a\000s\000s\000i\000c\000a\000l\000-\000Q\000u\000a\000n\000t\000u\000m\000-\000G\000r\000a\000v\000i\000t\000y\000\040\000B\000r\000i\000d\000g\000e}{chapter.1}% 35
\BOOKMARK [1][-]{section.1.33}{\376\377\000A\000p\000p\000e\000n\000d\000i\000x\000\040\000B\000:\000\040\000T\000h\000e\000\040\000A\000l\000g\000e\000b\000r\000a\000i\000c\000\040\000P\000e\000r\000i\000o\000d\000i\000c\000\040\000T\000a\000b\000l\000e}{chapter.1}% 36
\BOOKMARK [1][-]{section.1.34}{\376\377\000S\000c\000i\000e\000n\000t\000i\000f\000i\000c\000\040\000A\000m\000e\000r\000i\000c\000a\000n\000\040\000A\000r\000t\000i\000c\000l\000e}{chapter.1}% 37
\BOOKMARK [1][-]{section.1.35}{\376\377\000H\000o\000w\000\040\000m\000a\000t\000h\000e\000m\000a\000t\000i\000c\000i\000a\000n\000s\000\040\000d\000i\000s\000c\000o\000v\000e\000r\000e\000d\000\040\000t\000h\000a\000t\000\040\000t\000h\000e\000\040\000r\000u\000l\000e\000s\000\040\000o\000f\000\040\000r\000e\000a\000l\000i\000t\000y\000\040\000a\000r\000e\000\040\000w\000r\000i\000t\000t\000e\000n\000\040\000i\000n\000\040\000a\000\040\000s\000i\000n\000g\000l\000e\000\040\000e\000q\000u\000a\000t\000i\000o\000n}{chapter.1}% 38
\BOOKMARK [1][-]{section.1.36}{\376\377\000T\000h\000e\000\040\000L\000a\000n\000g\000u\000a\000g\000e\000\040\000o\000f\000\040\000O\000b\000s\000e\000r\000v\000a\000b\000l\000e\000s}{chapter.1}% 39
\BOOKMARK [1][-]{section.1.37}{\376\377\000S\000y\000m\000m\000e\000t\000r\000y\000\040\000a\000n\000d\000\040\000t\000h\000e\000\040\000P\000a\000r\000t\000i\000c\000l\000e\000\040\000Z\000o\000o}{chapter.1}% 40
\BOOKMARK [1][-]{section.1.38}{\376\377\000F\000o\000r\000c\000e\000s\000\040\000f\000r\000o\000m\000\040\000G\000e\000o\000m\000e\000t\000r\000y\000\040\040\024\000\040\000G\000e\000o\000m\000e\000t\000r\000y\000\040\000f\000r\000o\000m\000\040\000A\000l\000g\000e\000b\000r\000a}{chapter.1}% 41
\BOOKMARK [1][-]{section.1.39}{\376\377\000T\000h\000e\000\040\000S\000p\000e\000c\000t\000r\000a\000l\000\040\000T\000r\000i\000p\000l\000e\000:\000\040\000O\000n\000e\000\040\000S\000t\000r\000u\000c\000t\000u\000r\000e\000\040\000f\000o\000r\000\040\000E\000v\000e\000r\000y\000t\000h\000i\000n\000g}{chapter.1}% 42
\BOOKMARK [1][-]{section.1.40}{\376\377\000T\000h\000e\000\040\000F\000i\000v\000e\000\040\000P\000i\000l\000l\000a\000r\000s}{chapter.1}% 43
\BOOKMARK [1][-]{section.1.41}{\376\377\000T\000h\000e\000\040\000F\000r\000o\000n\000t\000i\000e\000r\000:\000\040\000Q\000u\000a\000n\000t\000u\000m\000\040\000G\000r\000a\000v\000i\000t\000y}{chapter.1}% 44
\BOOKMARK [1][-]{section.1.42}{\376\377\000W\000h\000y\000\040\000A\000l\000g\000e\000b\000r\000a\000?}{chapter.1}% 45
\BOOKMARK [0][-]{chapter.2}{\376\377\000A\000l\000g\000e\000b\000r\000a\000i\000c\000\040\000S\000p\000a\000c\000e\000t\000i\000m\000e}{part.1}% 46
\BOOKMARK [1][-]{section.2.1}{\376\377\000F\000i\000g\000u\000r\000e\000s}{chapter.2}% 47
\BOOKMARK [1][-]{section.2.2}{\376\377\000R\000e\000s\000e\000a\000r\000c\000h\000\040\000P\000a\000p\000e\000r}{chapter.2}% 48
\BOOKMARK [1][-]{section.2.3}{\376\377\000A\000\040\000U\000n\000i\000f\000i\000e\000d\000\040\000F\000r\000a\000m\000e\000w\000o\000r\000k\000\040\000f\000r\000o\000m\000\040\000C\000l\000i\000f\000f\000o\000r\000d\000\040\000A\000l\000g\000e\000b\000r\000a\000\040\000C\000l\000\050\0001\000,\0003\000\051}{chapter.2}% 49
\BOOKMARK [1][-]{section.2.4}{\376\377\0001\000.\000\040\000I\000n\000t\000r\000o\000d\000u\000c\000t\000i\000o\000n}{chapter.2}% 50
\BOOKMARK [1][-]{section.2.5}{\376\377\0001\000.\0001\000\040\000T\000h\000e\000\040\000P\000r\000o\000b\000l\000e\000m\000\040\000w\000i\000t\000h\000\040\000T\000e\000n\000s\000o\000r\000s}{chapter.2}% 51
\BOOKMARK [1][-]{section.2.6}{\376\377\0001\000.\0002\000\040\000T\000h\000e\000\040\000A\000l\000g\000e\000b\000r\000a\000i\000c\000\040\000R\000e\000s\000o\000l\000u\000t\000i\000o\000n}{chapter.2}% 52
\BOOKMARK [1][-]{section.2.7}{\376\377\0001\000.\0003\000\040\000H\000i\000s\000t\000o\000r\000i\000c\000a\000l\000\040\000C\000o\000n\000t\000e\000x\000t}{chapter.2}% 53
\BOOKMARK [1][-]{section.2.8}{\376\377\0002\000.\000\040\000T\000h\000e\000\040\000C\000l\000i\000f\000f\000o\000r\000d\000\040\000A\000l\000g\000e\000b\000r\000a\000\040\000C\000l\000\050\0001\000,\0003\000\051}{chapter.2}% 54
\BOOKMARK [1][-]{section.2.9}{\376\377\0002\000.\0001\000\040\000D\000e\000f\000i\000n\000i\000t\000i\000o\000n}{chapter.2}% 55
\BOOKMARK [1][-]{section.2.10}{\376\377\0002\000.\0002\000\040\000T\000h\000e\000\040\000F\000u\000n\000d\000a\000m\000e\000n\000t\000a\000l\000\040\000R\000e\000l\000a\000t\000i\000o\000n}{chapter.2}% 56
\BOOKMARK [1][-]{section.2.11}{\376\377\0002\000.\0003\000\040\000T\000h\000e\000\040\0001\0006\000-\000D\000i\000m\000e\000n\000s\000i\000o\000n\000a\000l\000\040\000B\000a\000s\000i\000s}{chapter.2}% 57
\BOOKMARK [1][-]{section.2.12}{\376\377\0002\000.\0004\000\040\000T\000h\000e\000\040\000P\000s\000e\000u\000d\000o\000s\000c\000a\000l\000a\000r}{chapter.2}% 58
\BOOKMARK [1][-]{section.2.13}{\376\377\0002\000.\0005\000\040\000T\000h\000e\000\040\000G\000e\000o\000m\000e\000t\000r\000i\000c\000\040\000P\000r\000o\000d\000u\000c\000t\000\040\000D\000e\000c\000o\000m\000p\000o\000s\000i\000t\000i\000o\000n}{chapter.2}% 59
\BOOKMARK [1][-]{section.2.14}{\376\377\0003\000.\000\040\000L\000o\000r\000e\000n\000t\000z\000\040\000T\000r\000a\000n\000s\000f\000o\000r\000m\000a\000t\000i\000o\000n\000s\000\040\000a\000s\000\040\000R\000o\000t\000o\000r\000s}{chapter.2}% 60
\BOOKMARK [1][-]{section.2.15}{\376\377\0003\000.\0001\000\040\000T\000h\000e\000\040\000R\000o\000t\000o\000r\000\040\000G\000r\000o\000u\000p}{chapter.2}% 61
\BOOKMARK [1][-]{section.2.16}{\376\377\0003\000.\0002\000\040\000S\000p\000a\000t\000i\000a\000l\000\040\000R\000o\000t\000a\000t\000i\000o\000n\000s}{chapter.2}% 62
\BOOKMARK [1][-]{section.2.17}{\376\377\0003\000.\0003\000\040\000L\000o\000r\000e\000n\000t\000z\000\040\000B\000o\000o\000s\000t\000s}{chapter.2}% 63
\BOOKMARK [1][-]{section.2.18}{\376\377\0003\000.\0004\000\040\000T\000h\000o\000m\000a\000s\000\040\000P\000r\000e\000c\000e\000s\000s\000i\000o\000n}{chapter.2}% 64
\BOOKMARK [1][-]{section.2.19}{\376\377\0004\000.\000\040\000E\000l\000e\000c\000t\000r\000o\000m\000a\000g\000n\000e\000t\000i\000s\000m\000\040\000a\000s\000\040\000B\000i\000v\000e\000c\000t\000o\000r\000\040\000A\000l\000g\000e\000b\000r\000a}{chapter.2}% 65
\BOOKMARK [1][-]{section.2.20}{\376\377\0004\000.\0001\000\040\000T\000h\000e\000\040\000E\000l\000e\000c\000t\000r\000o\000m\000a\000g\000n\000e\000t\000i\000c\000\040\000B\000i\000v\000e\000c\000t\000o\000r}{chapter.2}% 66
\BOOKMARK [1][-]{section.2.21}{\376\377\0004\000.\0002\000\040\000M\000a\000x\000w\000e\000l\000l\000'\000s\000\040\000E\000q\000u\000a\000t\000i\000o\000n\000s\000\040\000U\000n\000i\000f\000i\000e\000d}{chapter.2}% 67
\BOOKMARK [1][-]{section.2.22}{\376\377\0004\000.\0003\000\040\000L\000o\000r\000e\000n\000t\000z\000\040\000I\000n\000v\000a\000r\000i\000a\000n\000t\000s}{chapter.2}% 68
\BOOKMARK [1][-]{section.2.23}{\376\377\0004\000.\0004\000\040\000E\000l\000e\000c\000t\000r\000o\000m\000a\000g\000n\000e\000t\000i\000c\000\040\000D\000u\000a\000l\000i\000t\000y}{chapter.2}% 69
\BOOKMARK [1][-]{section.2.24}{\376\377\0005\000.\000\040\000S\000p\000i\000n\000o\000r\000s\000\040\000a\000s\000\040\000A\000l\000g\000e\000b\000r\000a\000i\000c\000\040\000I\000d\000e\000a\000l\000s}{chapter.2}% 70
\BOOKMARK [1][-]{section.2.25}{\376\377\0005\000.\0001\000\040\000T\000h\000e\000\040\000I\000d\000e\000a\000l\000\040\000C\000o\000n\000s\000t\000r\000u\000c\000t\000i\000o\000n}{chapter.2}% 71
\BOOKMARK [1][-]{section.2.26}{\376\377\0005\000.\0002\000\040\000C\000h\000i\000r\000a\000l\000i\000t\000y}{chapter.2}% 72
\BOOKMARK [1][-]{section.2.27}{\376\377\0005\000.\0003\000\040\000T\000h\000e\000\040\000D\000i\000r\000a\000c\000\040\000E\000q\000u\000a\000t\000i\000o\000n}{chapter.2}% 73
\BOOKMARK [1][-]{section.2.28}{\376\377\0006\000.\000\040\000T\000h\000e\000\040\000T\000h\000r\000e\000e\000\040\000I\000n\000v\000o\000l\000u\000t\000i\000o\000n\000s\000\040\000a\000n\000d\000\040\000D\000i\000s\000c\000r\000e\000t\000e\000\040\000S\000y\000m\000m\000e\000t\000r\000i\000e\000s}{chapter.2}% 74
\BOOKMARK [1][-]{section.2.29}{\376\377\0006\000.\0001\000\040\000A\000l\000g\000e\000b\000r\000a\000i\000c\000\040\000I\000n\000v\000o\000l\000u\000t\000i\000o\000n\000s}{chapter.2}% 75
\BOOKMARK [1][-]{section.2.30}{\376\377\0007\000.\000\040\000A\000l\000g\000e\000b\000r\000a\000i\000c\000\040\000C\000l\000a\000s\000s\000i\000f\000i\000c\000a\000t\000i\000o\000n\000\040\000o\000f\000\040\000S\000p\000a\000c\000e\000t\000i\000m\000e}{chapter.2}% 76
\BOOKMARK [1][-]{section.2.31}{\376\377\0007\000.\0001\000\040\000T\000h\000e\000\040\000I\000s\000o\000m\000o\000r\000p\000h\000i\000s\000m\000\040\000T\000h\000e\000o\000r\000e\000m}{chapter.2}% 77
\BOOKMARK [1][-]{section.2.32}{\376\377\0007\000.\0002\000\040\000B\000o\000t\000t\000\040\000P\000e\000r\000i\000o\000d\000i\000c\000i\000t\000y}{chapter.2}% 78
\BOOKMARK [1][-]{section.2.33}{\376\377\0008\000.\000\040\000C\000o\000m\000p\000u\000t\000a\000t\000i\000o\000n\000a\000l\000\040\000V\000e\000r\000i\000f\000i\000c\000a\000t\000i\000o\000n}{chapter.2}% 79
\BOOKMARK [1][-]{section.2.34}{\376\377\0009\000.\000\040\000F\000o\000r\000m\000a\000l\000\040\000V\000e\000r\000i\000f\000i\000c\000a\000t\000i\000o\000n\000\040\000i\000n\000\040\000L\000e\000a\000n\000\040\0004}{chapter.2}% 80
\BOOKMARK [1][-]{section.2.35}{\376\377\0001\0000\000.\000\040\000D\000i\000s\000c\000u\000s\000s\000i\000o\000n\000\040\000a\000n\000d\000\040\000O\000u\000t\000l\000o\000o\000k}{chapter.2}% 81
\BOOKMARK [1][-]{section.2.36}{\376\377\0001\0000\000.\0001\000\040\000W\000h\000a\000t\000\040\000t\000h\000e\000\040\000A\000l\000g\000e\000b\000r\000a\000\040\000R\000e\000v\000e\000a\000l\000s}{chapter.2}% 82
\BOOKMARK [1][-]{section.2.37}{\376\377\0001\0000\000.\0002\000\040\000E\000x\000t\000e\000n\000s\000i\000o\000n\000s}{chapter.2}% 83
\BOOKMARK [1][-]{section.2.38}{\376\377\0001\0000\000.\0003\000\040\000C\000o\000n\000c\000l\000u\000s\000i\000o\000n}{chapter.2}% 84
\BOOKMARK [1][-]{section.2.39}{\376\377\000R\000e\000f\000e\000r\000e\000n\000c\000e\000s}{chapter.2}% 85
\BOOKMARK [1][-]{section.2.40}{\376\377\000A\000p\000p\000e\000n\000d\000i\000x\000\040\000A\000:\000\040\000N\000o\000t\000a\000t\000i\000o\000n\000\040\000S\000u\000m\000m\000a\000r\000y}{chapter.2}% 86
\BOOKMARK [1][-]{section.2.41}{\376\377\000S\000c\000i\000e\000n\000t\000i\000f\000i\000c\000\040\000A\000m\000e\000r\000i\000c\000a\000n\000\040\000A\000r\000t\000i\000c\000l\000e}{chapter.2}% 87
\BOOKMARK [1][-]{section.2.42}{\376\377\000*\000A\000\040\000s\000i\000n\000g\000l\000e\000\040\000m\000a\000t\000h\000e\000m\000a\000t\000i\000c\000a\000l\000\040\000s\000t\000r\000u\000c\000t\000u\000r\000e\000\040\000m\000a\000y\000\040\000h\000o\000l\000d\000\040\000t\000h\000e\000\040\000k\000e\000y\000\040\000t\000o\000\040\000u\000n\000i\000f\000y\000i\000n\000g\000\040\000a\000l\000l\000\040\000t\000h\000e\000\040\000f\000o\000r\000c\000e\000s\000\040\000o\000f\000\040\000n\000a\000t\000u\000r\000e\000\040\040\024\000\040\000a\000n\000d\000\040\000i\000t\000'\000s\000\040\000b\000e\000e\000n\000\040\000h\000i\000d\000i\000n\000g\000\040\000i\000n\000\040\000p\000l\000a\000i\000n\000\040\000s\000i\000g\000h\000t\000\040\000f\000o\000r\000\040\0001\0005\0000\000\040\000y\000e\000a\000r\000s\000*}{chapter.2}% 88
\BOOKMARK [1][-]{section.2.43}{\376\377\000T\000h\000e\000\040\000G\000e\000o\000m\000e\000t\000r\000i\000c\000\040\000P\000r\000o\000d\000u\000c\000t\000:\000\040\000O\000n\000e\000\040\000O\000p\000e\000r\000a\000t\000i\000o\000n\000\040\000t\000o\000\040\000R\000u\000l\000e\000\040\000T\000h\000e\000m\000\040\000A\000l\000l}{chapter.2}% 89
\BOOKMARK [1][-]{section.2.44}{\376\377\000S\000i\000x\000t\000e\000e\000n\000\040\000D\000i\000m\000e\000n\000s\000i\000o\000n\000s\000\040\000o\000f\000\040\000W\000o\000n\000d\000e\000r}{chapter.2}% 90
\BOOKMARK [1][-]{section.2.45}{\376\377\000R\000o\000t\000o\000r\000s\000:\000\040\000T\000h\000e\000\040\000R\000o\000s\000e\000t\000t\000a\000\040\000S\000t\000o\000n\000e\000\040\000o\000f\000\040\000R\000e\000l\000a\000t\000i\000v\000i\000t\000y}{chapter.2}% 91
\BOOKMARK [1][-]{section.2.46}{\376\377\000F\000o\000u\000r\000\040\000E\000q\000u\000a\000t\000i\000o\000n\000s\000\040\000B\000e\000c\000o\000m\000e\000\040\000O\000n\000e}{chapter.2}% 92
\BOOKMARK [1][-]{section.2.47}{\376\377\000S\000p\000i\000n\000o\000r\000s\000\040\000D\000e\000m\000y\000s\000t\000i\000f\000i\000e\000d}{chapter.2}% 93
\BOOKMARK [1][-]{section.2.48}{\376\377\000T\000h\000e\000\040\000D\000e\000e\000p\000e\000r\000\040\000P\000a\000t\000t\000e\000r\000n}{chapter.2}% 94
\BOOKMARK [1][-]{section.2.49}{\376\377\000B\000e\000y\000o\000n\000d\000\040\000S\000p\000e\000c\000i\000a\000l\000\040\000R\000e\000l\000a\000t\000i\000v\000i\000t\000y}{chapter.2}% 95
\BOOKMARK [1][-]{section.2.50}{\376\377\000W\000h\000a\000t\000'\000s\000\040\000R\000e\000a\000l\000l\000y\000\040\000G\000o\000i\000n\000g\000\040\000O\000n}{chapter.2}% 96
\BOOKMARK [1][-]{section.2.51}{\376\377\000B\000o\000x\000:\000\040\000T\000r\000y\000\040\000I\000t\000\040\000Y\000o\000u\000r\000s\000e\000l\000f}{chapter.2}% 97
\BOOKMARK [0][-]{chapter.3}{\376\377\000T\000h\000e\000\040\000A\000l\000g\000e\000b\000r\000a\000i\000c\000\040\000T\000h\000e\000o\000r\000y\000\040\000o\000f\000\040\000G\000r\000a\000v\000i\000t\000y}{part.1}% 98
\BOOKMARK [1][-]{section.3.1}{\376\377\000F\000i\000g\000u\000r\000e\000s}{chapter.3}% 99
\BOOKMARK [1][-]{section.3.2}{\376\377\000R\000e\000s\000e\000a\000r\000c\000h\000\040\000P\000a\000p\000e\000r}{chapter.3}% 100
\BOOKMARK [1][-]{section.3.3}{\376\377\0001\000.\000\040\000I\000n\000t\000r\000o\000d\000u\000c\000t\000i\000o\000n}{chapter.3}% 101
\BOOKMARK [1][-]{section.3.4}{\376\377\0001\000.\0001\000.\000\040\000R\000e\000l\000a\000t\000i\000o\000n\000\040\000t\000o\000\040\000P\000r\000i\000o\000r\000\040\000W\000o\000r\000k}{chapter.3}% 102
\BOOKMARK [1][-]{section.3.5}{\376\377\0002\000.\000\040\000T\000h\000e\000\040\000G\000r\000a\000v\000i\000t\000a\000t\000i\000o\000n\000a\000l\000\040\000A\000l\000g\000e\000b\000r\000a}{chapter.3}% 103
\BOOKMARK [1][-]{section.3.6}{\376\377\0002\000.\0001\000.\000\040\000D\000e\000f\000i\000n\000i\000t\000i\000o\000n}{chapter.3}% 104
\BOOKMARK [1][-]{section.3.7}{\376\377\0002\000.\0002\000.\000\040\000G\000e\000n\000e\000r\000a\000t\000o\000r\000s}{chapter.3}% 105
\BOOKMARK [1][-]{section.3.8}{\376\377\0002\000.\0003\000.\000\040\000B\000r\000a\000c\000k\000e\000t\000\040\000S\000t\000r\000u\000c\000t\000u\000r\000e}{chapter.3}% 106
\BOOKMARK [1][-]{section.3.9}{\376\377\0002\000.\0004\000.\000\040\000T\000h\000e\000\040\000E\000i\000n\000s\000t\000e\000i\000n\000\040\000E\000q\000u\000a\000t\000i\000o\000n\000\040\000a\000s\000\040\000a\000n\000\040\000A\000l\000g\000e\000b\000r\000a\000i\000c\000\040\000I\000d\000e\000n\000t\000i\000t\000y}{chapter.3}% 107
\BOOKMARK [1][-]{section.3.10}{\376\377\0002\000.\0005\000.\000\040\000T\000h\000e\000\040\000B\000i\000a\000n\000c\000h\000i\000\040\000I\000d\000e\000n\000t\000i\000t\000y\000\040\000a\000s\000\040\000t\000h\000e\000\040\000J\000a\000c\000o\000b\000i\000\040\000I\000d\000e\000n\000t\000i\000t\000y}{chapter.3}% 108
\BOOKMARK [1][-]{section.3.11}{\376\377\0002\000.\0006\000.\000\040\000E\000n\000e\000r\000g\000y\000-\000M\000o\000m\000e\000n\000t\000u\000m\000\040\000C\000o\000n\000s\000e\000r\000v\000a\000t\000i\000o\000n}{chapter.3}% 109
\BOOKMARK [1][-]{section.3.12}{\376\377\0003\000.\000\040\000T\000h\000e\000\040\000C\000o\000s\000m\000o\000l\000o\000g\000i\000c\000a\000l\000\040\000C\000o\000n\000s\000t\000a\000n\000t}{chapter.3}% 110
\BOOKMARK [1][-]{section.3.13}{\376\377\0003\000.\0001\000.\000\040\000C\000e\000n\000t\000r\000a\000l\000\040\000E\000l\000e\000m\000e\000n\000t}{chapter.3}% 111
\BOOKMARK [1][-]{section.3.14}{\376\377\0003\000.\0002\000.\000\040\000C\000l\000a\000s\000s\000i\000f\000i\000c\000a\000t\000i\000o\000n\000\040\000b\000y\000\040}{chapter.3}% 112
\BOOKMARK [1][-]{section.3.15}{\376\377\0004\000.\000\040\000R\000e\000p\000r\000e\000s\000e\000n\000t\000a\000t\000i\000o\000n\000s\000\040\000a\000n\000d\000\040\000S\000o\000l\000u\000t\000i\000o\000n\000s}{chapter.3}% 113
\BOOKMARK [1][-]{section.3.16}{\376\377\0004\000.\0001\000.\000\040\000G\000e\000n\000e\000r\000a\000l\000\040\000F\000r\000a\000m\000e\000w\000o\000r\000k}{chapter.3}% 114
\BOOKMARK [1][-]{section.3.17}{\376\377\0004\000.\0002\000.\000\040\000T\000h\000e\000\040\000S\000c\000h\000w\000a\000r\000z\000s\000c\000h\000i\000l\000d\000\040\000R\000e\000p\000r\000e\000s\000e\000n\000t\000a\000t\000i\000o\000n}{chapter.3}% 115
\BOOKMARK [1][-]{section.3.18}{\376\377\0004\000.\0003\000.\000\040\000G\000r\000a\000v\000i\000t\000a\000t\000i\000o\000n\000a\000l\000\040\000W\000a\000v\000e\000s}{chapter.3}% 116
\BOOKMARK [1][-]{section.3.19}{\376\377\0004\000.\0004\000.\000\040\000F\000L\000R\000W\000\040\000C\000o\000s\000m\000o\000l\000o\000g\000y}{chapter.3}% 117
\BOOKMARK [1][-]{section.3.20}{\376\377\0005\000.\000\040\000T\000h\000e\000\040\000N\000e\000w\000t\000o\000n\000i\000a\000n\000\040\000L\000i\000m\000i\000t}{chapter.3}% 118
\BOOKMARK [1][-]{section.3.21}{\376\377\0005\000.\0001\000.\000\040\000I\000n\000\366\000n\000\374\000-\000W\000i\000g\000n\000e\000r\000\040\000C\000o\000n\000t\000r\000a\000c\000t\000i\000o\000n}{chapter.3}% 119
\BOOKMARK [1][-]{section.3.22}{\376\377\0005\000.\0002\000.\000\040\000P\000o\000s\000t\000-\000N\000e\000w\000t\000o\000n\000i\000a\000n\000\040\000C\000o\000r\000r\000e\000c\000t\000i\000o\000n\000s}{chapter.3}% 120
\BOOKMARK [1][-]{section.3.23}{\376\377\0006\000.\000\040\000C\000o\000m\000p\000u\000t\000a\000t\000i\000o\000n\000a\000l\000\040\000V\000e\000r\000i\000f\000i\000c\000a\000t\000i\000o\000n}{chapter.3}% 121
\BOOKMARK [1][-]{section.3.24}{\376\377\0007\000.\000\040\000D\000i\000s\000c\000u\000s\000s\000i\000o\000n}{chapter.3}% 122
\BOOKMARK [1][-]{section.3.25}{\376\377\0007\000.\0001\000.\000\040\000W\000h\000a\000t\000\040\000T\000h\000i\000s\000\040\000F\000r\000a\000m\000e\000w\000o\000r\000k\000\040\000A\000c\000h\000i\000e\000v\000e\000s}{chapter.3}% 123
\BOOKMARK [1][-]{section.3.26}{\376\377\0007\000.\0002\000.\000\040\000R\000e\000l\000a\000t\000i\000o\000n\000\040\000t\000o\000\040\000Q\000u\000a\000n\000t\000i\000z\000a\000t\000i\000o\000n}{chapter.3}% 124
\BOOKMARK [1][-]{section.3.27}{\376\377\0007\000.\0003\000.\000\040\000L\000i\000m\000i\000t\000a\000t\000i\000o\000n\000s\000\040\000a\000n\000d\000\040\000O\000p\000e\000n\000\040\000Q\000u\000e\000s\000t\000i\000o\000n\000s}{chapter.3}% 125
\BOOKMARK [1][-]{section.3.28}{\376\377\0008\000.\000\040\000C\000o\000n\000c\000l\000u\000s\000i\000o\000n}{chapter.3}% 126
\BOOKMARK [1][-]{section.3.29}{\376\377\000R\000e\000f\000e\000r\000e\000n\000c\000e\000s}{chapter.3}% 127
\BOOKMARK [1][-]{section.3.30}{\376\377\000S\000c\000i\000e\000n\000t\000i\000f\000i\000c\000\040\000A\000m\000e\000r\000i\000c\000a\000n\000\040\000A\000r\000t\000i\000c\000l\000e}{chapter.3}% 128
\BOOKMARK [1][-]{section.3.31}{\376\377\000A\000\040\000r\000a\000d\000i\000c\000a\000l\000\040\000n\000e\000w\000\040\000f\000r\000a\000m\000e\000w\000o\000r\000k\000\040\000r\000e\000v\000e\000a\000l\000s\000\040\000t\000h\000a\000t\000\040\000E\000i\000n\000s\000t\000e\000i\000n\000'\000s\000\040\000m\000a\000s\000t\000e\000r\000p\000i\000e\000c\000e\000\040\000m\000a\000y\000\040\000b\000e\000\040\000a\000\040\000c\000o\000n\000s\000e\000q\000u\000e\000n\000c\000e\000\040\000o\000f\000\040\000s\000o\000m\000e\000t\000h\000i\000n\000g\000\040\000d\000e\000e\000p\000e\000r\000\040\040\024\000\040\000p\000u\000r\000e\000\040\000a\000l\000g\000e\000b\000r\000a}{chapter.3}% 129
\BOOKMARK [1][-]{section.3.32}{\376\377\000W\000h\000a\000t\000\040\000I\000s\000\040\000a\000n\000\040\000A\000l\000g\000e\000b\000r\000a\000?}{chapter.3}% 130
\BOOKMARK [1][-]{section.3.33}{\376\377\000T\000h\000e\000\040\000G\000r\000a\000v\000i\000t\000a\000t\000i\000o\000n\000a\000l\000\040\000A\000l\000g\000e\000b\000r\000a}{chapter.3}% 131
\BOOKMARK [1][-]{section.3.34}{\376\377\000T\000h\000e\000\040\000K\000e\000y\000\040\000E\000q\000u\000a\000t\000i\000o\000n\000:\000\040\000T\000r\000a\000n\000s\000l\000a\000t\000i\000o\000n\000s\000\040\000D\000o\000n\000'\000t\000\040\000C\000o\000m\000m\000u\000t\000e}{chapter.3}% 132
\BOOKMARK [1][-]{section.3.35}{\376\377\000E\000i\000n\000s\000t\000e\000i\000n\000'\000s\000\040\000E\000q\000u\000a\000t\000i\000o\000n\000\040\000F\000a\000l\000l\000s\000\040\000O\000u\000t\000\040\000f\000o\000r\000\040\000F\000r\000e\000e}{chapter.3}% 133
\BOOKMARK [1][-]{section.3.36}{\376\377\000T\000h\000e\000\040\000C\000o\000s\000m\000o\000l\000o\000g\000i\000c\000a\000l\000\040\000C\000o\000n\000s\000t\000a\000n\000t\000:\000\040\000N\000o\000t\000\040\000a\000\040\000F\000u\000d\000g\000e\000\040\000F\000a\000c\000t\000o\000r}{chapter.3}% 134
\BOOKMARK [1][-]{section.3.37}{\376\377\000S\000o\000l\000u\000t\000i\000o\000n\000s\000\040\000a\000s\000\040\000R\000e\000p\000r\000e\000s\000e\000n\000t\000a\000t\000i\000o\000n\000s}{chapter.3}% 135
\BOOKMARK [1][-]{section.3.38}{\376\377\000T\000h\000e\000\040\000N\000e\000w\000t\000o\000n\000i\000a\000n\000\040\000L\000i\000m\000i\000t\000:\000\040\000Z\000o\000o\000m\000i\000n\000g\000\040\000O\000u\000t}{chapter.3}% 136
\BOOKMARK [1][-]{section.3.39}{\376\377\000T\000o\000w\000a\000r\000d\000\040\000Q\000u\000a\000n\000t\000u\000m\000\040\000G\000r\000a\000v\000i\000t\000y\000?}{chapter.3}% 137
\BOOKMARK [1][-]{section.3.40}{\376\377\000G\000r\000a\000v\000i\000t\000y\000\040\000I\000s\000\040\000N\000o\000t\000\040\000G\000e\000o\000m\000e\000t\000r\000y\000\040\040\024\000\040\000I\000t\000\040\000I\000s\000\040\000A\000l\000g\000e\000b\000r\000a}{chapter.3}% 138
\BOOKMARK [0][-]{chapter.4}{\376\377\000T\000h\000e\000\040\000A\000l\000g\000e\000b\000r\000a\000i\000c\000\040\000T\000h\000e\000o\000r\000y\000\040\000o\000f\000\040\000E\000l\000e\000c\000t\000r\000i\000c\000i\000t\000y}{part.1}% 139
\BOOKMARK [1][-]{section.4.1}{\376\377\000F\000i\000g\000u\000r\000e\000s}{chapter.4}% 140
\BOOKMARK [1][-]{section.4.2}{\376\377\000R\000e\000s\000e\000a\000r\000c\000h\000\040\000P\000a\000p\000e\000r}{chapter.4}% 141
\BOOKMARK [1][-]{section.4.3}{\376\377\000A\000b\000s\000t\000r\000a\000c\000t}{chapter.4}% 142
\BOOKMARK [1][-]{section.4.4}{\376\377\0001\000.\000\040\000I\000n\000t\000r\000o\000d\000u\000c\000t\000i\000o\000n}{chapter.4}% 143
\BOOKMARK [1][-]{section.4.5}{\376\377\0001\000.\0001\000\040\000H\000i\000s\000t\000o\000r\000i\000c\000a\000l\000\040\000C\000o\000n\000t\000e\000x\000t}{chapter.4}% 144
\BOOKMARK [1][-]{section.4.6}{\376\377\0002\000.\000\040\000T\000h\000e\000\040\000I\000m\000p\000e\000d\000a\000n\000c\000e\000\040\000F\000i\000e\000l\000d}{chapter.4}% 145
\BOOKMARK [1][-]{section.4.7}{\376\377\0002\000.\0001\000\040\000D\000C\000\040\000C\000i\000r\000c\000u\000i\000t\000s\000:\000\040\000T\000h\000e\000\040\000R\000e\000a\000l\000\040\000F\000i\000e\000l\000d}{chapter.4}% 146
\BOOKMARK [1][-]{section.4.8}{\376\377\0002\000.\0002\000\040\000A\000C\000\040\000C\000i\000r\000c\000u\000i\000t\000s\000:\000\040\000T\000h\000e\000\040\000C\000o\000m\000p\000l\000e\000x\000\040\000F\000i\000e\000l\000d}{chapter.4}% 147
\BOOKMARK [1][-]{section.4.9}{\376\377\0002\000.\0003\000\040\000T\000h\000e\000\040\000H\000a\000r\000m\000o\000n\000i\000c\000\040\000A\000d\000d\000i\000t\000i\000o\000n\000\040\000M\000o\000n\000o\000i\000d}{chapter.4}% 148
\BOOKMARK [1][-]{section.4.10}{\376\377\0003\000.\000\040\000K\000i\000r\000c\000h\000h\000o\000f\000f\000'\000s\000\040\000L\000a\000w\000s\000\040\000a\000n\000d\000\040\000H\000o\000m\000o\000l\000o\000g\000i\000c\000a\000l\000\040\000A\000l\000g\000e\000b\000r\000a}{chapter.4}% 149
\BOOKMARK [1][-]{section.4.11}{\376\377\0003\000.\0001\000\040\000T\000h\000e\000\040\000C\000h\000a\000i\000n\000\040\000C\000o\000m\000p\000l\000e\000x\000\040\000o\000f\000\040\000a\000\040\000C\000i\000r\000c\000u\000i\000t}{chapter.4}% 150
\BOOKMARK [1][-]{section.4.12}{\376\377\0003\000.\0002\000\040\000T\000h\000e\000\040\000G\000r\000a\000p\000h\000\040\000L\000a\000p\000l\000a\000c\000i\000a\000n}{chapter.4}% 151
\BOOKMARK [1][-]{section.4.13}{\376\377\0003\000.\0003\000\040\000T\000h\000e\000\040\000H\000o\000d\000g\000e\000-\000L\000a\000p\000l\000a\000c\000i\000a\000n\000\040\000a\000n\000d\000\040\000C\000i\000r\000c\000u\000i\000t\000\040\000E\000q\000u\000a\000t\000i\000o\000n\000s}{chapter.4}% 152
\BOOKMARK [1][-]{section.4.14}{\376\377\0004\000.\000\040\000M\000a\000x\000w\000e\000l\000l\000'\000s\000\040\000E\000q\000u\000a\000t\000i\000o\000n\000s\000\040\000a\000s\000\040\000D\000i\000f\000f\000e\000r\000e\000n\000t\000i\000a\000l\000\040\000F\000o\000r\000m\000s}{chapter.4}% 153
\BOOKMARK [1][-]{section.4.15}{\376\377\0004\000.\0001\000\040\000T\000h\000e\000\040\000d\000e\000\040\000R\000h\000a\000m\000\040\000C\000o\000m\000p\000l\000e\000x}{chapter.4}% 154
\BOOKMARK [1][-]{section.4.16}{\376\377\0004\000.\0002\000\040\000T\000h\000e\000\040\000E\000l\000e\000c\000t\000r\000o\000m\000a\000g\000n\000e\000t\000i\000c\000\040\000F\000i\000e\000l\000d}{chapter.4}% 155
\BOOKMARK [1][-]{section.4.17}{\376\377\0004\000.\0003\000\040\000G\000a\000u\000g\000e\000\040\000S\000y\000m\000m\000e\000t\000r\000y}{chapter.4}% 156
\BOOKMARK [1][-]{section.4.18}{\376\377\0004\000.\0004\000\040\000T\000h\000e\000\040\000D\000i\000s\000c\000r\000e\000t\000e\000-\000C\000o\000n\000t\000i\000n\000u\000o\000u\000s\000\040\000F\000u\000n\000c\000t\000o\000r}{chapter.4}% 157
\BOOKMARK [1][-]{section.4.19}{\376\377\0005\000.\000\040\000U\000\050\0001\000\051\000\040\000G\000a\000u\000g\000e\000\040\000T\000h\000e\000o\000r\000y\000\040\000a\000n\000d\000\040\000C\000o\000n\000s\000e\000r\000v\000a\000t\000i\000o\000n\000\040\000L\000a\000w\000s}{chapter.4}% 158
\BOOKMARK [1][-]{section.4.20}{\376\377\0005\000.\0001\000\040\000T\000h\000e\000\040\000U\000\050\0001\000\051\000\040\000P\000r\000i\000n\000c\000i\000p\000a\000l\000\040\000B\000u\000n\000d\000l\000e}{chapter.4}% 159
\BOOKMARK [1][-]{section.4.21}{\376\377\0005\000.\0002\000\040\000N\000o\000e\000t\000h\000e\000r\000'\000s\000\040\000T\000h\000e\000o\000r\000e\000m}{chapter.4}% 160
\BOOKMARK [1][-]{section.4.22}{\376\377\0005\000.\0003\000\040\000C\000h\000a\000r\000g\000e\000\040\000Q\000u\000a\000n\000t\000i\000z\000a\000t\000i\000o\000n}{chapter.4}% 161
\BOOKMARK [1][-]{section.4.23}{\376\377\0005\000.\0004\000\040\000D\000u\000a\000l\000i\000t\000y\000\040\000a\000n\000d\000\040\000R\000e\000c\000i\000p\000r\000o\000c\000i\000t\000y}{chapter.4}% 162
\BOOKMARK [1][-]{section.4.24}{\376\377\0006\000.\000\040\000C\000l\000i\000f\000f\000o\000r\000d\000\040\000A\000l\000g\000e\000b\000r\000a\000\040\000U\000n\000i\000f\000i\000c\000a\000t\000i\000o\000n}{chapter.4}% 163
\BOOKMARK [1][-]{section.4.25}{\376\377\0006\000.\0001\000\040\000T\000h\000e\000\040\000S\000p\000a\000c\000e\000t\000i\000m\000e\000\040\000A\000l\000g\000e\000b\000r\000a\000\040\000C\000l\000\050\0001\000,\0003\000\051}{chapter.4}% 164
\BOOKMARK [1][-]{section.4.26}{\376\377\0006\000.\0002\000\040\000T\000h\000e\000\040\000E\000l\000e\000c\000t\000r\000o\000m\000a\000g\000n\000e\000t\000i\000c\000\040\000M\000u\000l\000t\000i\000v\000e\000c\000t\000o\000r}{chapter.4}% 165
\BOOKMARK [1][-]{section.4.27}{\376\377\0006\000.\0003\000\040\000E\000n\000e\000r\000g\000y\000\040\000a\000n\000d\000\040\000M\000o\000m\000e\000n\000t\000u\000m\000\040\000f\000r\000o\000m\000\040\000A\000l\000g\000e\000b\000r\000a}{chapter.4}% 166
\BOOKMARK [1][-]{section.4.28}{\376\377\0006\000.\0004\000\040\000T\000h\000e\000\040\000A\000l\000g\000e\000b\000r\000a\000i\000c\000\040\000H\000i\000e\000r\000a\000r\000c\000h\000y}{chapter.4}% 167
\BOOKMARK [1][-]{section.4.29}{\376\377\0007\000.\000\040\000Q\000u\000a\000n\000t\000u\000m\000\040\000E\000l\000e\000c\000t\000r\000o\000d\000y\000n\000a\000m\000i\000c\000s\000:\000\040\000T\000h\000e\000\040\000S\000y\000m\000m\000e\000t\000r\000i\000c\000\040\000A\000l\000g\000e\000b\000r\000a}{chapter.4}% 168
\BOOKMARK [1][-]{section.4.30}{\376\377\0007\000.\0001\000\040\000F\000o\000c\000k\000\040\000S\000p\000a\000c\000e\000\040\000C\000o\000n\000s\000t\000r\000u\000c\000t\000i\000o\000n}{chapter.4}% 169
\BOOKMARK [1][-]{section.4.31}{\376\377\0007\000.\0002\000\040\000T\000h\000e\000\040\000C\000C\000R\000\040\000A\000l\000g\000e\000b\000r\000a}{chapter.4}% 170
\BOOKMARK [1][-]{section.4.32}{\376\377\0007\000.\0003\000\040\000T\000h\000e\000\040\000F\000i\000n\000e\000\040\000S\000t\000r\000u\000c\000t\000u\000r\000e\000\040\000C\000o\000n\000s\000t\000a\000n\000t}{chapter.4}% 171
\BOOKMARK [1][-]{section.4.33}{\376\377\0008\000.\000\040\000C\000a\000t\000e\000g\000o\000r\000y\000-\000T\000h\000e\000o\000r\000e\000t\000i\000c\000\040\000S\000y\000n\000t\000h\000e\000s\000i\000s}{chapter.4}% 172
\BOOKMARK [1][-]{section.4.34}{\376\377\0008\000.\0001\000\040\000C\000i\000r\000c\000u\000i\000t\000s\000\040\000a\000s\000\040\000a\000\040\000C\000a\000t\000e\000g\000o\000r\000y}{chapter.4}% 173
\BOOKMARK [1][-]{section.4.35}{\376\377\0008\000.\0002\000\040\000F\000u\000n\000c\000t\000o\000r\000s\000\040\000B\000e\000t\000w\000e\000e\000n\000\040\000L\000e\000v\000e\000l\000s}{chapter.4}% 174
\BOOKMARK [1][-]{section.4.36}{\376\377\0009\000.\000\040\000A\000p\000p\000l\000i\000c\000a\000t\000i\000o\000n\000s\000\040\000a\000n\000d\000\040\000C\000o\000m\000p\000u\000t\000a\000t\000i\000o\000n\000a\000l\000\040\000I\000m\000p\000l\000i\000c\000a\000t\000i\000o\000n\000s}{chapter.4}% 175
\BOOKMARK [1][-]{section.4.37}{\376\377\0009\000.\0001\000\040\000A\000u\000t\000o\000m\000a\000t\000e\000d\000\040\000C\000i\000r\000c\000u\000i\000t\000\040\000S\000o\000l\000v\000i\000n\000g}{chapter.4}% 176
\BOOKMARK [1][-]{section.4.38}{\376\377\0009\000.\0002\000\040\000T\000o\000p\000o\000l\000o\000g\000i\000c\000a\000l\000\040\000P\000r\000o\000t\000e\000c\000t\000i\000o\000n}{chapter.4}% 177
\BOOKMARK [1][-]{section.4.39}{\376\377\0001\0000\000.\000\040\000C\000o\000n\000c\000l\000u\000s\000i\000o\000n}{chapter.4}% 178
\BOOKMARK [1][-]{section.4.40}{\376\377\000R\000e\000f\000e\000r\000e\000n\000c\000e\000s}{chapter.4}% 179
\BOOKMARK [1][-]{section.4.41}{\376\377\000S\000c\000i\000e\000n\000t\000i\000f\000i\000c\000\040\000A\000m\000e\000r\000i\000c\000a\000n\000\040\000A\000r\000t\000i\000c\000l\000e}{chapter.4}% 180
\BOOKMARK [1][-]{section.4.42}{\376\377\000H\000o\000w\000\040\000m\000a\000t\000h\000e\000m\000a\000t\000i\000c\000i\000a\000n\000s\000\040\000d\000i\000s\000c\000o\000v\000e\000r\000e\000d\000\040\000t\000h\000a\000t\000\040\000e\000v\000e\000r\000y\000t\000h\000i\000n\000g\000\040\000f\000r\000o\000m\000\040\000l\000i\000g\000h\000t\000\040\000b\000u\000l\000b\000s\000\040\000t\000o\000\040\000l\000a\000s\000e\000r\000s\000\040\000o\000b\000e\000y\000s\000\040\000o\000n\000e\000\040\000e\000l\000e\000g\000a\000n\000t\000\040\000e\000q\000u\000a\000t\000i\000o\000n}{chapter.4}% 181
\BOOKMARK [1][-]{section.4.43}{\376\377\000I\000m\000p\000e\000d\000a\000n\000c\000e\000:\000\040\000T\000h\000e\000\040\000C\000o\000m\000p\000l\000e\000x\000\040\000L\000i\000f\000e\000\040\000o\000f\000\040\000C\000i\000r\000c\000u\000i\000t\000s}{chapter.4}% 182
\BOOKMARK [1][-]{section.4.44}{\376\377\000K\000i\000r\000c\000h\000h\000o\000f\000f\000'\000s\000\040\000L\000a\000w\000s\000:\000\040\000A\000\040\000T\000o\000p\000o\000l\000o\000g\000i\000s\000t\000'\000s\000\040\000P\000l\000a\000y\000g\000r\000o\000u\000n\000d}{chapter.4}% 183
\BOOKMARK [1][-]{section.4.45}{\376\377\000M\000a\000x\000w\000e\000l\000l\000'\000s\000\040\000M\000a\000s\000t\000e\000r\000p\000i\000e\000c\000e\000,\000\040\000S\000i\000m\000p\000l\000i\000f\000i\000e\000d}{chapter.4}% 184
\BOOKMARK [1][-]{section.4.46}{\376\377\000T\000h\000e\000\040\000C\000i\000r\000c\000l\000e\000\040\000o\000f\000\040\000C\000h\000a\000r\000g\000e}{chapter.4}% 185
\BOOKMARK [1][-]{section.4.47}{\376\377\000O\000n\000e\000\040\000E\000q\000u\000a\000t\000i\000o\000n\000\040\000t\000o\000\040\000R\000u\000l\000e\000\040\000T\000h\000e\000m\000\040\000A\000l\000l}{chapter.4}% 186
\BOOKMARK [1][-]{section.4.48}{\376\377\000F\000r\000o\000m\000\040\000L\000i\000g\000h\000t\000\040\000B\000u\000l\000b\000s\000\040\000t\000o\000\040\000L\000a\000s\000e\000r\000s\000:\000\040\000T\000h\000e\000\040\000F\000u\000l\000l\000\040\000H\000i\000e\000r\000a\000r\000c\000h\000y}{chapter.4}% 187
\BOOKMARK [1][-]{section.4.49}{\376\377\000W\000h\000y\000\040\000I\000t\000\040\000M\000a\000t\000t\000e\000r\000s}{chapter.4}% 188
\BOOKMARK [1][-]{section.4.50}{\376\377\000T\000h\000e\000\040\000D\000e\000e\000p\000e\000s\000t\000\040\000L\000e\000s\000s\000o\000n}{chapter.4}% 189
\BOOKMARK [1][-]{section.4.51}{\376\377\000B\000o\000x\000:\000\040\000T\000h\000e\000\040\000A\000l\000g\000e\000b\000r\000a\000i\000c\000\040\000T\000h\000e\000o\000r\000y\000\040\000a\000t\000\040\000a\000\040\000G\000l\000a\000n\000c\000e}{chapter.4}% 190
\BOOKMARK [1][-]{section.4.52}{\376\377\000B\000o\000x\000:\000\040\000K\000e\000y\000\040\000E\000q\000u\000a\000t\000i\000o\000n\000\040\000T\000i\000m\000e\000l\000i\000n\000e}{chapter.4}% 191
\BOOKMARK [0][-]{chapter.5}{\376\377\000T\000h\000e\000\040\000A\000l\000g\000e\000b\000r\000a\000i\000c\000\040\000T\000h\000e\000o\000r\000y\000\040\000o\000f\000\040\000M\000a\000g\000n\000e\000t\000i\000s\000m}{part.1}% 192
\BOOKMARK [1][-]{section.5.1}{\376\377\000F\000i\000g\000u\000r\000e\000s}{chapter.5}% 193
\BOOKMARK [1][-]{section.5.2}{\376\377\000R\000e\000s\000e\000a\000r\000c\000h\000\040\000P\000a\000p\000e\000r}{chapter.5}% 194
\BOOKMARK [1][-]{section.5.3}{\376\377\000A\000b\000s\000t\000r\000a\000c\000t}{chapter.5}% 195
\BOOKMARK [1][-]{section.5.4}{\376\377\0001\000.\000\040\000I\000n\000t\000r\000o\000d\000u\000c\000t\000i\000o\000n}{chapter.5}% 196
\BOOKMARK [1][-]{section.5.5}{\376\377\0001\000.\0001\000\040\000T\000h\000e\000\040\000P\000r\000o\000b\000l\000e\000m\000\040\000o\000f\000\040\000M\000a\000n\000y\000\040\000F\000r\000a\000m\000e\000w\000o\000r\000k\000s}{chapter.5}% 197
\BOOKMARK [1][-]{section.5.6}{\376\377\0001\000.\0002\000\040\000T\000h\000e\000\040\000C\000e\000n\000t\000r\000a\000l\000\040\000I\000n\000s\000i\000g\000h\000t}{chapter.5}% 198
\BOOKMARK [1][-]{section.5.7}{\376\377\0001\000.\0003\000\040\000B\000e\000y\000o\000n\000d\000\040\000U\000n\000i\000f\000i\000c\000a\000t\000i\000o\000n\000:\000\040\000G\000e\000n\000e\000r\000a\000t\000i\000v\000e\000\040\000P\000r\000e\000d\000i\000c\000t\000i\000o\000n\000s}{chapter.5}% 199
\BOOKMARK [1][-]{section.5.8}{\376\377\0001\000.\0004\000\040\000O\000u\000t\000l\000i\000n\000e}{chapter.5}% 200
\BOOKMARK [1][-]{section.5.9}{\376\377\0002\000.\000\040\000T\000h\000e\000\040\000M\000a\000g\000n\000e\000t\000i\000c\000\040\000A\000l\000g\000e\000b\000r\000a}{chapter.5}% 201
\BOOKMARK [1][-]{section.5.10}{\376\377\0002\000.\0001\000\040\000T\000h\000e\000\040\000S\000i\000n\000g\000l\000e\000-\000S\000p\000i\000n\000\040\000A\000l\000g\000e\000b\000r\000a\000\040\000s\000u\000\050\0002\000\051}{chapter.5}% 202
\BOOKMARK [1][-]{section.5.11}{\376\377\0002\000.\0002\000\040\000T\000h\000e\000\040\000M\000a\000n\000y\000-\000B\000o\000d\000y\000\040\000M\000a\000g\000n\000e\000t\000i\000c\000\040\000A\000l\000g\000e\000b\000r\000a}{chapter.5}% 203
\BOOKMARK [1][-]{section.5.12}{\376\377\0002\000.\0003\000\040\000T\000h\000e\000\040\000R\000e\000p\000r\000e\000s\000e\000n\000t\000a\000t\000i\000o\000n\000\040\000R\000i\000n\000g}{chapter.5}% 204
\BOOKMARK [1][-]{section.5.13}{\376\377\0003\000.\000\040\000C\000l\000a\000s\000s\000i\000f\000i\000c\000a\000t\000i\000o\000n\000\040\000o\000f\000\040\000M\000a\000g\000n\000e\000t\000i\000c\000\040\000M\000o\000d\000e\000l\000s}{chapter.5}% 205
\BOOKMARK [1][-]{section.5.14}{\376\377\0003\000.\0001\000\040\000T\000h\000e\000\040\000E\000x\000c\000h\000a\000n\000g\000e\000\040\000T\000e\000n\000s\000o\000r}{chapter.5}% 206
\BOOKMARK [1][-]{section.5.15}{\376\377\0003\000.\0002\000\040\000O\000\050\0003\000\051\000\040\000D\000e\000c\000o\000m\000p\000o\000s\000i\000t\000i\000o\000n\000\040\000o\000f\000\040\000t\000h\000e\000\040\000E\000x\000c\000h\000a\000n\000g\000e\000\040\000T\000e\000n\000s\000o\000r}{chapter.5}% 207
\BOOKMARK [1][-]{section.5.16}{\376\377\0004\000.\000\040\000A\000l\000g\000e\000b\000r\000a\000i\000c\000\040\000O\000r\000d\000e\000r\000\040\000P\000a\000r\000a\000m\000e\000t\000e\000r\000s}{chapter.5}% 208
\BOOKMARK [1][-]{section.5.17}{\376\377\0004\000.\0001\000\040\000O\000r\000d\000e\000r\000\040\000P\000a\000r\000a\000m\000e\000t\000e\000r\000s\000\040\000a\000s\000\040\000A\000l\000g\000e\000b\000r\000a\000\040\000H\000o\000m\000o\000m\000o\000r\000p\000h\000i\000s\000m\000s}{chapter.5}% 209
\BOOKMARK [1][-]{section.5.18}{\376\377\0005\000.\000\040\000T\000o\000p\000o\000l\000o\000g\000i\000c\000a\000l\000\040\000C\000l\000a\000s\000s\000i\000f\000i\000c\000a\000t\000i\000o\000n\000\040\000o\000f\000\040\000M\000a\000g\000n\000e\000t\000i\000c\000\040\000T\000e\000x\000t\000u\000r\000e\000s}{chapter.5}% 210
\BOOKMARK [1][-]{section.5.19}{\376\377\0006\000.\000\040\000S\000p\000i\000n\000\040\000D\000y\000n\000a\000m\000i\000c\000s\000\040\000a\000s\000\040\000C\000o\000a\000d\000j\000o\000i\000n\000t\000\040\000O\000r\000b\000i\000t\000\040\000F\000l\000o\000w}{chapter.5}% 211
\BOOKMARK [1][-]{section.5.20}{\376\377\0007\000.\000\040\000M\000a\000g\000n\000o\000n\000\040\000A\000l\000g\000e\000b\000r\000a}{chapter.5}% 212
\BOOKMARK [1][-]{section.5.21}{\376\377\0008\000.\000\040\000V\000a\000l\000i\000d\000a\000t\000i\000o\000n\000\040\000A\000g\000a\000i\000n\000s\000t\000\040\000C\000l\000a\000s\000s\000i\000c\000a\000l\000\040\000R\000e\000s\000u\000l\000t\000s}{chapter.5}% 213
\BOOKMARK [1][-]{section.5.22}{\376\377\0009\000.\000\040\000P\000r\000e\000d\000i\000c\000t\000i\000o\000n\000\040\000I\000:\000\040\000H\000i\000g\000h\000e\000r\000\040\000M\000u\000l\000t\000i\000p\000o\000l\000e\000\040\000M\000a\000g\000n\000e\000t\000s}{chapter.5}% 214
\BOOKMARK [1][-]{section.5.23}{\376\377\0009\000.\0001\000\040\000T\000h\000e\000\040\000O\000p\000e\000r\000a\000t\000o\000r\000\040\000S\000p\000a\000c\000e\000\040\000D\000e\000c\000o\000m\000p\000o\000s\000i\000t\000i\000o\000n}{chapter.5}% 215
\BOOKMARK [1][-]{section.5.24}{\376\377\0009\000.\0002\000\040\000P\000h\000y\000s\000i\000c\000a\000l\000\040\000I\000n\000t\000e\000r\000p\000r\000e\000t\000a\000t\000i\000o\000n\000\040\000o\000f\000\040\000M\000u\000l\000t\000i\000p\000o\000l\000e\000\040\000S\000e\000c\000t\000o\000r\000s}{chapter.5}% 216
\BOOKMARK [1][-]{section.5.25}{\376\377\0009\000.\0003\000\040\000Q\000u\000a\000d\000r\000u\000p\000o\000l\000a\000r\000\040\000\050\000N\000e\000m\000a\000t\000i\000c\000\051\000\040\000M\000a\000g\000n\000e\000t\000i\000c\000\040\000O\000r\000d\000e\000r}{chapter.5}% 217
\BOOKMARK [1][-]{section.5.26}{\376\377\0009\000.\0004\000\040\000O\000c\000t\000u\000p\000o\000l\000a\000r\000\040\000O\000r\000d\000e\000r}{chapter.5}% 218
\BOOKMARK [1][-]{section.5.27}{\376\377\0009\000.\0005\000\040\000S\000e\000l\000e\000c\000t\000i\000o\000n\000\040\000R\000u\000l\000e\000s\000\040\000f\000r\000o\000m\000\040\000t\000h\000e\000\040\000A\000l\000g\000e\000b\000r\000a}{chapter.5}% 219
\BOOKMARK [1][-]{section.5.28}{\376\377\0009\000.\0006\000\040\000N\000u\000m\000e\000r\000i\000c\000a\000l\000\040\000V\000a\000l\000i\000d\000a\000t\000i\000o\000n}{chapter.5}% 220
\BOOKMARK [1][-]{section.5.29}{\376\377\0001\0000\000.\000\040\000P\000r\000e\000d\000i\000c\000t\000i\000o\000n\000\040\000I\000I\000:\000\040\000A\000l\000g\000e\000b\000r\000a\000i\000c\000\040\000S\000p\000i\000n\000\040\000L\000i\000q\000u\000i\000d\000s}{chapter.5}% 221
\BOOKMARK [1][-]{section.5.30}{\376\377\0001\0000\000.\0001\000\040\000T\000h\000e\000\040\000F\000a\000i\000l\000u\000r\000e\000\040\000o\000f\000\040\000C\000o\000n\000v\000e\000n\000t\000i\000o\000n\000a\000l\000\040\000O\000r\000d\000e\000r\000\040\000P\000a\000r\000a\000m\000e\000t\000e\000r\000s}{chapter.5}% 222
\BOOKMARK [1][-]{section.5.31}{\376\377\0001\0000\000.\0002\000\040\000T\000h\000e\000\040\000C\000o\000m\000m\000u\000t\000a\000n\000t\000\040\000A\000l\000g\000e\000b\000r\000a}{chapter.5}% 223
\BOOKMARK [1][-]{section.5.32}{\376\377\0001\0000\000.\0003\000\040\000N\000u\000m\000e\000r\000i\000c\000a\000l\000\040\000E\000v\000i\000d\000e\000n\000c\000e}{chapter.5}% 224
\BOOKMARK [1][-]{section.5.33}{\376\377\0001\0000\000.\0004\000\040\000F\000r\000o\000m\000\040\000C\000o\000m\000m\000u\000t\000a\000n\000t\000\040\000t\000o\000\040\000G\000a\000u\000g\000e\000\040\000T\000h\000e\000o\000r\000y}{chapter.5}% 225
\BOOKMARK [1][-]{section.5.34}{\376\377\0001\0000\000.\0005\000\040\000T\000o\000p\000o\000l\000o\000g\000i\000c\000a\000l\000\040\000E\000n\000t\000a\000n\000g\000l\000e\000m\000e\000n\000t\000\040\000E\000n\000t\000r\000o\000p\000y}{chapter.5}% 226
\BOOKMARK [1][-]{section.5.35}{\376\377\0001\0000\000.\0006\000\040\000P\000r\000e\000d\000i\000c\000t\000i\000o\000n\000s\000\040\000f\000o\000r\000\040\000E\000x\000p\000e\000r\000i\000m\000e\000n\000t}{chapter.5}% 227
\BOOKMARK [1][-]{section.5.36}{\376\377\0001\0001\000.\000\040\000P\000r\000e\000d\000i\000c\000t\000i\000o\000n\000\040\000I\000I\000I\000:\000\040\000D\000e\000s\000i\000g\000n\000e\000r\000\040\000M\000a\000g\000n\000e\000t\000s}{chapter.5}% 228
\BOOKMARK [1][-]{section.5.37}{\376\377\0001\0001\000.\0001\000\040\000T\000h\000e\000\040\000E\000x\000c\000h\000a\000n\000g\000e\000\040\000T\000e\000n\000s\000o\000r\000\040\000a\000s\000\040\000C\000o\000m\000p\000l\000e\000t\000e\000\040\000C\000o\000o\000r\000d\000i\000n\000a\000t\000e\000\040\000S\000y\000s\000t\000e\000m}{chapter.5}% 229
\BOOKMARK [1][-]{section.5.38}{\376\377\0001\0001\000.\0002\000\040\000M\000a\000t\000e\000r\000i\000a\000l\000s\000\040\000i\000n\000\040\000A\000l\000g\000e\000b\000r\000a\000i\000c\000\040\000C\000o\000o\000r\000d\000i\000n\000a\000t\000e\000s}{chapter.5}% 230
\BOOKMARK [1][-]{section.5.39}{\376\377\0001\0001\000.\0003\000\040\000S\000t\000r\000a\000i\000n\000-\000T\000u\000n\000e\000d\000\040\000P\000h\000a\000s\000e\000\040\000T\000r\000a\000n\000s\000i\000t\000i\000o\000n\000s}{chapter.5}% 231
\BOOKMARK [1][-]{section.5.40}{\376\377\0001\0001\000.\0004\000\040\000P\000r\000e\000d\000i\000c\000t\000e\000d\000\040\000N\000o\000v\000e\000l\000\040\000P\000h\000a\000s\000e\000s}{chapter.5}% 232
\BOOKMARK [1][-]{section.5.41}{\376\377\0001\0001\000.\0005\000\040\000M\000a\000t\000e\000r\000i\000a\000l\000s\000\040\000D\000e\000s\000i\000g\000n\000\040\000R\000o\000a\000d\000m\000a\000p}{chapter.5}% 233
\BOOKMARK [1][-]{section.5.42}{\376\377\0001\0002\000.\000\040\000D\000i\000s\000c\000u\000s\000s\000i\000o\000n\000\040\000a\000n\000d\000\040\000O\000u\000t\000l\000o\000o\000k}{chapter.5}% 234
\BOOKMARK [1][-]{section.5.43}{\376\377\0001\0002\000.\0001\000\040\000S\000u\000m\000m\000a\000r\000y}{chapter.5}% 235
\BOOKMARK [1][-]{section.5.44}{\376\377\0001\0002\000.\0002\000\040\000F\000o\000r\000m\000a\000l\000\040\000V\000e\000r\000i\000f\000i\000c\000a\000t\000i\000o\000n}{chapter.5}% 236
\BOOKMARK [1][-]{section.5.45}{\376\377\0001\0002\000.\0003\000\040\000E\000x\000t\000e\000n\000s\000i\000o\000n\000s}{chapter.5}% 237
\BOOKMARK [1][-]{section.5.46}{\376\377\0001\0002\000.\0004\000\040\000T\000h\000e\000\040\000P\000o\000w\000e\000r\000\040\000o\000f\000\040\000t\000h\000e\000\040\000A\000l\000g\000e\000b\000r\000a\000i\000c\000\040\000V\000i\000e\000w\000p\000o\000i\000n\000t}{chapter.5}% 238
\BOOKMARK [1][-]{section.5.47}{\376\377\000R\000e\000f\000e\000r\000e\000n\000c\000e\000s}{chapter.5}% 239
\BOOKMARK [1][-]{section.5.48}{\376\377\000S\000c\000i\000e\000n\000t\000i\000f\000i\000c\000\040\000A\000m\000e\000r\000i\000c\000a\000n\000\040\000A\000r\000t\000i\000c\000l\000e}{chapter.5}% 240
\BOOKMARK [1][-]{section.5.49}{\376\377\000H\000o\000w\000\040\000a\000b\000s\000t\000r\000a\000c\000t\000\040\000m\000a\000t\000h\000e\000m\000a\000t\000i\000c\000s\000\040\000r\000e\000v\000e\000a\000l\000s\000\040\000t\000h\000a\000t\000\040\000e\000v\000e\000r\000y\000\040\000m\000a\000g\000n\000e\000t\000\040\040\024\000\040\000f\000r\000o\000m\000\040\000a\000\040\000c\000o\000m\000p\000a\000s\000s\000\040\000n\000e\000e\000d\000l\000e\000\040\000t\000o\000\040\000a\000\040\000n\000e\000u\000t\000r\000o\000n\000\040\000s\000t\000a\000r\000\040\040\024\000\040\000o\000b\000e\000y\000s\000\040\000t\000h\000e\000\040\000s\000a\000m\000e\000\040\000e\000l\000e\000g\000a\000n\000t\000\040\000a\000l\000g\000e\000b\000r\000a\000i\000c\000\040\000r\000u\000l\000e\000s\000.\000\040\000A\000n\000d\000\040\000w\000h\000a\000t\000\040\000t\000h\000o\000s\000e\000\040\000r\000u\000l\000e\000s\000\040\000p\000r\000e\000d\000i\000c\000t\000\040\000a\000b\000o\000u\000t\000\040\000m\000a\000g\000n\000e\000t\000s\000\040\000w\000e\000\040\000h\000a\000v\000e\000n\000'\000t\000\040\000y\000e\000t\000\040\000b\000u\000i\000l\000t\000.}{chapter.5}% 241
\BOOKMARK [1][-]{section.5.50}{\376\377\000T\000h\000e\000\040\000L\000a\000n\000g\000u\000a\000g\000e\000\040\000o\000f\000\040\000S\000p\000i\000n}{chapter.5}% 242
\BOOKMARK [1][-]{section.5.51}{\376\377\000O\000n\000e\000\040\000A\000l\000g\000e\000b\000r\000a\000,\000\040\000M\000a\000n\000y\000\040\000M\000a\000g\000n\000e\000t\000s}{chapter.5}% 243
\BOOKMARK [1][-]{section.5.52}{\376\377\000W\000h\000e\000n\000\040\000M\000a\000g\000n\000e\000t\000s\000\040\000B\000r\000e\000a\000k\000\040\000S\000y\000m\000m\000e\000t\000r\000y}{chapter.5}% 244
\BOOKMARK [1][-]{section.5.53}{\376\377\000S\000k\000y\000r\000m\000i\000o\000n\000s\000:\000\040\000T\000o\000p\000o\000l\000o\000g\000y\000\040\000f\000r\000o\000m\000\040\000A\000l\000g\000e\000b\000r\000a}{chapter.5}% 245
\BOOKMARK [1][-]{section.5.54}{\376\377\000B\000e\000y\000o\000n\000d\000\040\000U\000n\000i\000f\000i\000c\000a\000t\000i\000o\000n\000:\000\040\000T\000h\000r\000e\000e\000\040\000P\000r\000e\000d\000i\000c\000t\000i\000o\000n\000s}{chapter.5}% 246
\BOOKMARK [1][-]{section.5.55}{\376\377\000P\000r\000e\000d\000i\000c\000t\000i\000o\000n\000\040\0001\000:\000\040\000M\000a\000g\000n\000e\000t\000s\000\040\000W\000i\000t\000h\000o\000u\000t\000\040\000M\000a\000g\000n\000e\000t\000i\000z\000a\000t\000i\000o\000n\000\040\040\024\000\040\000H\000i\000g\000h\000e\000r\000\040\000M\000u\000l\000t\000i\000p\000o\000l\000e\000\040\000O\000r\000d\000e\000r}{chapter.5}% 247
\BOOKMARK [1][-]{section.5.56}{\376\377\000P\000r\000e\000d\000i\000c\000t\000i\000o\000n\000\040\0002\000:\000\040\000T\000h\000e\000\040\000A\000l\000g\000e\000b\000r\000a\000\040\000o\000f\000\040\000L\000i\000q\000u\000i\000d\000\040\000M\000a\000g\000n\000e\000t\000s\000\040\040\024\000\040\000S\000p\000i\000n\000\040\000L\000i\000q\000u\000i\000d\000s}{chapter.5}% 248
\BOOKMARK [1][-]{section.5.57}{\376\377\000P\000r\000e\000d\000i\000c\000t\000i\000o\000n\000\040\0003\000:\000\040\000D\000e\000s\000i\000g\000n\000i\000n\000g\000\040\000M\000a\000g\000n\000e\000t\000s\000\040\000b\000y\000\040\000A\000l\000g\000e\000b\000r\000a\000\040\040\024\000\040\000T\000h\000e\000\040\000M\000a\000p\000\040\000o\000f\000\040\000A\000l\000l\000\040\000M\000a\000g\000n\000e\000t\000i\000c\000\040\000P\000o\000s\000s\000i\000b\000i\000l\000i\000t\000i\000e\000s}{chapter.5}% 249
\BOOKMARK [1][-]{section.5.58}{\376\377\000S\000p\000i\000n\000\040\000W\000a\000v\000e\000s\000:\000\040\000T\000h\000e\000\040\000M\000u\000s\000i\000c\000\040\000o\000f\000\040\000M\000a\000g\000n\000e\000t\000s}{chapter.5}% 250
\BOOKMARK [1][-]{section.5.59}{\376\377\000T\000h\000e\000\040\000G\000e\000o\000m\000e\000t\000r\000y\000\040\000o\000f\000\040\000a\000\040\000S\000p\000i\000n\000n\000i\000n\000g\000\040\000C\000o\000m\000p\000a\000s\000s}{chapter.5}% 251
\BOOKMARK [1][-]{section.5.60}{\376\377\000F\000o\000r\000m\000a\000l\000\040\000V\000e\000r\000i\000f\000i\000c\000a\000t\000i\000o\000n\000:\000\040\000M\000a\000t\000h\000e\000m\000a\000t\000i\000c\000s\000\040\000W\000i\000t\000h\000o\000u\000t\000\040\000D\000o\000u\000b\000t}{chapter.5}% 252
\BOOKMARK [1][-]{section.5.61}{\376\377\000T\000h\000e\000\040\000U\000n\000r\000e\000a\000s\000o\000n\000a\000b\000l\000e\000\040\000E\000f\000f\000e\000c\000t\000i\000v\000e\000n\000e\000s\000s\000\040\000o\000f\000\040\000A\000l\000g\000e\000b\000r\000a}{chapter.5}% 253
\BOOKMARK [1][-]{section.5.62}{\376\377\000S\000i\000d\000e\000b\000a\000r\000:\000\040\000T\000h\000e\000\040\000C\000a\000s\000t\000\040\000o\000f\000\040\000C\000h\000a\000r\000a\000c\000t\000e\000r\000s}{chapter.5}% 254
\BOOKMARK [1][-]{section.5.63}{\376\377\000S\000i\000d\000e\000b\000a\000r\000:\000\040\000T\000h\000e\000\040\000T\000h\000r\000e\000e\000\040\000P\000r\000e\000d\000i\000c\000t\000i\000o\000n\000s\000\040\000a\000t\000\040\000a\000\040\000G\000l\000a\000n\000c\000e}{chapter.5}% 255
\BOOKMARK [1][-]{section.5.64}{\376\377\000S\000i\000d\000e\000b\000a\000r\000:\000\040\000M\000a\000g\000n\000e\000t\000i\000c\000\040\000M\000o\000d\000e\000l\000s\000\040\000a\000t\000\040\000a\000\040\000G\000l\000a\000n\000c\000e}{chapter.5}% 256
\BOOKMARK [0][-]{chapter.6}{\376\377\000A\000l\000g\000e\000b\000r\000a\000i\000c\000\040\000N\000u\000c\000l\000e\000a\000r\000\040\000P\000h\000y\000s\000i\000c\000s}{part.1}% 257
\BOOKMARK [1][-]{section.6.1}{\376\377\000F\000i\000g\000u\000r\000e\000s}{chapter.6}% 258
\BOOKMARK [1][-]{section.6.2}{\376\377\000R\000e\000s\000e\000a\000r\000c\000h\000\040\000P\000a\000p\000e\000r}{chapter.6}% 259
\BOOKMARK [1][-]{section.6.3}{\376\377\000A\000\040\000U\000n\000i\000f\000i\000e\000d\000\040\000F\000r\000a\000m\000e\000w\000o\000r\000k\000\040\000f\000o\000r\000\040\000N\000u\000c\000l\000e\000a\000r\000\040\000S\000t\000r\000u\000c\000t\000u\000r\000e\000,\000\040\000S\000y\000m\000m\000e\000t\000r\000y\000,\000\040\000a\000n\000d\000\040\000P\000h\000a\000s\000e\000\040\000T\000r\000a\000n\000s\000i\000t\000i\000o\000n\000s}{chapter.6}% 260
\BOOKMARK [1][-]{section.6.4}{\376\377\0001\000.\000\040\000I\000n\000t\000r\000o\000d\000u\000c\000t\000i\000o\000n}{chapter.6}% 261
\BOOKMARK [1][-]{section.6.5}{\376\377\0001\000.\0001\000\040\000T\000h\000e\000\040\000P\000r\000o\000b\000l\000e\000m\000\040\000o\000f\000\040\000N\000u\000c\000l\000e\000a\000r\000\040\000S\000t\000r\000u\000c\000t\000u\000r\000e}{chapter.6}% 262
\BOOKMARK [1][-]{section.6.6}{\376\377\0001\000.\0002\000\040\000H\000i\000s\000t\000o\000r\000i\000c\000a\000l\000\040\000C\000o\000n\000t\000e\000x\000t}{chapter.6}% 263
\BOOKMARK [1][-]{section.6.7}{\376\377\0001\000.\0003\000\040\000S\000c\000o\000p\000e\000\040\000o\000f\000\040\000T\000h\000i\000s\000\040\000W\000o\000r\000k}{chapter.6}% 264
\BOOKMARK [1][-]{section.6.8}{\376\377\0002\000.\000\040\000T\000h\000e\000\040\000N\000u\000c\000l\000e\000a\000r\000\040\000A\000l\000g\000e\000b\000r\000a\000\040\000U\000\050\0006\000\051}{chapter.6}% 265
\BOOKMARK [1][-]{section.6.9}{\376\377\0002\000.\0001\000\040\000F\000r\000o\000m\000\040\000N\000u\000c\000l\000e\000o\000n\000s\000\040\000t\000o\000\040\000B\000o\000s\000o\000n\000s}{chapter.6}% 266
\BOOKMARK [1][-]{section.6.10}{\376\377\0002\000.\0002\000\040\000T\000h\000e\000\040\000B\000o\000s\000o\000n\000\040\000N\000u\000m\000b\000e\000r}{chapter.6}% 267
\BOOKMARK [1][-]{section.6.11}{\376\377\0002\000.\0003\000\040\000S\000u\000b\000a\000l\000g\000e\000b\000r\000a\000\040\000C\000h\000a\000i\000n\000s}{chapter.6}% 268
\BOOKMARK [1][-]{section.6.12}{\376\377\0003\000.\000\040\000D\000y\000n\000a\000m\000i\000c\000a\000l\000\040\000S\000y\000m\000m\000e\000t\000r\000i\000e\000s\000\040\000a\000n\000d\000\040\000E\000x\000a\000c\000t\000\040\000S\000o\000l\000u\000t\000i\000o\000n\000s}{chapter.6}% 269
\BOOKMARK [1][-]{section.6.13}{\376\377\0003\000.\0001\000\040\000T\000h\000e\000\040\000C\000o\000n\000c\000e\000p\000t\000\040\000o\000f\000\040\000D\000y\000n\000a\000m\000i\000c\000a\000l\000\040\000S\000y\000m\000m\000e\000t\000r\000y}{chapter.6}% 270
\BOOKMARK [1][-]{section.6.14}{\376\377\0003\000.\0002\000\040\000C\000h\000a\000i\000n\000\040\000I\000:\000\040\000T\000h\000e\000\040\000V\000i\000b\000r\000a\000t\000i\000o\000n\000a\000l\000\040\000L\000i\000m\000i\000t\000\040\040\024\000\040\000U\000\050\0005\000\051}{chapter.6}% 271
\BOOKMARK [1][-]{section.6.15}{\376\377\0003\000.\0003\000\040\000C\000h\000a\000i\000n\000\040\000I\000I\000:\000\040\000T\000h\000e\000\040\000R\000o\000t\000a\000t\000i\000o\000n\000a\000l\000\040\000L\000i\000m\000i\000t\000\040\040\024\000\040\000S\000U\000\050\0003\000\051}{chapter.6}% 272
\BOOKMARK [1][-]{section.6.16}{\376\377\0003\000.\0004\000\040\000C\000h\000a\000i\000n\000\040\000I\000I\000I\000:\000\040\000T\000h\000e\000\040\000-\000U\000n\000s\000t\000a\000b\000l\000e\000\040\000L\000i\000m\000i\000t\000\040\040\024\000\040\000O\000\050\0006\000\051}{chapter.6}% 273
\BOOKMARK [1][-]{section.6.17}{\376\377\0004\000.\000\040\000E\000l\000e\000c\000t\000r\000o\000m\000a\000g\000n\000e\000t\000i\000c\000\040\000T\000r\000a\000n\000s\000i\000t\000i\000o\000n\000s\000\040\000a\000n\000d\000\040\000S\000e\000l\000e\000c\000t\000i\000o\000n\000\040\000R\000u\000l\000e\000s}{chapter.6}% 274
\BOOKMARK [1][-]{section.6.18}{\376\377\0004\000.\0001\000\040\000T\000h\000e\000\040\000E\0002\000\040\000T\000r\000a\000n\000s\000i\000t\000i\000o\000n\000\040\000O\000p\000e\000r\000a\000t\000o\000r}{chapter.6}% 275
\BOOKMARK [1][-]{section.6.19}{\376\377\0004\000.\0002\000\040\000S\000e\000l\000e\000c\000t\000i\000o\000n\000\040\000R\000u\000l\000e\000s\000\040\000f\000r\000o\000m\000\040\000A\000l\000g\000e\000b\000r\000a}{chapter.6}% 276
\BOOKMARK [1][-]{section.6.20}{\376\377\0004\000.\0003\000\040\000B\000\050\000E\0002\000\051\000\040\000V\000a\000l\000u\000e\000s}{chapter.6}% 277
\BOOKMARK [1][-]{section.6.21}{\376\377\0005\000.\000\040\000N\000u\000c\000l\000e\000a\000r\000\040\000P\000h\000a\000s\000e\000\040\000T\000r\000a\000n\000s\000i\000t\000i\000o\000n\000s}{chapter.6}% 278
\BOOKMARK [1][-]{section.6.22}{\376\377\0005\000.\0001\000\040\000T\000h\000e\000\040\000C\000o\000h\000e\000r\000e\000n\000t\000\040\000S\000t\000a\000t\000e\000\040\000F\000r\000a\000m\000e\000w\000o\000r\000k}{chapter.6}% 279
\BOOKMARK [1][-]{section.6.23}{\376\377\0005\000.\0002\000\040\000T\000h\000e\000\040\000E\000n\000e\000r\000g\000y\000\040\000S\000u\000r\000f\000a\000c\000e}{chapter.6}% 280
\BOOKMARK [1][-]{section.6.24}{\376\377\0005\000.\0003\000\040\000T\000h\000e\000\040\000C\000a\000s\000t\000e\000n\000\040\000T\000r\000i\000a\000n\000g\000l\000e}{chapter.6}% 281
\BOOKMARK [1][-]{section.6.25}{\376\377\0005\000.\0004\000\040\000Q\000u\000a\000n\000t\000u\000m\000\040\000P\000h\000a\000s\000e\000\040\000T\000r\000a\000n\000s\000i\000t\000i\000o\000n\000s}{chapter.6}% 282
\BOOKMARK [1][-]{section.6.26}{\376\377\0005\000.\0005\000\040\000C\000r\000i\000t\000i\000c\000a\000l\000\040\000P\000o\000i\000n\000t\000\040\000S\000y\000m\000m\000e\000t\000r\000i\000e\000s}{chapter.6}% 283
\BOOKMARK [1][-]{section.6.27}{\376\377\0006\000.\000\040\000T\000h\000e\000\040\000A\000l\000g\000e\000b\000r\000a\000i\000c\000\040\000O\000r\000i\000g\000i\000n\000\040\000o\000f\000\040\000M\000a\000g\000i\000c\000\040\000N\000u\000m\000b\000e\000r\000s}{chapter.6}% 284
\BOOKMARK [1][-]{section.6.28}{\376\377\0006\000.\0001\000\040\000S\000h\000e\000l\000l\000\040\000M\000o\000d\000e\000l\000\040\000A\000l\000g\000e\000b\000r\000a}{chapter.6}% 285
\BOOKMARK [1][-]{section.6.29}{\376\377\0006\000.\0002\000\040\000M\000a\000g\000i\000c\000\040\000N\000u\000m\000b\000e\000r\000s\000\040\000f\000r\000o\000m\000\040\000R\000e\000p\000r\000e\000s\000e\000n\000t\000a\000t\000i\000o\000n\000\040\000T\000h\000e\000o\000r\000y}{chapter.6}% 286
\BOOKMARK [1][-]{section.6.30}{\376\377\0006\000.\0003\000\040\000A\000l\000g\000e\000b\000r\000a\000i\000c\000\040\000I\000n\000t\000e\000r\000p\000r\000e\000t\000a\000t\000i\000o\000n}{chapter.6}% 287
\BOOKMARK [1][-]{section.6.31}{\376\377\0007\000.\000\040\000T\000h\000e\000\040\000A\000l\000g\000e\000b\000r\000a\000i\000c\000\040\000M\000a\000s\000s\000\040\000F\000o\000r\000m\000u\000l\000a}{chapter.6}% 288
\BOOKMARK [1][-]{section.6.32}{\376\377\0007\000.\0001\000\040\000R\000e\000i\000n\000t\000e\000r\000p\000r\000e\000t\000a\000t\000i\000o\000n\000\040\000o\000f\000\040\000t\000h\000e\000\040\000B\000e\000t\000h\000e\000-\000W\000e\000i\000z\000s\000\344\000c\000k\000e\000r\000\040\000F\000o\000r\000m\000u\000l\000a}{chapter.6}% 289
\BOOKMARK [1][-]{section.6.33}{\376\377\0008\000.\000\040\000F\000o\000r\000m\000a\000l\000\040\000V\000e\000r\000i\000f\000i\000c\000a\000t\000i\000o\000n\000\040\000i\000n\000\040\000L\000e\000a\000n\000\040\0004}{chapter.6}% 290
\BOOKMARK [1][-]{section.6.34}{\376\377\0008\000.\0001\000\040\000F\000o\000r\000m\000a\000l\000i\000z\000a\000t\000i\000o\000n\000\040\000S\000t\000r\000a\000t\000e\000g\000y}{chapter.6}% 291
\BOOKMARK [1][-]{section.6.35}{\376\377\0008\000.\0002\000\040\000K\000e\000y\000\040\000T\000h\000e\000o\000r\000e\000m\000s}{chapter.6}% 292
\BOOKMARK [1][-]{section.6.36}{\376\377\0008\000.\0003\000\040\000V\000e\000r\000i\000f\000i\000c\000a\000t\000i\000o\000n\000\040\000R\000e\000s\000u\000l\000t\000s}{chapter.6}% 293
\BOOKMARK [1][-]{section.6.37}{\376\377\0009\000.\000\040\000C\000o\000m\000p\000u\000t\000a\000t\000i\000o\000n\000a\000l\000\040\000V\000a\000l\000i\000d\000a\000t\000i\000o\000n}{chapter.6}% 294
\BOOKMARK [1][-]{section.6.38}{\376\377\0009\000.\0001\000\040\000E\000n\000e\000r\000g\000y\000\040\000S\000p\000e\000c\000t\000r\000a}{chapter.6}% 295
\BOOKMARK [1][-]{section.6.39}{\376\377\0009\000.\0002\000\040\000P\000h\000a\000s\000e\000\040\000T\000r\000a\000n\000s\000i\000t\000i\000o\000n\000\040\000i\000n\000\040\000S\000a\000m\000a\000r\000i\000u\000m}{chapter.6}% 296
\BOOKMARK [1][-]{section.6.40}{\376\377\0009\000.\0003\000\040\000B\000i\000n\000d\000i\000n\000g\000\040\000E\000n\000e\000r\000g\000i\000e\000s}{chapter.6}% 297
\BOOKMARK [1][-]{section.6.41}{\376\377\0001\0000\000.\000\040\000D\000i\000s\000c\000u\000s\000s\000i\000o\000n\000\040\000a\000n\000d\000\040\000C\000o\000n\000c\000l\000u\000s\000i\000o\000n\000s}{chapter.6}% 298
\BOOKMARK [1][-]{section.6.42}{\376\377\0001\0000\000.\0001\000\040\000T\000h\000e\000\040\000P\000o\000w\000e\000r\000\040\000o\000f\000\040\000A\000l\000g\000e\000b\000r\000a}{chapter.6}% 299
\BOOKMARK [1][-]{section.6.43}{\376\377\0001\0000\000.\0002\000\040\000L\000i\000m\000i\000t\000a\000t\000i\000o\000n\000s}{chapter.6}% 300
\BOOKMARK [1][-]{section.6.44}{\376\377\0001\0000\000.\0003\000\040\000F\000u\000t\000u\000r\000e\000\040\000D\000i\000r\000e\000c\000t\000i\000o\000n\000s}{chapter.6}% 301
\BOOKMARK [1][-]{section.6.45}{\376\377\000A\000p\000p\000e\000n\000d\000i\000x\000\040\000A\000:\000\040\000T\000a\000b\000l\000e\000\040\000o\000f\000\040\000C\000a\000s\000i\000m\000i\000r\000\040\000E\000i\000g\000e\000n\000v\000a\000l\000u\000e\000s}{chapter.6}% 302
\BOOKMARK [1][-]{section.6.46}{\376\377\000A\000p\000p\000e\000n\000d\000i\000x\000\040\000B\000:\000\040\000E\000x\000p\000e\000r\000i\000m\000e\000n\000t\000a\000l\000\040\000N\000u\000c\000l\000e\000a\000r\000\040\000D\000a\000t\000a\000\040\000U\000s\000e\000d}{chapter.6}% 303
\BOOKMARK [1][-]{section.6.47}{\376\377\000A\000p\000p\000e\000n\000d\000i\000x\000\040\000C\000:\000\040\000N\000o\000t\000a\000t\000i\000o\000n}{chapter.6}% 304
\BOOKMARK [1][-]{section.6.48}{\376\377\000R\000e\000f\000e\000r\000e\000n\000c\000e\000s}{chapter.6}% 305
\BOOKMARK [1][-]{section.6.49}{\376\377\000S\000c\000i\000e\000n\000t\000i\000f\000i\000c\000\040\000A\000m\000e\000r\000i\000c\000a\000n\000\040\000A\000r\000t\000i\000c\000l\000e}{chapter.6}% 306
\BOOKMARK [1][-]{section.6.50}{\376\377\000H\000o\000w\000\040\000a\000\040\000s\000i\000n\000g\000l\000e\000\040\000m\000a\000t\000h\000e\000m\000a\000t\000i\000c\000a\000l\000\040\000s\000t\000r\000u\000c\000t\000u\000r\000e\000\040\000e\000x\000p\000l\000a\000i\000n\000s\000\040\000w\000h\000y\000\040\000n\000u\000c\000l\000e\000i\000\040\000v\000i\000b\000r\000a\000t\000e\000,\000\040\000r\000o\000t\000a\000t\000e\000,\000\040\000a\000n\000d\000\040\000c\000h\000a\000n\000g\000e\000\040\000s\000h\000a\000p\000e}{chapter.6}% 307
\BOOKMARK [1][-]{section.6.51}{\376\377\000A\000\040\000T\000a\000l\000e\000\040\000o\000f\000\040\000T\000w\000o\000\040\000B\000o\000s\000o\000n\000s}{chapter.6}% 308
\BOOKMARK [1][-]{section.6.52}{\376\377\000T\000h\000i\000r\000t\000y\000-\000S\000i\000x\000\040\000K\000e\000y\000s\000\040\000t\000o\000\040\000t\000h\000e\000\040\000N\000u\000c\000l\000e\000a\000r\000\040\000K\000i\000n\000g\000d\000o\000m}{chapter.6}% 309
\BOOKMARK [1][-]{section.6.53}{\376\377\000T\000h\000e\000\040\000V\000i\000b\000r\000a\000t\000o\000r\000:\000\040\000U\000\050\0005\000\051}{chapter.6}% 310
\BOOKMARK [1][-]{section.6.54}{\376\377\000T\000h\000e\000\040\000R\000o\000t\000o\000r\000:\000\040\000S\000U\000\050\0003\000\051}{chapter.6}% 311
\BOOKMARK [1][-]{section.6.55}{\376\377\000T\000h\000e\000\040\000W\000o\000b\000b\000l\000e\000r\000:\000\040\000O\000\050\0006\000\051}{chapter.6}% 312
\BOOKMARK [1][-]{section.6.56}{\376\377\000O\000n\000e\000\040\000N\000u\000m\000b\000e\000r\000\040\000t\000o\000\040\000R\000u\000l\000e\000\040\000T\000h\000e\000m\000\040\000A\000l\000l}{chapter.6}% 313
\BOOKMARK [1][-]{section.6.57}{\376\377\000T\000h\000e\000\040\000N\000u\000c\000l\000e\000a\000r\000\040\000S\000h\000a\000p\000e\000\040\000T\000r\000i\000a\000n\000g\000l\000e}{chapter.6}% 314
\BOOKMARK [1][-]{section.6.58}{\376\377\000S\000h\000a\000p\000e\000-\000S\000h\000i\000f\000t\000i\000n\000g\000:\000\040\000N\000u\000c\000l\000e\000a\000r\000\040\000Q\000u\000a\000n\000t\000u\000m\000\040\000P\000h\000a\000s\000e\000\040\000T\000r\000a\000n\000s\000i\000t\000i\000o\000n\000s}{chapter.6}% 315
\BOOKMARK [1][-]{section.6.59}{\376\377\000T\000h\000e\000\040\000M\000a\000g\000i\000c\000\040\000o\000f\000\040\000M\000a\000g\000i\000c\000\040\000N\000u\000m\000b\000e\000r\000s}{chapter.6}% 316
\BOOKMARK [1][-]{section.6.60}{\376\377\000T\000h\000e\000\040\000U\000l\000t\000i\000m\000a\000t\000e\000\040\000N\000u\000c\000l\000e\000a\000r\000\040\000E\000q\000u\000a\000t\000i\000o\000n}{chapter.6}% 317
\BOOKMARK [1][-]{section.6.61}{\376\377\000M\000a\000c\000h\000i\000n\000e\000-\000V\000e\000r\000i\000f\000i\000e\000d\000\040\000M\000a\000t\000h\000e\000m\000a\000t\000i\000c\000s}{chapter.6}% 318
\BOOKMARK [1][-]{section.6.62}{\376\377\000W\000h\000a\000t\000'\000s\000\040\000N\000e\000x\000t\000?}{chapter.6}% 319
\BOOKMARK [1][-]{section.6.63}{\376\377\000T\000h\000e\000\040\000L\000e\000s\000s\000o\000n}{chapter.6}% 320
\BOOKMARK [0][-]{chapter.7}{\376\377\000T\000h\000e\000\040\000A\000l\000g\000e\000b\000r\000a\000i\000c\000\040\000T\000h\000e\000o\000r\000y\000\040\000o\000f\000\040\000T\000i\000m\000e}{part.1}% 321
\BOOKMARK [1][-]{section.7.1}{\376\377\000F\000i\000g\000u\000r\000e\000s}{chapter.7}% 322
\BOOKMARK [1][-]{section.7.2}{\376\377\000R\000e\000s\000e\000a\000r\000c\000h\000\040\000P\000a\000p\000e\000r}{chapter.7}% 323
\BOOKMARK [1][-]{section.7.3}{\376\377\000A\000b\000s\000t\000r\000a\000c\000t}{chapter.7}% 324
\BOOKMARK [1][-]{section.7.4}{\376\377\0001\000.\000\040\000I\000n\000t\000r\000o\000d\000u\000c\000t\000i\000o\000n}{chapter.7}% 325
\BOOKMARK [1][-]{section.7.5}{\376\377\0001\000.\0001\000\040\000T\000h\000e\000\040\000P\000r\000o\000b\000l\000e\000m\000\040\000o\000f\000\040\000T\000i\000m\000e}{chapter.7}% 326
\BOOKMARK [1][-]{section.7.6}{\376\377\0001\000.\0002\000\040\000C\000o\000n\000t\000r\000i\000b\000u\000t\000i\000o\000n\000s}{chapter.7}% 327
\BOOKMARK [1][-]{section.7.7}{\376\377\0001\000.\0003\000\040\000R\000e\000l\000a\000t\000e\000d\000\040\000W\000o\000r\000k}{chapter.7}% 328
\BOOKMARK [1][-]{section.7.8}{\376\377\0002\000.\000\040\000D\000e\000f\000i\000n\000i\000t\000i\000o\000n\000s}{chapter.7}% 329
\BOOKMARK [1][-]{section.7.9}{\376\377\0002\000.\0001\000\040\000T\000e\000m\000p\000o\000r\000a\000l\000\040\000M\000o\000n\000o\000i\000d}{chapter.7}% 330
\BOOKMARK [1][-]{section.7.10}{\376\377\0002\000.\0002\000\040\000T\000e\000m\000p\000o\000r\000a\000l\000\040\000G\000r\000o\000u\000p}{chapter.7}% 331
\BOOKMARK [1][-]{section.7.11}{\376\377\0002\000.\0003\000\040\000T\000e\000m\000p\000o\000r\000a\000l\000\040\000F\000l\000o\000w}{chapter.7}% 332
\BOOKMARK [1][-]{section.7.12}{\376\377\0002\000.\0004\000\040\000E\000n\000t\000r\000o\000p\000y\000\040\000F\000u\000n\000c\000t\000i\000o\000n\000a\000l}{chapter.7}% 333
\BOOKMARK [1][-]{section.7.13}{\376\377\0002\000.\0005\000\040\000T\000e\000m\000p\000o\000r\000a\000l\000\040\000A\000l\000g\000e\000b\000r\000a}{chapter.7}% 334
\BOOKMARK [1][-]{section.7.14}{\376\377\0003\000.\000\040\000M\000a\000i\000n\000\040\000T\000h\000e\000o\000r\000e\000m\000s}{chapter.7}% 335
\BOOKMARK [1][-]{section.7.15}{\376\377\0003\000.\0001\000\040\000T\000h\000e\000\040\000A\000r\000r\000o\000w\000\040\000o\000f\000\040\000T\000i\000m\000e\000\040\000T\000h\000e\000o\000r\000e\000m}{chapter.7}% 336
\BOOKMARK [1][-]{section.7.16}{\376\377\0003\000.\0002\000\040\000T\000e\000m\000p\000o\000r\000a\000l\000\040\000D\000u\000a\000l\000i\000t\000y\000\040\000T\000h\000e\000o\000r\000e\000m}{chapter.7}% 337
\BOOKMARK [1][-]{section.7.17}{\376\377\0003\000.\0003\000\040\000F\000l\000o\000w\000\040\000D\000e\000c\000o\000m\000p\000o\000s\000i\000t\000i\000o\000n\000\040\000T\000h\000e\000o\000r\000e\000m}{chapter.7}% 338
\BOOKMARK [1][-]{section.7.18}{\376\377\0003\000.\0004\000\040\000N\000o\000e\000t\000h\000e\000r\000'\000s\000\040\000T\000e\000m\000p\000o\000r\000a\000l\000\040\000T\000h\000e\000o\000r\000e\000m\000\040\000\050\000R\000e\000f\000r\000a\000m\000e\000d\000\051}{chapter.7}% 339
\BOOKMARK [1][-]{section.7.19}{\376\377\0004\000.\000\040\000T\000e\000m\000p\000o\000r\000a\000l\000\040\000F\000i\000b\000e\000r\000\040\000B\000u\000n\000d\000l\000e\000s\000\040\000\050\000R\000e\000l\000a\000t\000i\000v\000i\000s\000t\000i\000c\000\040\000E\000x\000t\000e\000n\000s\000i\000o\000n\000\051}{chapter.7}% 340
\BOOKMARK [1][-]{section.7.20}{\376\377\0004\000.\0001\000\040\000M\000o\000t\000i\000v\000a\000t\000i\000o\000n}{chapter.7}% 341
\BOOKMARK [1][-]{section.7.21}{\376\377\0004\000.\0002\000\040\000C\000o\000n\000s\000t\000r\000u\000c\000t\000i\000o\000n}{chapter.7}% 342
\BOOKMARK [1][-]{section.7.22}{\376\377\0004\000.\0003\000\040\000T\000i\000m\000e\000\040\000D\000i\000l\000a\000t\000i\000o\000n\000\040\000a\000s\000\040\000a\000\040\000F\000i\000b\000e\000r\000\040\000M\000o\000r\000p\000h\000i\000s\000m}{chapter.7}% 343
\BOOKMARK [1][-]{section.7.23}{\376\377\0005\000.\000\040\000F\000o\000r\000m\000a\000l\000i\000z\000a\000t\000i\000o\000n\000\040\000i\000n\000\040\000L\000e\000a\000n\000\040\0004}{chapter.7}% 344
\BOOKMARK [1][-]{section.7.24}{\376\377\0006\000.\000\040\000C\000o\000m\000p\000u\000t\000a\000t\000i\000o\000n\000a\000l\000\040\000D\000e\000m\000o\000n\000s\000t\000r\000a\000t\000i\000o\000n\000s}{chapter.7}% 345
\BOOKMARK [1][-]{section.7.25}{\376\377\0007\000.\000\040\000D\000i\000s\000c\000u\000s\000s\000i\000o\000n}{chapter.7}% 346
\BOOKMARK [1][-]{section.7.26}{\376\377\0007\000.\0001\000\040\000T\000h\000e\000\040\000A\000l\000g\000e\000b\000r\000a\000i\000c\000\040\000H\000i\000e\000r\000a\000r\000c\000h\000y\000\040\000o\000f\000\040\000T\000i\000m\000e}{chapter.7}% 347
\BOOKMARK [1][-]{section.7.27}{\376\377\0007\000.\0002\000\040\000W\000h\000y\000\040\000T\000h\000i\000s\000\040\000M\000a\000t\000t\000e\000r\000s}{chapter.7}% 348
\BOOKMARK [1][-]{section.7.28}{\376\377\0007\000.\0003\000\040\000F\000u\000t\000u\000r\000e\000\040\000D\000i\000r\000e\000c\000t\000i\000o\000n\000s}{chapter.7}% 349
\BOOKMARK [1][-]{section.7.29}{\376\377\0008\000.\000\040\000C\000o\000n\000c\000l\000u\000s\000i\000o\000n}{chapter.7}% 350
\BOOKMARK [1][-]{section.7.30}{\376\377\000R\000e\000f\000e\000r\000e\000n\000c\000e\000s}{chapter.7}% 351
\BOOKMARK [1][-]{section.7.31}{\376\377\000S\000c\000i\000e\000n\000t\000i\000f\000i\000c\000\040\000A\000m\000e\000r\000i\000c\000a\000n\000\040\000A\000r\000t\000i\000c\000l\000e}{chapter.7}% 352
\BOOKMARK [1][-]{section.7.32}{\376\377\000T\000i\000m\000e\000\040\000I\000s\000\040\000N\000o\000t\000\040\000W\000h\000a\000t\000\040\000Y\000o\000u\000\040\000T\000h\000i\000n\000k\000\040\000I\000t\000\040\000I\000s}{chapter.7}% 353
\BOOKMARK [1][-]{section.7.33}{\376\377\000E\000n\000t\000e\000r\000\040\000t\000h\000e\000\040\000T\000e\000m\000p\000o\000r\000a\000l\000\040\000M\000o\000n\000o\000i\000d}{chapter.7}% 354
\BOOKMARK [1][-]{section.7.34}{\376\377\000T\000h\000e\000\040\000A\000r\000r\000o\000w\000\040\000o\000f\000\040\000T\000i\000m\000e\000\040\000T\000h\000e\000o\000r\000e\000m}{chapter.7}% 355
\BOOKMARK [1][-]{section.7.35}{\376\377\000A\000\040\000H\000i\000e\000r\000a\000r\000c\000h\000y\000\040\000o\000f\000\040\000T\000i\000m\000e}{chapter.7}% 356
\BOOKMARK [1][-]{section.7.36}{\376\377\000W\000h\000a\000t\000\040\000A\000b\000o\000u\000t\000\040\000Q\000u\000a\000n\000t\000u\000m\000\040\000M\000e\000c\000h\000a\000n\000i\000c\000s\000?}{chapter.7}% 357
\BOOKMARK [1][-]{section.7.37}{\376\377\000T\000i\000m\000e\000\040\000D\000i\000l\000a\000t\000i\000o\000n\000\040\000I\000s\000\040\000a\000\040\000M\000o\000r\000p\000h\000i\000s\000m}{chapter.7}% 358
\BOOKMARK [1][-]{section.7.38}{\376\377\000W\000e\000\040\000P\000r\000o\000v\000e\000d\000\040\000I\000t\000\040\000w\000i\000t\000h\000\040\000a\000\040\000C\000o\000m\000p\000u\000t\000e\000r}{chapter.7}% 359
\BOOKMARK [1][-]{section.7.39}{\376\377\000W\000h\000a\000t\000\040\000I\000t\000\040\000A\000l\000l\000\040\000M\000e\000a\000n\000s}{chapter.7}% 360
\BOOKMARK [1][-]{section.7.40}{\376\377\000S\000i\000d\000e\000b\000a\000r\000:\000\040\000T\000h\000e\000\040\000G\000r\000a\000n\000d\000\040\000U\000n\000i\000f\000i\000c\000a\000t\000i\000o\000n\000\040\000T\000a\000b\000l\000e}{chapter.7}% 361
\BOOKMARK [1][-]{section.7.41}{\376\377\000S\000i\000d\000e\000b\000a\000r\000:\000\040\000A\000\040\000P\000r\000o\000o\000f\000\040\000E\000v\000e\000n\000\040\000a\000\040\000C\000o\000m\000p\000u\000t\000e\000r\000\040\000C\000a\000n\000\040\000L\000o\000v\000e}{chapter.7}% 362
\BOOKMARK [0][-]{chapter.8}{\376\377\000T\000h\000e\000\040\000A\000l\000g\000e\000b\000r\000a\000i\000c\000\040\000T\000h\000e\000o\000r\000y\000\040\000o\000f\000\040\000C\000h\000e\000m\000i\000s\000t\000r\000y}{part.1}% 363
\BOOKMARK [1][-]{section.8.1}{\376\377\000F\000i\000g\000u\000r\000e\000s}{chapter.8}% 364
\BOOKMARK [1][-]{section.8.2}{\376\377\000R\000e\000s\000e\000a\000r\000c\000h\000\040\000P\000a\000p\000e\000r}{chapter.8}% 365
\BOOKMARK [1][-]{section.8.3}{\376\377\0001\000.\000\040\000I\000n\000t\000r\000o\000d\000u\000c\000t\000i\000o\000n}{chapter.8}% 366
\BOOKMARK [1][-]{section.8.4}{\376\377\0001\000.\0001\000\040\000T\000h\000e\000\040\000A\000l\000g\000e\000b\000r\000a\000i\000c\000\040\000N\000a\000t\000u\000r\000e\000\040\000o\000f\000\040\000C\000h\000e\000m\000i\000s\000t\000r\000y}{chapter.8}% 367
\BOOKMARK [1][-]{section.8.5}{\376\377\0001\000.\0002\000\040\000H\000i\000s\000t\000o\000r\000i\000c\000a\000l\000\040\000C\000o\000n\000t\000e\000x\000t}{chapter.8}% 368
\BOOKMARK [1][-]{section.8.6}{\376\377\0001\000.\0003\000\040\000O\000v\000e\000r\000v\000i\000e\000w\000\040\000o\000f\000\040\000R\000e\000s\000u\000l\000t\000s}{chapter.8}% 369
\BOOKMARK [1][-]{section.8.7}{\376\377\0002\000.\000\040\000T\000h\000e\000\040\000C\000a\000t\000e\000g\000o\000r\000y\000\040\000C\000h\000e\000m\000C\000a\000t}{chapter.8}% 370
\BOOKMARK [1][-]{section.8.8}{\376\377\0002\000.\0001\000\040\000O\000b\000j\000e\000c\000t\000s}{chapter.8}% 371
\BOOKMARK [1][-]{section.8.9}{\376\377\0002\000.\0002\000\040\000M\000o\000r\000p\000h\000i\000s\000m\000s}{chapter.8}% 372
\BOOKMARK [1][-]{section.8.10}{\376\377\0002\000.\0003\000\040\000M\000o\000n\000o\000i\000d\000a\000l\000\040\000S\000t\000r\000u\000c\000t\000u\000r\000e}{chapter.8}% 373
\BOOKMARK [1][-]{section.8.11}{\376\377\0002\000.\0004\000\040\000A\000d\000d\000i\000t\000i\000o\000n\000a\000l\000\040\000S\000t\000r\000u\000c\000t\000u\000r\000e}{chapter.8}% 374
\BOOKMARK [1][-]{section.8.12}{\376\377\0003\000.\000\040\000C\000o\000n\000s\000e\000r\000v\000a\000t\000i\000o\000n\000\040\000L\000a\000w\000s\000\040\000a\000s\000\040\000N\000a\000t\000u\000r\000a\000l\000\040\000T\000r\000a\000n\000s\000f\000o\000r\000m\000a\000t\000i\000o\000n\000s}{chapter.8}% 375
\BOOKMARK [1][-]{section.8.13}{\376\377\0003\000.\0001\000\040\000T\000h\000e\000\040\000F\000u\000n\000d\000a\000m\000e\000n\000t\000a\000l\000\040\000T\000h\000e\000o\000r\000e\000m}{chapter.8}% 376
\BOOKMARK [1][-]{section.8.14}{\376\377\0003\000.\0002\000\040\000C\000l\000a\000s\000s\000i\000f\000i\000c\000a\000t\000i\000o\000n\000\040\000o\000f\000\040\000C\000o\000n\000s\000e\000r\000v\000a\000t\000i\000o\000n\000\040\000L\000a\000w\000s}{chapter.8}% 377
\BOOKMARK [1][-]{section.8.15}{\376\377\0003\000.\0003\000\040\000U\000n\000i\000v\000e\000r\000s\000a\000l\000\040\000C\000o\000n\000s\000e\000r\000v\000a\000t\000i\000o\000n\000\040\000L\000a\000w\000s}{chapter.8}% 378
\BOOKMARK [1][-]{section.8.16}{\376\377\0004\000.\000\040\000T\000h\000e\000\040\000S\000t\000o\000i\000c\000h\000i\000o\000m\000e\000t\000r\000i\000c\000\040\000A\000l\000g\000e\000b\000r\000a}{chapter.8}% 379
\BOOKMARK [1][-]{section.8.17}{\376\377\0004\000.\0001\000\040\000T\000h\000e\000\040\000S\000t\000o\000i\000c\000h\000i\000o\000m\000e\000t\000r\000i\000c\000\040\000M\000a\000t\000r\000i\000x}{chapter.8}% 380
\BOOKMARK [1][-]{section.8.18}{\376\377\0004\000.\0002\000\040\000T\000h\000e\000\040\000S\000t\000o\000i\000c\000h\000i\000o\000m\000e\000t\000r\000i\000c\000\040\000S\000u\000b\000s\000p\000a\000c\000e}{chapter.8}% 381
\BOOKMARK [1][-]{section.8.19}{\376\377\0004\000.\0003\000\040\000T\000h\000e\000\040\000R\000a\000n\000k\000-\000N\000u\000l\000l\000i\000t\000y\000\040\000T\000h\000e\000o\000r\000e\000m\000\040\000i\000n\000\040\000C\000h\000e\000m\000i\000s\000t\000r\000y}{chapter.8}% 382
\BOOKMARK [1][-]{section.8.20}{\376\377\0005\000.\000\040\000D\000e\000f\000i\000c\000i\000e\000n\000c\000y\000\040\000T\000h\000e\000o\000r\000y}{chapter.8}% 383
\BOOKMARK [1][-]{section.8.21}{\376\377\0005\000.\0001\000\040\000T\000h\000e\000\040\000D\000e\000f\000i\000c\000i\000e\000n\000c\000y\000\040\000o\000f\000\040\000a\000\040\000N\000e\000t\000w\000o\000r\000k}{chapter.8}% 384
\BOOKMARK [1][-]{section.8.22}{\376\377\0005\000.\0002\000\040\000T\000h\000e\000\040\000D\000e\000f\000i\000c\000i\000e\000n\000c\000y\000\040\000Z\000e\000r\000o\000\040\000T\000h\000e\000o\000r\000e\000m}{chapter.8}% 385
\BOOKMARK [1][-]{section.8.23}{\376\377\0005\000.\0003\000\040\000T\000h\000e\000\040\000D\000e\000f\000i\000c\000i\000e\000n\000c\000y\000\040\000O\000n\000e\000\040\000T\000h\000e\000o\000r\000e\000m}{chapter.8}% 386
\BOOKMARK [1][-]{section.8.24}{\376\377\0006\000.\000\040\000M\000o\000l\000e\000c\000u\000l\000a\000r\000\040\000S\000y\000m\000m\000e\000t\000r\000y\000\040\000a\000s\000\040\000A\000u\000t\000o\000m\000o\000r\000p\000h\000i\000s\000m\000\040\000G\000r\000o\000u\000p\000s}{chapter.8}% 387
\BOOKMARK [1][-]{section.8.25}{\376\377\0006\000.\0001\000\040\000S\000p\000a\000t\000i\000a\000l\000\040\000E\000n\000r\000i\000c\000h\000m\000e\000n\000t}{chapter.8}% 388
\BOOKMARK [1][-]{section.8.26}{\376\377\0006\000.\0002\000\040\000R\000e\000p\000r\000e\000s\000e\000n\000t\000a\000t\000i\000o\000n\000s\000\040\000a\000n\000d\000\040\000S\000p\000e\000c\000t\000r\000o\000s\000c\000o\000p\000y}{chapter.8}% 389
\BOOKMARK [1][-]{section.8.27}{\376\377\0006\000.\0003\000\040\000C\000h\000a\000r\000a\000c\000t\000e\000r\000\040\000T\000a\000b\000l\000e\000s\000\040\000a\000s\000\040\000C\000o\000m\000p\000l\000e\000t\000e\000\040\000I\000n\000v\000a\000r\000i\000a\000n\000t\000s}{chapter.8}% 390
\BOOKMARK [1][-]{section.8.28}{\376\377\0007\000.\000\040\000K\000i\000n\000e\000t\000i\000c\000s\000\040\000a\000s\000\040\000a\000\040\000F\000u\000n\000c\000t\000o\000r}{chapter.8}% 391
\BOOKMARK [1][-]{section.8.29}{\376\377\0007\000.\0001\000\040\000T\000h\000e\000\040\000K\000i\000n\000e\000t\000i\000c\000s\000\040\000F\000u\000n\000c\000t\000o\000r}{chapter.8}% 392
\BOOKMARK [1][-]{section.8.30}{\376\377\0007\000.\0002\000\040\000P\000o\000l\000y\000n\000o\000m\000i\000a\000l\000\040\000S\000t\000r\000u\000c\000t\000u\000r\000e}{chapter.8}% 393
\BOOKMARK [1][-]{section.8.31}{\376\377\0007\000.\0003\000\040\000D\000e\000t\000a\000i\000l\000e\000d\000\040\000B\000a\000l\000a\000n\000c\000e}{chapter.8}% 394
\BOOKMARK [1][-]{section.8.32}{\376\377\0008\000.\000\040\000T\000h\000e\000r\000m\000o\000d\000y\000n\000a\000m\000i\000c\000\040\000E\000q\000u\000i\000l\000i\000b\000r\000i\000u\000m}{chapter.8}% 395
\BOOKMARK [1][-]{section.8.33}{\376\377\0008\000.\0001\000\040\000E\000q\000u\000i\000l\000i\000b\000r\000i\000u\000m\000\040\000a\000s\000\040\000O\000p\000t\000i\000m\000i\000z\000a\000t\000i\000o\000n}{chapter.8}% 396
\BOOKMARK [1][-]{section.8.34}{\376\377\0008\000.\0002\000\040\000T\000h\000e\000\040\000G\000i\000b\000b\000s\000\040\000P\000h\000a\000s\000e\000\040\000R\000u\000l\000e}{chapter.8}% 397
\BOOKMARK [1][-]{section.8.35}{\376\377\0008\000.\0003\000\040\000E\000q\000u\000i\000l\000i\000b\000r\000i\000u\000m\000\040\000a\000s\000\040\000T\000e\000r\000m\000i\000n\000a\000l\000\040\000O\000b\000j\000e\000c\000t}{chapter.8}% 398
\BOOKMARK [1][-]{section.8.36}{\376\377\0009\000.\000\040\000C\000h\000e\000m\000i\000c\000a\000l\000\040\000B\000o\000n\000d\000i\000n\000g\000\040\000a\000s\000\040\000C\000a\000t\000e\000g\000o\000r\000i\000c\000a\000l\000\040\000C\000o\000l\000i\000m\000i\000t\000s}{chapter.8}% 399
\BOOKMARK [1][-]{section.8.37}{\376\377\0009\000.\0001\000\040\000L\000C\000A\000O\000\040\000a\000s\000\040\000a\000\040\000C\000o\000l\000i\000m\000i\000t\000\040\000C\000o\000n\000s\000t\000r\000u\000c\000t\000i\000o\000n}{chapter.8}% 400
\BOOKMARK [1][-]{section.8.38}{\376\377\0009\000.\0002\000\040\000R\000e\000s\000o\000n\000a\000n\000c\000e\000\040\000a\000s\000\040\000H\000o\000m\000o\000l\000o\000g\000y}{chapter.8}% 401
\BOOKMARK [1][-]{section.8.39}{\376\377\0001\0000\000.\000\040\000A\000p\000p\000l\000i\000c\000a\000t\000i\000o\000n\000s\000\040\000a\000n\000d\000\040\000P\000r\000e\000d\000i\000c\000t\000i\000o\000n\000s}{chapter.8}% 402
\BOOKMARK [1][-]{section.8.40}{\376\377\0001\0000\000.\0001\000\040\000C\000o\000m\000p\000u\000t\000a\000t\000i\000o\000n\000a\000l\000\040\000V\000e\000r\000i\000f\000i\000c\000a\000t\000i\000o\000n}{chapter.8}% 403
\BOOKMARK [1][-]{section.8.41}{\376\377\0001\0000\000.\0002\000\040\000N\000e\000w\000\040\000P\000r\000e\000d\000i\000c\000t\000i\000o\000n\000s}{chapter.8}% 404
\BOOKMARK [1][-]{section.8.42}{\376\377\0001\0001\000.\000\040\000R\000e\000l\000a\000t\000i\000o\000n\000s\000h\000i\000p\000\040\000t\000o\000\040\000P\000r\000i\000o\000r\000\040\000W\000o\000r\000k}{chapter.8}% 405
\BOOKMARK [1][-]{section.8.43}{\376\377\0001\0001\000.\0001\000\040\000C\000h\000e\000m\000i\000c\000a\000l\000\040\000R\000e\000a\000c\000t\000i\000o\000n\000\040\000N\000e\000t\000w\000o\000r\000k\000\040\000T\000h\000e\000o\000r\000y}{chapter.8}% 406
\BOOKMARK [1][-]{section.8.44}{\376\377\0001\0001\000.\0002\000\040\000A\000p\000p\000l\000i\000e\000d\000\040\000C\000a\000t\000e\000g\000o\000r\000y\000\040\000T\000h\000e\000o\000r\000y}{chapter.8}% 407
\BOOKMARK [1][-]{section.8.45}{\376\377\0001\0001\000.\0003\000\040\000M\000a\000t\000h\000e\000m\000a\000t\000i\000c\000a\000l\000\040\000C\000h\000e\000m\000i\000s\000t\000r\000y}{chapter.8}% 408
\BOOKMARK [1][-]{section.8.46}{\376\377\0001\0002\000.\000\040\000C\000o\000n\000c\000l\000u\000s\000i\000o\000n}{chapter.8}% 409
\BOOKMARK [1][-]{section.8.47}{\376\377\000R\000e\000f\000e\000r\000e\000n\000c\000e\000s}{chapter.8}% 410
\BOOKMARK [1][-]{section.8.48}{\376\377\000A\000p\000p\000e\000n\000d\000i\000x\000\040\000A\000:\000\040\000N\000o\000t\000a\000t\000i\000o\000n\000\040\000S\000u\000m\000m\000a\000r\000y}{chapter.8}% 411
\BOOKMARK [1][-]{section.8.49}{\376\377\000A\000p\000p\000e\000n\000d\000i\000x\000\040\000B\000:\000\040\000T\000h\000e\000\040\000F\000i\000v\000e\000\040\000A\000x\000i\000o\000m\000s}{chapter.8}% 412
\BOOKMARK [1][-]{section.8.50}{\376\377\000S\000c\000i\000e\000n\000t\000i\000f\000i\000c\000\040\000A\000m\000e\000r\000i\000c\000a\000n\000\040\000A\000r\000t\000i\000c\000l\000e}{chapter.8}% 413
\BOOKMARK [1][-]{section.8.51}{\376\377\000S\000c\000i\000e\000n\000t\000i\000s\000t\000s\000\040\000d\000i\000s\000c\000o\000v\000e\000r\000\040\000t\000h\000a\000t\000\040\000t\000h\000e\000\040\000l\000a\000w\000s\000\040\000g\000o\000v\000e\000r\000n\000i\000n\000g\000\040\000c\000h\000e\000m\000i\000c\000a\000l\000\040\000r\000e\000a\000c\000t\000i\000o\000n\000s\000,\000\040\000m\000o\000l\000e\000c\000u\000l\000a\000r\000\040\000s\000t\000r\000u\000c\000t\000u\000r\000e\000,\000\040\000a\000n\000d\000\040\000e\000v\000e\000n\000\040\000t\000h\000e\000\040\000p\000e\000r\000i\000o\000d\000i\000c\000\040\000t\000a\000b\000l\000e\000\040\000a\000r\000e\000\040\000a\000l\000l\000\040\000m\000a\000n\000i\000f\000e\000s\000t\000a\000t\000i\000o\000n\000s\000\040\000o\000f\000\040\000a\000\040\000s\000i\000n\000g\000l\000e\000\040\000m\000a\000t\000h\000e\000m\000a\000t\000i\000c\000a\000l\000\040\000f\000r\000a\000m\000e\000w\000o\000r\000k}{chapter.8}% 414
\BOOKMARK [1][-]{section.8.52}{\376\377\000T\000h\000e\000\040\000E\000q\000u\000a\000t\000i\000o\000n\000\040\000T\000h\000a\000t\000\040\000C\000h\000a\000n\000g\000e\000d\000\040\000E\000v\000e\000r\000y\000t\000h\000i\000n\000g}{chapter.8}% 415
\BOOKMARK [1][-]{section.8.53}{\376\377\000W\000h\000e\000n\000\040\000M\000o\000l\000e\000c\000u\000l\000e\000s\000\040\000L\000o\000o\000k\000\040\000i\000n\000\040\000t\000h\000e\000\040\000M\000i\000r\000r\000o\000r}{chapter.8}% 416
\BOOKMARK [1][-]{section.8.54}{\376\377\000O\000s\000c\000i\000l\000l\000a\000t\000i\000o\000n\000s\000,\000\040\000C\000h\000a\000o\000s\000,\000\040\000a\000n\000d\000\040\000t\000h\000e\000\040\000A\000l\000g\000e\000b\000r\000a\000\040\000o\000f\000\040\000T\000i\000m\000e}{chapter.8}% 417
\BOOKMARK [1][-]{section.8.55}{\376\377\000T\000h\000e\000\040\000P\000e\000r\000i\000o\000d\000i\000c\000\040\000T\000a\000b\000l\000e\000\040\000I\000s\000\040\000N\000o\000t\000\040\000a\000\040\000T\000a\000b\000l\000e}{chapter.8}% 418
\BOOKMARK [1][-]{section.8.56}{\376\377\000T\000h\000e\000\040\000G\000r\000a\000n\000d\000\040\000U\000n\000i\000f\000i\000c\000a\000t\000i\000o\000n}{chapter.8}% 419
\BOOKMARK [1][-]{section.8.57}{\376\377\000W\000h\000a\000t\000\040\000I\000t\000\040\000M\000e\000a\000n\000s}{chapter.8}% 420
\BOOKMARK [1][-]{section.8.58}{\376\377\000B\000o\000x\000:\000\040\000T\000h\000e\000\040\000F\000i\000v\000e\000\040\000A\000x\000i\000o\000m\000s\000\040\000o\000f\000\040\000A\000l\000g\000e\000b\000r\000a\000i\000c\000\040\000C\000h\000e\000m\000i\000s\000t\000r\000y}{chapter.8}% 421
\BOOKMARK [1][-]{section.8.59}{\376\377\000B\000o\000x\000:\000\040\000K\000e\000y\000\040\000N\000u\000m\000b\000e\000r\000s}{chapter.8}% 422
\BOOKMARK [1][-]{section.8.60}{\376\377\000B\000o\000x\000:\000\040\000G\000l\000o\000s\000s\000a\000r\000y}{chapter.8}% 423
\BOOKMARK [-1][-]{part.2}{\376\377\000I\000I\000\040\000A\000l\000g\000e\000b\000r\000a\000i\000c\000\040\000M\000e\000t\000a\000-\000T\000h\000e\000o\000r\000y}{}% 424
\BOOKMARK [0][-]{chapter.9}{\376\377\000A\000l\000g\000e\000b\000r\000a\000i\000c\000\040\000S\000p\000a\000c\000e\000\040\000T\000h\000e\000o\000r\000y}{part.2}% 425
\BOOKMARK [1][-]{section.9.1}{\376\377\000F\000i\000g\000u\000r\000e\000s}{chapter.9}% 426
\BOOKMARK [1][-]{section.9.2}{\376\377\000R\000e\000s\000e\000a\000r\000c\000h\000\040\000P\000a\000p\000e\000r}{chapter.9}% 427
\BOOKMARK [1][-]{section.9.3}{\376\377\000A\000b\000s\000t\000r\000a\000c\000t}{chapter.9}% 428
\BOOKMARK [1][-]{section.9.4}{\376\377\0001\000.\000\040\000I\000n\000t\000r\000o\000d\000u\000c\000t\000i\000o\000n}{chapter.9}% 429
\BOOKMARK [1][-]{section.9.5}{\376\377\0001\000.\0001\000\040\000T\000h\000e\000\040\000Q\000u\000e\000s\000t\000i\000o\000n}{chapter.9}% 430
\BOOKMARK [1][-]{section.9.6}{\376\377\0001\000.\0002\000\040\000T\000h\000e\000\040\000T\000h\000e\000s\000i\000s}{chapter.9}% 431
\BOOKMARK [1][-]{section.9.7}{\376\377\0001\000.\0003\000\040\000C\000o\000n\000t\000r\000i\000b\000u\000t\000i\000o\000n\000s}{chapter.9}% 432
\BOOKMARK [1][-]{section.9.8}{\376\377\0002\000.\000\040\000P\000i\000l\000l\000a\000r\000\040\000I\000:\000\040\000P\000o\000i\000n\000t\000s\000\040\000a\000s\000\040\000M\000a\000x\000i\000m\000a\000l\000\040\000I\000d\000e\000a\000l\000s}{chapter.9}% 433
\BOOKMARK [1][-]{section.9.9}{\376\377\0002\000.\0001\000\040\000T\000h\000e\000\040\000C\000o\000n\000s\000t\000r\000u\000c\000t\000i\000o\000n}{chapter.9}% 434
\BOOKMARK [1][-]{section.9.10}{\376\377\0002\000.\0002\000\040\000E\000x\000a\000m\000p\000l\000e\000s}{chapter.9}% 435
\BOOKMARK [1][-]{section.9.11}{\376\377\0002\000.\0003\000\040\000T\000h\000e\000\040\000G\000e\000l\000f\000a\000n\000d\000\040\000R\000e\000p\000r\000e\000s\000e\000n\000t\000a\000t\000i\000o\000n}{chapter.9}% 436
\BOOKMARK [1][-]{section.9.12}{\376\377\0003\000.\000\040\000P\000i\000l\000l\000a\000r\000\040\000I\000I\000:\000\040\000T\000o\000p\000o\000l\000o\000g\000y\000\040\000f\000r\000o\000m\000\040\000t\000h\000e\000\040\000I\000d\000e\000a\000l\000\040\000L\000a\000t\000t\000i\000c\000e}{chapter.9}% 437
\BOOKMARK [1][-]{section.9.13}{\376\377\0003\000.\0001\000\040\000T\000h\000e\000\040\000Z\000a\000r\000i\000s\000k\000i\000\040\000T\000o\000p\000o\000l\000o\000g\000y}{chapter.9}% 438
\BOOKMARK [1][-]{section.9.14}{\376\377\0003\000.\0002\000\040\000T\000h\000e\000\040\000G\000a\000l\000o\000i\000s\000\040\000C\000o\000n\000n\000e\000c\000t\000i\000o\000n}{chapter.9}% 439
\BOOKMARK [1][-]{section.9.15}{\376\377\0003\000.\0003\000\040\000F\000r\000a\000m\000e\000s\000\040\000a\000n\000d\000\040\000L\000o\000c\000a\000l\000e\000s}{chapter.9}% 440
\BOOKMARK [1][-]{section.9.16}{\376\377\0004\000.\000\040\000P\000i\000l\000l\000a\000r\000\040\000I\000I\000I\000:\000\040\000D\000i\000m\000e\000n\000s\000i\000o\000n\000\040\000f\000r\000o\000m\000\040\000P\000r\000i\000m\000e\000\040\000C\000h\000a\000i\000n\000s}{chapter.9}% 441
\BOOKMARK [1][-]{section.9.17}{\376\377\0004\000.\0001\000\040\000K\000r\000u\000l\000l\000\040\000D\000i\000m\000e\000n\000s\000i\000o\000n}{chapter.9}% 442
\BOOKMARK [1][-]{section.9.18}{\376\377\0004\000.\0002\000\040\000T\000h\000e\000\040\000D\000i\000m\000e\000n\000s\000i\000o\000n\000\040\000T\000h\000e\000o\000r\000e\000m}{chapter.9}% 443
\BOOKMARK [1][-]{section.9.19}{\376\377\0004\000.\0003\000\040\000A\000d\000d\000i\000t\000i\000v\000i\000t\000y\000\040\000U\000n\000d\000e\000r\000\040\000P\000r\000o\000d\000u\000c\000t\000s}{chapter.9}% 444
\BOOKMARK [1][-]{section.9.20}{\376\377\0005\000.\000\040\000P\000i\000l\000l\000a\000r\000\040\000I\000V\000:\000\040\000C\000o\000n\000t\000i\000n\000u\000i\000t\000y\000\040\000a\000s\000\040\000A\000l\000g\000e\000b\000r\000a\000\040\000H\000o\000m\000o\000m\000o\000r\000p\000h\000i\000s\000m}{chapter.9}% 445
\BOOKMARK [1][-]{section.9.21}{\376\377\0005\000.\0001\000\040\000T\000h\000e\000\040\000C\000o\000n\000t\000r\000a\000v\000a\000r\000i\000a\000n\000c\000e\000\040\000P\000r\000i\000n\000c\000i\000p\000l\000e}{chapter.9}% 446
\BOOKMARK [1][-]{section.9.22}{\376\377\0005\000.\0002\000\040\000D\000i\000c\000t\000i\000o\000n\000a\000r\000y\000\040\000o\000f\000\040\000M\000o\000r\000p\000h\000i\000s\000m\000\040\000T\000y\000p\000e\000s}{chapter.9}% 447
\BOOKMARK [1][-]{section.9.23}{\376\377\0005\000.\0003\000\040\000F\000u\000n\000c\000t\000o\000r\000i\000a\000l\000i\000t\000y\000\040\000o\000f\000\040\000S\000p\000e\000c}{chapter.9}% 448
\BOOKMARK [1][-]{section.9.24}{\376\377\0006\000.\000\040\000P\000i\000l\000l\000a\000r\000\040\000V\000:\000\040\000C\000u\000r\000v\000a\000t\000u\000r\000e\000\040\000f\000r\000o\000m\000\040\000D\000e\000r\000i\000v\000a\000t\000i\000o\000n\000s}{chapter.9}% 449
\BOOKMARK [1][-]{section.9.25}{\376\377\0006\000.\0001\000\040\000D\000e\000r\000i\000v\000a\000t\000i\000o\000n\000s\000\040\000a\000s\000\040\000V\000e\000c\000t\000o\000r\000\040\000F\000i\000e\000l\000d\000s}{chapter.9}% 450
\BOOKMARK [1][-]{section.9.26}{\376\377\0006\000.\0002\000\040\000C\000o\000n\000n\000e\000c\000t\000i\000o\000n\000s\000\040\000a\000n\000d\000\040\000C\000u\000r\000v\000a\000t\000u\000r\000e}{chapter.9}% 451
\BOOKMARK [1][-]{section.9.27}{\376\377\0006\000.\0003\000\040\000F\000l\000a\000t\000n\000e\000s\000s}{chapter.9}% 452
\BOOKMARK [1][-]{section.9.28}{\376\377\0007\000.\000\040\000T\000h\000e\000\040\000S\000e\000r\000r\000e\040\023\000S\000w\000a\000n\000\040\000T\000h\000e\000o\000r\000e\000m\000\040\000a\000n\000d\000\040\000V\000e\000c\000t\000o\000r\000\040\000B\000u\000n\000d\000l\000e\000s}{chapter.9}% 453
\BOOKMARK [1][-]{section.9.29}{\376\377\0008\000.\000\040\000E\000x\000t\000e\000n\000s\000i\000o\000n\000s\000:\000\040\000N\000o\000n\000c\000o\000m\000m\000u\000t\000a\000t\000i\000v\000e\000\040\000S\000p\000a\000c\000e\000s}{chapter.9}% 454
\BOOKMARK [1][-]{section.9.30}{\376\377\0008\000.\0001\000\040\000Q\000u\000a\000n\000t\000u\000m\000\040\000S\000p\000a\000c\000e\000s}{chapter.9}% 455
\BOOKMARK [1][-]{section.9.31}{\376\377\0008\000.\0002\000\040\000T\000h\000e\000\040\000S\000t\000a\000n\000d\000a\000r\000d\000\040\000M\000o\000d\000e\000l\000\040\000f\000r\000o\000m\000\040\000A\000l\000g\000e\000b\000r\000a}{chapter.9}% 456
\BOOKMARK [1][-]{section.9.32}{\376\377\0009\000.\000\040\000F\000o\000r\000m\000a\000l\000i\000z\000a\000t\000i\000o\000n\000\040\000i\000n\000\040\000L\000e\000a\000n\000\040\0004}{chapter.9}% 457
\BOOKMARK [1][-]{section.9.33}{\376\377\0001\0000\000.\000\040\000C\000o\000n\000c\000l\000u\000s\000i\000o\000n}{chapter.9}% 458
\BOOKMARK [1][-]{section.9.34}{\376\377\000R\000e\000f\000e\000r\000e\000n\000c\000e\000s}{chapter.9}% 459
\BOOKMARK [1][-]{section.9.35}{\376\377\000A\000p\000p\000e\000n\000d\000i\000x\000\040\000A\000:\000\040\000T\000h\000e\000\040\000C\000o\000m\000p\000l\000e\000t\000e\000\040\000S\000p\000a\000c\000e\040\023\000A\000l\000g\000e\000b\000r\000a\000\040\000D\000i\000c\000t\000i\000o\000n\000a\000r\000y}{chapter.9}% 460
\BOOKMARK [1][-]{section.9.36}{\376\377\000S\000c\000i\000e\000n\000t\000i\000f\000i\000c\000\040\000A\000m\000e\000r\000i\000c\000a\000n\000\040\000A\000r\000t\000i\000c\000l\000e}{chapter.9}% 461
\BOOKMARK [1][-]{section.9.37}{\376\377\000A\000\040\000r\000a\000d\000i\000c\000a\000l\000\040\000t\000h\000e\000o\000r\000y\000\040\000s\000a\000y\000s\000\040\000t\000h\000a\000t\000\040\000t\000h\000e\000\040\000f\000a\000b\000r\000i\000c\000\040\000o\000f\000\040\000t\000h\000e\000\040\000u\000n\000i\000v\000e\000r\000s\000e\000\040\000i\000s\000n\000'\000t\000\040\000g\000e\000o\000m\000e\000t\000r\000i\000c\000\040\000a\000t\000\040\000a\000l\000l\000.\000\040\000I\000t\000'\000s\000\040\000a\000l\000g\000e\000b\000r\000a\000i\000c\000.\000\040\000A\000n\000d\000\040\000m\000a\000t\000h\000e\000m\000a\000t\000i\000c\000i\000a\000n\000s\000\040\000c\000a\000n\000\040\000p\000r\000o\000v\000e\000\040\000i\000t\000.}{chapter.9}% 462
\BOOKMARK [1][-]{section.9.38}{\376\377\000T\000h\000e\000\040\000C\000l\000u\000e\000\040\000T\000h\000a\000t\000\040\000C\000h\000a\000n\000g\000e\000d\000\040\000E\000v\000e\000r\000y\000t\000h\000i\000n\000g}{chapter.9}% 463
\BOOKMARK [1][-]{section.9.39}{\376\377\000T\000h\000e\000\040\000F\000i\000v\000e\000\040\000P\000i\000l\000l\000a\000r\000s}{chapter.9}% 464
\BOOKMARK [1][-]{section.9.40}{\376\377\000P\000i\000l\000l\000a\000r\000\040\000I\000:\000\040\000P\000o\000i\000n\000t\000s\000\040\000A\000r\000e\000\040\000M\000a\000x\000i\000m\000a\000l\000\040\000I\000d\000e\000a\000l\000s}{chapter.9}% 465
\BOOKMARK [1][-]{section.9.41}{\376\377\000P\000i\000l\000l\000a\000r\000\040\000I\000I\000:\000\040\000T\000o\000p\000o\000l\000o\000g\000y\000\040\000I\000s\000\040\000t\000h\000e\000\040\000I\000d\000e\000a\000l\000\040\000L\000a\000t\000t\000i\000c\000e}{chapter.9}% 466
\BOOKMARK [1][-]{section.9.42}{\376\377\000P\000i\000l\000l\000a\000r\000\040\000I\000I\000I\000:\000\040\000D\000i\000m\000e\000n\000s\000i\000o\000n\000\040\000I\000s\000\040\000a\000\040\000C\000h\000a\000i\000n\000\040\000C\000o\000u\000n\000t}{chapter.9}% 467
\BOOKMARK [1][-]{section.9.43}{\376\377\000P\000i\000l\000l\000a\000r\000\040\000I\000V\000:\000\040\000C\000o\000n\000t\000i\000n\000u\000i\000t\000y\000\040\000M\000e\000a\000n\000s\000\040\000A\000r\000r\000o\000w\000s\000\040\000R\000e\000v\000e\000r\000s\000e}{chapter.9}% 468
\BOOKMARK [1][-]{section.9.44}{\376\377\000P\000i\000l\000l\000a\000r\000\040\000V\000:\000\040\000C\000u\000r\000v\000a\000t\000u\000r\000e\000\040\000I\000s\000\040\000N\000o\000n\000-\000c\000o\000m\000m\000u\000t\000a\000t\000i\000v\000i\000t\000y}{chapter.9}% 469
\BOOKMARK [1][-]{section.9.45}{\376\377\000S\000p\000a\000c\000e\000\040\000D\000i\000d\000n\000'\000t\000\040\000C\000o\000m\000e\000\040\000F\000i\000r\000s\000t}{chapter.9}% 470
\BOOKMARK [1][-]{section.9.46}{\376\377\000Q\000u\000a\000n\000t\000u\000m\000\040\000S\000p\000a\000c\000e}{chapter.9}% 471
\BOOKMARK [1][-]{section.9.47}{\376\377\000P\000r\000o\000v\000i\000n\000g\000\040\000I\000t\000\040\000w\000i\000t\000h\000\040\000C\000o\000m\000p\000u\000t\000e\000r\000s}{chapter.9}% 472
\BOOKMARK [1][-]{section.9.48}{\376\377\000W\000h\000a\000t\000\040\000I\000t\000\040\000M\000e\000a\000n\000s}{chapter.9}% 473
\BOOKMARK [1][-]{section.9.49}{\376\377\000F\000u\000r\000t\000h\000e\000r\000\040\000R\000e\000a\000d\000i\000n\000g}{chapter.9}% 474
\BOOKMARK [0][-]{chapter.10}{\376\377\000T\000h\000e\000\040\000A\000l\000g\000e\000b\000r\000a\000i\000c\000\040\000T\000h\000e\000o\000r\000y\000\040\000o\000f\000\040\000A\000l\000g\000e\000b\000r\000a}{part.2}% 475
\BOOKMARK [1][-]{section.10.1}{\376\377\000F\000i\000g\000u\000r\000e\000s}{chapter.10}% 476
\BOOKMARK [1][-]{section.10.2}{\376\377\000R\000e\000s\000e\000a\000r\000c\000h\000\040\000P\000a\000p\000e\000r}{chapter.10}% 477
\BOOKMARK [1][-]{section.10.3}{\376\377\000A\000b\000s\000t\000r\000a\000c\000t}{chapter.10}% 478
\BOOKMARK [1][-]{section.10.4}{\376\377\0001\000.\000\040\000I\000n\000t\000r\000o\000d\000u\000c\000t\000i\000o\000n}{chapter.10}% 479
\BOOKMARK [1][-]{section.10.5}{\376\377\0001\000.\0001\000\040\000H\000i\000s\000t\000o\000r\000i\000c\000a\000l\000\040\000C\000o\000n\000t\000e\000x\000t}{chapter.10}% 480
\BOOKMARK [1][-]{section.10.6}{\376\377\0001\000.\0002\000\040\000C\000o\000n\000t\000r\000i\000b\000u\000t\000i\000o\000n\000s}{chapter.10}% 481
\BOOKMARK [1][-]{section.10.7}{\376\377\0002\000.\000\040\000P\000r\000e\000l\000i\000m\000i\000n\000a\000r\000i\000e\000s}{chapter.10}% 482
\BOOKMARK [1][-]{section.10.8}{\376\377\0002\000.\0001\000\040\000A\000l\000g\000e\000b\000r\000a\000i\000c\000\040\000S\000i\000g\000n\000a\000t\000u\000r\000e\000s\000\040\000a\000n\000d\000\040\000T\000e\000r\000m\000s}{chapter.10}% 483
\BOOKMARK [1][-]{section.10.9}{\376\377\0002\000.\0002\000\040\000E\000q\000u\000a\000t\000i\000o\000n\000s\000\040\000a\000n\000d\000\040\000T\000h\000e\000o\000r\000i\000e\000s}{chapter.10}% 484
\BOOKMARK [1][-]{section.10.10}{\376\377\0002\000.\0003\000\040\000A\000l\000g\000e\000b\000r\000a\000s\000\040\000a\000n\000d\000\040\000V\000a\000r\000i\000e\000t\000i\000e\000s}{chapter.10}% 485
\BOOKMARK [1][-]{section.10.11}{\376\377\0003\000.\000\040\000T\000h\000e\000\040\000L\000a\000t\000t\000i\000c\000e\000\040\000o\000f\000\040\000E\000q\000u\000a\000t\000i\000o\000n\000a\000l\000\040\000T\000h\000e\000o\000r\000i\000e\000s}{chapter.10}% 486
\BOOKMARK [1][-]{section.10.12}{\376\377\0003\000.\0001\000\040\000L\000a\000t\000t\000i\000c\000e\000\040\000S\000t\000r\000u\000c\000t\000u\000r\000e}{chapter.10}% 487
\BOOKMARK [1][-]{section.10.13}{\376\377\0003\000.\0002\000\040\000T\000h\000e\000\040\000D\000u\000a\000l\000:\000\040\000V\000a\000r\000i\000e\000t\000y\000\040\000L\000a\000t\000t\000i\000c\000e}{chapter.10}% 488
\BOOKMARK [1][-]{section.10.14}{\376\377\0003\000.\0003\000\040\000T\000h\000e\000\040\000S\000e\000l\000f\000-\000R\000e\000f\000e\000r\000e\000n\000c\000e}{chapter.10}% 489
\BOOKMARK [1][-]{section.10.15}{\376\377\0004\000.\000\040\000L\000a\000w\000v\000e\000r\000e\000\040\000T\000h\000e\000o\000r\000i\000e\000s\000\040\000a\000n\000d\000\040\000M\000o\000n\000a\000d\000s}{chapter.10}% 490
\BOOKMARK [1][-]{section.10.16}{\376\377\0004\000.\0001\000\040\000L\000a\000w\000v\000e\000r\000e\000\040\000T\000h\000e\000o\000r\000i\000e\000s}{chapter.10}% 491
\BOOKMARK [1][-]{section.10.17}{\376\377\0004\000.\0002\000\040\000T\000h\000e\000\040\000M\000o\000n\000a\000d\000\040\000C\000o\000r\000r\000e\000s\000p\000o\000n\000d\000e\000n\000c\000e}{chapter.10}% 492
\BOOKMARK [1][-]{section.10.18}{\376\377\0004\000.\0003\000\040\000O\000p\000e\000r\000a\000t\000i\000o\000n\000s\000\040\000o\000n\000\040\000T\000h\000e\000o\000r\000i\000e\000s}{chapter.10}% 493
\BOOKMARK [1][-]{section.10.19}{\376\377\0005\000.\000\040\000T\000h\000e\000\040\000S\000e\000l\000f\000-\000R\000e\000f\000e\000r\000e\000n\000t\000i\000a\000l\000\040\000S\000t\000r\000u\000c\000t\000u\000r\000e}{chapter.10}% 494
\BOOKMARK [1][-]{section.10.20}{\376\377\0005\000.\0001\000\040\000T\000h\000r\000e\000e\000\040\000L\000e\000v\000e\000l\000s\000\040\000o\000f\000\040\000A\000l\000g\000e\000b\000r\000a}{chapter.10}% 495
\BOOKMARK [1][-]{section.10.21}{\376\377\0005\000.\0002\000\040\000T\000h\000e\000\040\000F\000i\000x\000e\000d\000\040\000P\000o\000i\000n\000t}{chapter.10}% 496
\BOOKMARK [1][-]{section.10.22}{\376\377\0005\000.\0003\000\040\000C\000o\000m\000p\000a\000r\000i\000s\000o\000n\000\040\000w\000i\000t\000h\000\040\000O\000t\000h\000e\000r\000\040\000S\000e\000l\000f\000-\000R\000e\000f\000e\000r\000e\000n\000t\000i\000a\000l\000\040\000S\000y\000s\000t\000e\000m\000s}{chapter.10}% 497
\BOOKMARK [1][-]{section.10.23}{\376\377\0006\000.\000\040\000F\000o\000r\000m\000a\000l\000\040\000V\000e\000r\000i\000f\000i\000c\000a\000t\000i\000o\000n}{chapter.10}% 498
\BOOKMARK [1][-]{section.10.24}{\376\377\0006\000.\0001\000\040\000E\000q\000u\000a\000t\000i\000o\000n\000a\000l\000\040\000T\000h\000e\000o\000r\000i\000e\000s\000\040\000a\000s\000\040\000a\000\040\000L\000a\000t\000t\000i\000c\000e}{chapter.10}% 499
\BOOKMARK [1][-]{section.10.25}{\376\377\0006\000.\0002\000\040\000F\000r\000e\000e\000\040\000A\000l\000g\000e\000b\000r\000a\000\040\000C\000o\000n\000s\000t\000r\000u\000c\000t\000i\000o\000n}{chapter.10}% 500
\BOOKMARK [1][-]{section.10.26}{\376\377\0006\000.\0003\000\040\000V\000a\000r\000i\000e\000t\000y\000\040\000C\000l\000o\000s\000u\000r\000e\000\040\000P\000r\000o\000p\000e\000r\000t\000i\000e\000s}{chapter.10}% 501
\BOOKMARK [1][-]{section.10.27}{\376\377\0007\000.\000\040\000C\000o\000m\000p\000u\000t\000a\000t\000i\000o\000n\000a\000l\000\040\000D\000e\000m\000o\000n\000s\000t\000r\000a\000t\000i\000o\000n\000s}{chapter.10}% 502
\BOOKMARK [1][-]{section.10.28}{\376\377\0008\000.\000\040\000C\000o\000n\000c\000l\000u\000s\000i\000o\000n}{chapter.10}% 503
\BOOKMARK [1][-]{section.10.29}{\376\377\000R\000e\000f\000e\000r\000e\000n\000c\000e\000s}{chapter.10}% 504
\BOOKMARK [1][-]{section.10.30}{\376\377\000S\000c\000i\000e\000n\000t\000i\000f\000i\000c\000\040\000A\000m\000e\000r\000i\000c\000a\000n\000\040\000A\000r\000t\000i\000c\000l\000e}{chapter.10}% 505
\BOOKMARK [1][-]{section.10.31}{\376\377\000*\000H\000o\000w\000\040\000a\000l\000g\000e\000b\000r\000a\000\040\000d\000i\000s\000c\000o\000v\000e\000r\000e\000d\000\040\000i\000t\000\040\000c\000o\000u\000l\000d\000\040\000t\000u\000r\000n\000\040\000i\000t\000s\000\040\000o\000w\000n\000\040\000t\000o\000o\000l\000s\000\040\000i\000n\000w\000a\000r\000d\000\040\040\024\000\040\000a\000n\000d\000\040\000f\000o\000u\000n\000d\000\040\000n\000o\000t\000\040\000p\000a\000r\000a\000d\000o\000x\000,\000\040\000b\000u\000t\000\040\000a\000\040\000b\000e\000a\000u\000t\000i\000f\000u\000l\000\040\000f\000i\000x\000e\000d\000\040\000p\000o\000i\000n\000t\000*}{chapter.10}% 506
\BOOKMARK [1][-]{section.10.32}{\376\377\000W\000h\000a\000t\000\040\000I\000s\000\040\000A\000l\000g\000e\000b\000r\000a\000,\000\040\000R\000e\000a\000l\000l\000y\000?}{chapter.10}% 507
\BOOKMARK [1][-]{section.10.33}{\376\377\000T\000h\000e\000\040\000L\000a\000t\000t\000i\000c\000e\000\040\000o\000f\000\040\000T\000h\000e\000o\000r\000i\000e\000s}{chapter.10}% 508
\BOOKMARK [1][-]{section.10.34}{\376\377\000T\000h\000e\000\040\000F\000r\000e\000e\000\040\000A\000l\000g\000e\000b\000r\000a\000\040\000M\000a\000c\000h\000i\000n\000e}{chapter.10}% 509
\BOOKMARK [1][-]{section.10.35}{\376\377\000M\000o\000n\000a\000d\000s\000:\000\040\000T\000h\000e\000\040\000A\000l\000g\000e\000b\000r\000a\000\040\000o\000f\000\040\000A\000l\000g\000e\000b\000r\000a\000s}{chapter.10}% 510
\BOOKMARK [1][-]{section.10.36}{\376\377\000T\000h\000e\000\040\000T\000e\000n\000s\000o\000r\000\040\000P\000r\000o\000d\000u\000c\000t\000\040\000o\000f\000\040\000T\000h\000e\000o\000r\000i\000e\000s}{chapter.10}% 511
\BOOKMARK [1][-]{section.10.37}{\376\377\000T\000h\000e\000\040\000F\000i\000x\000e\000d\000\040\000P\000o\000i\000n\000t}{chapter.10}% 512
\BOOKMARK [1][-]{section.10.38}{\376\377\000M\000a\000c\000h\000i\000n\000e\000-\000V\000e\000r\000i\000f\000i\000e\000d\000\040\000T\000r\000u\000t\000h}{chapter.10}% 513
\BOOKMARK [1][-]{section.10.39}{\376\377\000W\000h\000y\000\040\000I\000t\000\040\000M\000a\000t\000t\000e\000r\000s}{chapter.10}% 514
\BOOKMARK [1][-]{section.10.40}{\376\377\000T\000h\000e\000\040\000O\000r\000a\000c\000l\000e\000'\000s\000\040\000M\000e\000s\000s\000a\000g\000e}{chapter.10}% 515
\BOOKMARK [0][-]{chapter.11}{\376\377\000A\000l\000g\000e\000b\000r\000a\000i\000c\000\040\000R\000e\000a\000l\000i\000t\000y}{part.2}% 516
\BOOKMARK [1][-]{section.11.1}{\376\377\000F\000i\000g\000u\000r\000e\000s}{chapter.11}% 517
\BOOKMARK [1][-]{section.11.2}{\376\377\000R\000e\000s\000e\000a\000r\000c\000h\000\040\000P\000a\000p\000e\000r}{chapter.11}% 518
\BOOKMARK [0][-]{chapter.12}{\376\377\000D\000i\000v\000i\000s\000i\000o\000n\000\040\000A\000l\000g\000e\000b\000r\000a\000s\000\040\000a\000s\000\040\000t\000h\000e\000\040\000F\000o\000u\000n\000d\000a\000t\000i\000o\000n\000\040\000o\000f\000\040\000P\000h\000y\000s\000i\000c\000a\000l\000\040\000L\000a\000w}{part.2}% 519
\BOOKMARK [1][-]{section.12.1}{\376\377\0001\000.\000\040\000I\000n\000t\000r\000o\000d\000u\000c\000t\000i\000o\000n}{chapter.12}% 520
\BOOKMARK [1][-]{section.12.2}{\376\377\0002\000.\000\040\000M\000a\000t\000h\000e\000m\000a\000t\000i\000c\000a\000l\000\040\000F\000o\000u\000n\000d\000a\000t\000i\000o\000n\000s}{chapter.12}% 521
\BOOKMARK [1][-]{section.12.3}{\376\377\0002\000.\0001\000\040\000T\000h\000e\000\040\000C\000a\000y\000l\000e\000y\000-\000D\000i\000c\000k\000s\000o\000n\000\040\000C\000o\000n\000s\000t\000r\000u\000c\000t\000i\000o\000n}{chapter.12}% 522
\BOOKMARK [1][-]{section.12.4}{\376\377\0002\000.\0002\000\040\000H\000u\000r\000w\000i\000t\000z\000'\000s\000\040\000T\000h\000e\000o\000r\000e\000m}{chapter.12}% 523
\BOOKMARK [1][-]{section.12.5}{\376\377\0002\000.\0003\000\040\000T\000h\000e\000\040\000F\000r\000e\000u\000d\000e\000n\000t\000h\000a\000l\000-\000T\000i\000t\000s\000\040\000M\000a\000g\000i\000c\000\040\000S\000q\000u\000a\000r\000e}{chapter.12}% 524
\BOOKMARK [1][-]{section.12.6}{\376\377\0003\000.\000\040\000T\000h\000e\000\040\000F\000i\000v\000e\000\040\000A\000x\000i\000o\000m\000s}{chapter.12}% 525
\BOOKMARK [1][-]{section.12.7}{\376\377\0004\000.\000\040\000P\000h\000y\000s\000i\000c\000a\000l\000\040\000C\000o\000r\000r\000e\000s\000p\000o\000n\000d\000e\000n\000c\000e\000s}{chapter.12}% 526
\BOOKMARK [1][-]{section.12.8}{\376\377\0004\000.\0001\000\040\000L\000a\000y\000e\000r\000\040\0001\000:\000\040\000R\000\040\000a\000n\000d\000\040\000C\000l\000a\000s\000s\000i\000c\000a\000l\000\040\000M\000e\000c\000h\000a\000n\000i\000c\000s}{chapter.12}% 527
\BOOKMARK [1][-]{section.12.9}{\376\377\0004\000.\0002\000\040\000L\000a\000y\000e\000r\000\040\0002\000:\000\040\000C\000\040\000a\000n\000d\000\040\000Q\000u\000a\000n\000t\000u\000m\000\040\000M\000e\000c\000h\000a\000n\000i\000c\000s}{chapter.12}% 528
\BOOKMARK [1][-]{section.12.10}{\376\377\0004\000.\0003\000\040\000L\000a\000y\000e\000r\000\040\0003\000:\000\040\000H\000\040\000a\000n\000d\000\040\000G\000a\000u\000g\000e\000\040\000T\000h\000e\000o\000r\000y}{chapter.12}% 529
\BOOKMARK [1][-]{section.12.11}{\376\377\0004\000.\0004\000\040\000L\000a\000y\000e\000r\000\040\0004\000:\000\040\000O\000\040\000a\000n\000d\000\040\000G\000r\000a\000v\000i\000t\000y}{chapter.12}% 530
\BOOKMARK [1][-]{section.12.12}{\376\377\0004\000.\0005\000\040\000T\000h\000e\000\040\000B\000o\000u\000n\000d\000a\000r\000y\000:\000\040\000S\000e\000d\000e\000n\000i\000o\000n\000s\000\040\000a\000n\000d\000\040\000t\000h\000e\000\040\000F\000i\000f\000t\000h\000\040\000F\000o\000r\000c\000e}{chapter.12}% 531
\BOOKMARK [1][-]{section.12.13}{\376\377\0005\000.\000\040\000F\000o\000r\000m\000a\000l\000\040\000V\000e\000r\000i\000f\000i\000c\000a\000t\000i\000o\000n}{chapter.12}% 532
\BOOKMARK [1][-]{section.12.14}{\376\377\0005\000.\0001\000\040\000V\000e\000r\000i\000f\000i\000e\000d\000\040\000R\000e\000s\000u\000l\000t\000s}{chapter.12}% 533
\BOOKMARK [1][-]{section.12.15}{\376\377\0005\000.\0002\000\040\000A\000x\000i\000o\000m\000\040\000D\000e\000p\000e\000n\000d\000e\000n\000c\000i\000e\000s}{chapter.12}% 534
\BOOKMARK [1][-]{section.12.16}{\376\377\0006\000.\000\040\000P\000r\000e\000d\000i\000c\000t\000i\000o\000n\000s\000\040\000a\000n\000d\000\040\000E\000x\000p\000e\000r\000i\000m\000e\000n\000t\000a\000l\000\040\000T\000e\000s\000t\000s}{chapter.12}% 535
\BOOKMARK [1][-]{section.12.17}{\376\377\0006\000.\0001\000\040\000N\000o\000\040\000F\000i\000f\000t\000h\000\040\000F\000o\000r\000c\000e\000\040\000\050\000S\000t\000r\000o\000n\000g\000\040\000P\000r\000e\000d\000i\000c\000t\000i\000o\000n\000\051}{chapter.12}% 536
\BOOKMARK [1][-]{section.12.18}{\376\377\0006\000.\0002\000\040\000E\000x\000a\000c\000t\000l\000y\000\040\000T\000h\000r\000e\000e\000\040\000F\000e\000r\000m\000i\000o\000n\000\040\000G\000e\000n\000e\000r\000a\000t\000i\000o\000n\000s\000\040\000\050\000S\000t\000r\000o\000n\000g\000\040\000P\000r\000e\000d\000i\000c\000t\000i\000o\000n\000\051}{chapter.12}% 537
\BOOKMARK [1][-]{section.12.19}{\376\377\0006\000.\0003\000\040\000P\000r\000o\000t\000o\000n\000\040\000S\000t\000a\000b\000i\000l\000i\000t\000y\000\040\000\050\000M\000o\000d\000e\000r\000a\000t\000e\000\040\000P\000r\000e\000d\000i\000c\000t\000i\000o\000n\000\051}{chapter.12}% 538
\BOOKMARK [1][-]{section.12.20}{\376\377\0006\000.\0004\000\040\000D\000a\000r\000k\000\040\000M\000a\000t\000t\000e\000r\000\040\000a\000s\000\040\000H\000i\000d\000d\000e\000n\000\040\000O\000c\000t\000o\000n\000i\000o\000n\000i\000c\000\040\000D\000i\000r\000e\000c\000t\000i\000o\000n\000\040\000\050\000S\000p\000e\000c\000u\000l\000a\000t\000i\000v\000e\000\051}{chapter.12}% 539
\BOOKMARK [1][-]{section.12.21}{\376\377\0006\000.\0005\000\040\000T\000h\000e\000\040\000C\000o\000s\000m\000o\000l\000o\000g\000i\000c\000a\000l\000\040\000C\000o\000n\000s\000t\000a\000n\000t}{chapter.12}% 540
\BOOKMARK [1][-]{section.12.22}{\376\377\0007\000.\000\040\000R\000e\000l\000a\000t\000i\000o\000n\000\040\000t\000o\000\040\000E\000x\000i\000s\000t\000i\000n\000g\000\040\000W\000o\000r\000k}{chapter.12}% 541
\BOOKMARK [1][-]{section.12.23}{\376\377\0008\000.\000\040\000C\000o\000n\000c\000l\000u\000s\000i\000o\000n}{chapter.12}% 542
\BOOKMARK [1][-]{section.12.24}{\376\377\000R\000e\000f\000e\000r\000e\000n\000c\000e\000s}{chapter.12}% 543
\BOOKMARK [1][-]{section.12.25}{\376\377\000S\000c\000i\000e\000n\000t\000i\000f\000i\000c\000\040\000A\000m\000e\000r\000i\000c\000a\000n\000\040\000A\000r\000t\000i\000c\000l\000e}{chapter.12}% 544
\BOOKMARK [1][-]{section.12.26}{\376\377\000A\000n\000\040\000a\000n\000c\000i\000e\000n\000t\000\040\000m\000a\000t\000h\000e\000m\000a\000t\000i\000c\000a\000l\000\040\000t\000h\000e\000o\000r\000e\000m\000\040\000m\000a\000y\000\040\000h\000o\000l\000d\000\040\000t\000h\000e\000\040\000k\000e\000y\000\040\000t\000o\000\040\000w\000h\000y\000\040\000p\000h\000y\000s\000i\000c\000s\000\040\000h\000a\000s\000\040\000e\000x\000a\000c\000t\000l\000y\000\040\000f\000o\000u\000r\000\040\000f\000u\000n\000d\000a\000m\000e\000n\000t\000a\000l\000\040\000f\000o\000r\000c\000e\000s\000\040\040\024\000\040\000a\000n\000d\000\040\000w\000h\000y\000\040\000t\000h\000e\000r\000e\000\040\000c\000a\000n\000\040\000n\000e\000v\000e\000r\000\040\000b\000e\000\040\000a\000\040\000f\000i\000f\000t\000h\000.}{chapter.12}% 545
\BOOKMARK [1][-]{section.12.27}{\376\377\000T\000h\000e\000\040\000P\000r\000i\000c\000e\000\040\000o\000f\000\040\000P\000o\000w\000e\000r}{chapter.12}% 546
\BOOKMARK [1][-]{section.12.28}{\376\377\000F\000o\000u\000r\000\040\000L\000a\000y\000e\000r\000s\000\040\000o\000f\000\040\000P\000h\000y\000s\000i\000c\000s}{chapter.12}% 547
\BOOKMARK [1][-]{section.12.29}{\376\377\000T\000h\000e\000\040\000M\000a\000g\000i\000c\000\040\000S\000q\000u\000a\000r\000e}{chapter.12}% 548
\BOOKMARK [1][-]{section.12.30}{\376\377\000T\000h\000e\000\040\000W\000a\000l\000l\000\040\000a\000t\000\040\000t\000h\000e\000\040\000E\000d\000g\000e\000\040\000o\000f\000\040\000R\000e\000a\000l\000i\000t\000y}{chapter.12}% 549
\BOOKMARK [1][-]{section.12.31}{\376\377\000F\000o\000r\000m\000a\000l\000\040\000P\000r\000o\000o\000f}{chapter.12}% 550
\BOOKMARK [1][-]{section.12.32}{\376\377\000T\000h\000e\000\040\000E\000q\000u\000a\000t\000i\000o\000n\000\040\000o\000f\000\040\000E\000v\000e\000r\000y\000t\000h\000i\000n\000g}{chapter.12}% 551
\BOOKMARK [1][-]{section.12.33}{\376\377\000S\000i\000d\000e\000b\000a\000r\000:\000\040\000T\000h\000e\000\040\000D\000i\000v\000i\000s\000i\000o\000n\000\040\000A\000l\000g\000e\000b\000r\000a\000\040\000C\000h\000e\000a\000t\000\040\000S\000h\000e\000e\000t}{chapter.12}% 552
\BOOKMARK [1][-]{section.12.34}{\376\377\000S\000i\000d\000e\000b\000a\000r\000:\000\040\000N\000u\000m\000b\000e\000r\000s\000\040\000T\000h\000a\000t\000\040\000C\000h\000a\000n\000g\000e\000d\000\040\000P\000h\000y\000s\000i\000c\000s}{chapter.12}% 553
\BOOKMARK [1][-]{section.12.35}{\376\377\000S\000i\000d\000e\000b\000a\000r\000:\000\040\000H\000o\000w\000\040\000t\000o\000\040\000P\000r\000o\000v\000e\000\040\000T\000h\000e\000r\000e\000\040\000A\000r\000e\000\040\000E\000x\000a\000c\000t\000l\000y\000\040\000F\000o\000u\000r}{chapter.12}% 554
\BOOKMARK [-1][-]{part.3}{\376\377\000I\000I\000I\000\040\000T\000h\000e\000o\000r\000y\000\040\000o\000f\000\040\000E\000v\000e\000r\000y\000t\000h\000i\000n\000g\000\040\000\046\000\040\000C\000o\000n\000v\000e\000r\000g\000e\000n\000c\000e\000s}{}% 555
\BOOKMARK [0][-]{chapter.13}{\376\377\000T\000h\000e\000o\000r\000y\000\040\000o\000f\000\040\000E\000v\000e\000r\000y\000t\000h\000i\000n\000g}{part.3}% 556
\BOOKMARK [1][-]{section.13.1}{\376\377\000F\000i\000g\000u\000r\000e\000s}{chapter.13}% 557
\BOOKMARK [1][-]{section.13.2}{\376\377\000R\000e\000s\000e\000a\000r\000c\000h\000\040\000P\000a\000p\000e\000r}{chapter.13}% 558
\BOOKMARK [1][-]{section.13.3}{\376\377\000A\000b\000s\000t\000r\000a\000c\000t}{chapter.13}% 559
\BOOKMARK [1][-]{section.13.4}{\376\377\0001\000.\000\040\000I\000n\000t\000r\000o\000d\000u\000c\000t\000i\000o\000n}{chapter.13}% 560
\BOOKMARK [1][-]{section.13.5}{\376\377\0001\000.\0001\000\040\000T\000h\000e\000\040\000U\000n\000r\000e\000a\000s\000o\000n\000a\000b\000l\000e\000\040\000E\000f\000f\000e\000c\000t\000i\000v\000e\000n\000e\000s\000s\000\040\000o\000f\000\040\000A\000l\000g\000e\000b\000r\000a}{chapter.13}% 561
\BOOKMARK [1][-]{section.13.6}{\376\377\0001\000.\0002\000\040\000T\000h\000e\000\040\000D\000i\000v\000i\000s\000i\000o\000n\000\040\000A\000l\000g\000e\000b\000r\000a\000\040\000H\000y\000p\000o\000t\000h\000e\000s\000i\000s}{chapter.13}% 562
\BOOKMARK [1][-]{section.13.7}{\376\377\0001\000.\0003\000\040\000O\000u\000r\000\040\000C\000e\000n\000t\000r\000a\000l\000\040\000C\000l\000a\000i\000m}{chapter.13}% 563
\BOOKMARK [1][-]{section.13.8}{\376\377\0002\000.\000\040\000T\000h\000e\000\040\000F\000r\000e\000u\000d\000e\000n\000t\000h\000a\000l\000-\000T\000i\000t\000s\000\040\000M\000a\000g\000i\000c\000\040\000S\000q\000u\000a\000r\000e}{chapter.13}% 564
\BOOKMARK [1][-]{section.13.9}{\376\377\0002\000.\0001\000\040\000C\000o\000n\000s\000t\000r\000u\000c\000t\000i\000o\000n}{chapter.13}% 565
\BOOKMARK [1][-]{section.13.10}{\376\377\0002\000.\0002\000\040\000T\000h\000e\000\040\000C\000o\000m\000p\000l\000e\000t\000e\000\040\000T\000a\000b\000l\000e}{chapter.13}% 566
\BOOKMARK [1][-]{section.13.11}{\376\377\0002\000.\0003\000\040\000K\000e\000y\000\040\000P\000r\000o\000p\000e\000r\000t\000i\000e\000s}{chapter.13}% 567
\BOOKMARK [1][-]{section.13.12}{\376\377\0003\000.\000\040\000P\000h\000y\000s\000i\000c\000a\000l\000\040\000I\000n\000t\000e\000r\000p\000r\000e\000t\000a\000t\000i\000o\000n}{chapter.13}% 568
\BOOKMARK [1][-]{section.13.13}{\376\377\0003\000.\0001\000\040\000G\000a\000u\000g\000e\000\040\000G\000r\000o\000u\000p\000s\000\040\000f\000r\000o\000m\000\040\000t\000h\000e\000\040\000M\000a\000g\000i\000c\000\040\000S\000q\000u\000a\000r\000e}{chapter.13}% 569
\BOOKMARK [1][-]{section.13.14}{\376\377\0003\000.\0002\000\040\000T\000h\000e\000\040\000E\000x\000c\000e\000p\000t\000i\000o\000n\000a\000l\000\040\000J\000o\000r\000d\000a\000n\000\040\000A\000l\000g\000e\000b\000r\000a\000\040\000a\000n\000d\000\040\000t\000h\000e\000\040\000P\000a\000r\000t\000i\000c\000l\000e\000\040\000S\000p\000e\000c\000t\000r\000u\000m}{chapter.13}% 570
\BOOKMARK [1][-]{section.13.15}{\376\377\0003\000.\0003\000\040\000C\000r\000i\000t\000i\000c\000a\000l\000\040\000D\000i\000m\000e\000n\000s\000i\000o\000n\000s}{chapter.13}% 571
\BOOKMARK [1][-]{section.13.16}{\376\377\0004\000.\000\040\000T\000h\000e\000\040\000O\000c\000t\000o\000n\000i\000o\000n\000i\000c\000\040\000C\000o\000l\000u\000m\000n\000:\000\040\000A\000\040\000D\000e\000e\000p\000\040\000D\000i\000v\000e}{chapter.13}% 572
\BOOKMARK [1][-]{section.13.17}{\376\377\0004\000.\0001\000\040\000G\0002\000:\000\040\000T\000h\000e\000\040\000G\000u\000a\000r\000d\000i\000a\000n\000\040\000o\000f\000\040\000t\000h\000e\000\040\000O\000c\000t\000o\000n\000i\000o\000n\000s}{chapter.13}% 573
\BOOKMARK [1][-]{section.13.18}{\376\377\0004\000.\0002\000\040\000F\0004\000:\000\040\000T\000h\000e\000\040\000A\000l\000g\000e\000b\000r\000a\000\040\000o\000f\000\040\000Q\000u\000a\000n\000t\000u\000m\000\040\000O\000b\000s\000e\000r\000v\000a\000b\000l\000e\000s}{chapter.13}% 574
\BOOKMARK [1][-]{section.13.19}{\376\377\0004\000.\0003\000\040\000E\0006\000:\000\040\000T\000h\000e\000\040\000G\000r\000a\000n\000d\000\040\000U\000n\000i\000f\000i\000e\000d\000\040\000T\000h\000e\000o\000r\000y}{chapter.13}% 575
\BOOKMARK [1][-]{section.13.20}{\376\377\0004\000.\0004\000\040\000E\0007\000:\000\040\000B\000l\000a\000c\000k\000\040\000H\000o\000l\000e\000s\000\040\000a\000n\000d\000\040\000C\000h\000a\000r\000g\000e\000\040\000S\000p\000a\000c\000e}{chapter.13}% 576
\BOOKMARK [1][-]{section.13.21}{\376\377\0004\000.\0005\000\040\000E\0008\000:\000\040\000T\000h\000e\000\040\000T\000h\000e\000o\000r\000y\000\040\000o\000f\000\040\000E\000v\000e\000r\000y\000t\000h\000i\000n\000g}{chapter.13}% 577
\BOOKMARK [1][-]{section.13.22}{\376\377\0005\000.\000\040\000T\000h\000e\000\040\000T\000r\000i\000a\000l\000i\000t\000y\000\040\000o\000f\000\040\000S\000O\000\050\0008\000\051\000\040\000a\000n\000d\000\040\000T\000h\000r\000e\000e\000\040\000G\000e\000n\000e\000r\000a\000t\000i\000o\000n\000s}{chapter.13}% 578
\BOOKMARK [1][-]{section.13.23}{\376\377\0005\000.\0001\000\040\000T\000h\000e\000\040\000T\000r\000i\000a\000l\000i\000t\000y\000\040\000P\000h\000e\000n\000o\000m\000e\000n\000o\000n}{chapter.13}% 579
\BOOKMARK [1][-]{section.13.24}{\376\377\0005\000.\0002\000\040\000C\000o\000n\000n\000e\000c\000t\000i\000o\000n\000\040\000t\000o\000\040\000T\000h\000r\000e\000e\000\040\000G\000e\000n\000e\000r\000a\000t\000i\000o\000n\000s}{chapter.13}% 580
\BOOKMARK [1][-]{section.13.25}{\376\377\0006\000.\000\040\000T\000h\000e\000\040\000M\000a\000s\000t\000e\000r\000\040\000E\000q\000u\000a\000t\000i\000o\000n}{chapter.13}% 581
\BOOKMARK [1][-]{section.13.26}{\376\377\0006\000.\0001\000\040\000E\000v\000e\000r\000y\000t\000h\000i\000n\000g\000\040\000f\000r\000o\000m\000\040\000O\000n\000e\000\040\000F\000o\000r\000m\000u\000l\000a}{chapter.13}% 582
\BOOKMARK [1][-]{section.13.27}{\376\377\0006\000.\0002\000\040\000W\000h\000a\000t\000\040\000t\000h\000e\000\040\000M\000a\000s\000t\000e\000r\000\040\000E\000q\000u\000a\000t\000i\000o\000n\000\040\000D\000o\000e\000s\000\040\000N\000o\000t\000\040\000E\000x\000p\000l\000a\000i\000n}{chapter.13}% 583
\BOOKMARK [1][-]{section.13.28}{\376\377\0007\000.\000\040\000C\000o\000n\000n\000e\000c\000t\000i\000o\000n\000s\000\040\000t\000o\000\040\000t\000h\000e\000\040\000O\000r\000a\000c\000l\000e\000\040\000U\000n\000i\000f\000i\000e\000d\000\040\000T\000h\000e\000o\000r\000y}{chapter.13}% 584
\BOOKMARK [1][-]{section.13.29}{\376\377\0007\000.\0001\000\040\000I\000d\000e\000m\000p\000o\000t\000e\000n\000c\000y\000\040\000a\000n\000d\000\040\000S\000y\000m\000m\000e\000t\000r\000y\000\040\000B\000r\000e\000a\000k\000i\000n\000g}{chapter.13}% 585
\BOOKMARK [1][-]{section.13.30}{\376\377\0007\000.\0002\000\040\000T\000h\000e\000\040\000S\000p\000e\000c\000t\000r\000a\000l\000\040\000T\000h\000e\000o\000r\000e\000m\000\040\000f\000o\000r\000\040\000P\000r\000o\000j\000e\000c\000t\000i\000o\000n\000s}{chapter.13}% 586
\BOOKMARK [1][-]{section.13.31}{\376\377\0007\000.\0003\000\040\000S\000e\000l\000f\000-\000R\000e\000f\000e\000r\000e\000n\000c\000e\000\040\000a\000n\000d\000\040\000t\000h\000e\000\040\000O\000c\000t\000o\000n\000i\000o\000n\000s}{chapter.13}% 587
\BOOKMARK [1][-]{section.13.32}{\376\377\0008\000.\000\040\000N\000u\000m\000e\000r\000i\000c\000a\000l\000\040\000P\000r\000e\000d\000i\000c\000t\000i\000o\000n\000s\000\040\000a\000n\000d\000\040\000V\000a\000l\000i\000d\000a\000t\000i\000o\000n\000s}{chapter.13}% 588
\BOOKMARK [1][-]{section.13.33}{\376\377\0008\000.\0001\000\040\000V\000e\000r\000i\000f\000i\000e\000d\000\040\000P\000r\000e\000d\000i\000c\000t\000i\000o\000n\000s}{chapter.13}% 589
\BOOKMARK [1][-]{section.13.34}{\376\377\0008\000.\0002\000\040\000O\000p\000e\000n\000\040\000P\000r\000e\000d\000i\000c\000t\000i\000o\000n\000s}{chapter.13}% 590
\BOOKMARK [1][-]{section.13.35}{\376\377\0009\000.\000\040\000C\000o\000n\000c\000l\000u\000s\000i\000o\000n}{chapter.13}% 591
\BOOKMARK [1][-]{section.13.36}{\376\377\000R\000e\000f\000e\000r\000e\000n\000c\000e\000s}{chapter.13}% 592
\BOOKMARK [1][-]{section.13.37}{\376\377\000A\000p\000p\000e\000n\000d\000i\000x\000\040\000A\000:\000\040\000D\000i\000m\000e\000n\000s\000i\000o\000n\000\040\000V\000e\000r\000i\000f\000i\000c\000a\000t\000i\000o\000n}{chapter.13}% 593
\BOOKMARK [1][-]{section.13.38}{\376\377\000A\000p\000p\000e\000n\000d\000i\000x\000\040\000B\000:\000\040\000T\000h\000e\000\040\000E\0008\000\040\000R\000o\000o\000t\000\040\000S\000y\000s\000t\000e\000m}{chapter.13}% 594
\BOOKMARK [1][-]{section.13.39}{\376\377\000S\000c\000i\000e\000n\000t\000i\000f\000i\000c\000\040\000A\000m\000e\000r\000i\000c\000a\000n\000\040\000A\000r\000t\000i\000c\000l\000e}{chapter.13}% 595
\BOOKMARK [1][-]{section.13.40}{\376\377\000H\000o\000w\000\040\000f\000o\000u\000r\000\040\000n\000u\000m\000b\000e\000r\000\040\000s\000y\000s\000t\000e\000m\000s\000\040\040\024\000\040\000t\000h\000e\000\040\000l\000a\000s\000t\000\040\000o\000n\000e\000\040\000b\000a\000r\000e\000l\000y\000\040\000k\000n\000o\000w\000n\000\040\000o\000u\000t\000s\000i\000d\000e\000\040\000m\000a\000t\000h\000e\000m\000a\000t\000i\000c\000s\000\040\040\024\000\040\000m\000a\000y\000\040\000h\000o\000l\000d\000\040\000t\000h\000e\000\040\000k\000e\000y\000\040\000t\000o\000\040\000t\000h\000e\000\040\000T\000h\000e\000o\000r\000y\000\040\000o\000f\000\040\000E\000v\000e\000r\000y\000t\000h\000i\000n\000g}{chapter.13}% 596
\BOOKMARK [1][-]{section.13.41}{\376\377\000T\000h\000e\000\040\000F\000o\000u\000r\000\040\000a\000n\000d\000\040\000O\000n\000l\000y\000\040\000F\000o\000u\000r}{chapter.13}% 597
\BOOKMARK [1][-]{section.13.42}{\376\377\000T\000h\000e\000\040\000L\000a\000d\000d\000e\000r\000\040\000o\000f\000\040\000L\000o\000s\000t\000\040\000I\000n\000n\000o\000c\000e\000n\000c\000e}{chapter.13}% 598
\BOOKMARK [1][-]{section.13.43}{\376\377\000T\000h\000e\000\040\000M\000a\000g\000i\000c\000\040\000S\000q\000u\000a\000r\000e}{chapter.13}% 599
\BOOKMARK [1][-]{section.13.44}{\376\377\000T\000h\000e\000\040\0002\0007\000\040\000D\000i\000m\000e\000n\000s\000i\000o\000n\000s\000\040\000o\000f\000\040\000a\000\040\000P\000a\000r\000t\000i\000c\000l\000e}{chapter.13}% 600
\BOOKMARK [1][-]{section.13.45}{\376\377\000W\000h\000y\000\040\000T\000e\000n\000\040\000D\000i\000m\000e\000n\000s\000i\000o\000n\000s\000?}{chapter.13}% 601
\BOOKMARK [1][-]{section.13.46}{\376\377\000T\000h\000e\000\040\000T\000h\000e\000o\000r\000y\000\040\000o\000f\000\040\000E\000v\000e\000r\000y\000t\000h\000i\000n\000g\000\040\000i\000n\000\040\000O\000n\000e\000\040\000S\000e\000n\000t\000e\000n\000c\000e}{chapter.13}% 602
\BOOKMARK [1][-]{section.13.47}{\376\377\000W\000h\000a\000t\000\040\000W\000o\000u\000l\000d\000\040\000I\000t\000\040\000M\000e\000a\000n\000?}{chapter.13}% 603
\BOOKMARK [0][-]{chapter.14}{\376\377\000C\000o\000n\000v\000e\000r\000g\000e\000n\000c\000e\000s}{part.3}% 604
\BOOKMARK [1][-]{section.14.1}{\376\377\000F\000i\000g\000u\000r\000e\000s}{chapter.14}% 605
\BOOKMARK [1][-]{section.14.2}{\376\377\000R\000e\000s\000e\000a\000r\000c\000h\000\040\000P\000a\000p\000e\000r}{chapter.14}% 606
\BOOKMARK [1][-]{section.14.3}{\376\377\000A\000\040\000C\000r\000o\000s\000s\000-\000D\000o\000m\000a\000i\000n\000\040\000A\000n\000a\000l\000y\000s\000i\000s\000\040\000o\000f\000\040\0007\000,\0003\0005\0005\000\040\000M\000a\000c\000h\000i\000n\000e\000-\000V\000e\000r\000i\000f\000i\000e\000d\000\040\000T\000h\000e\000o\000r\000e\000m\000s}{chapter.14}% 607
\BOOKMARK [1][-]{section.14.4}{\376\377\0001\000.\000\040\000I\000n\000t\000r\000o\000d\000u\000c\000t\000i\000o\000n}{chapter.14}% 608
\BOOKMARK [1][-]{section.14.5}{\376\377\0001\000.\0001\000\040\000M\000o\000t\000i\000v\000a\000t\000i\000o\000n}{chapter.14}% 609
\BOOKMARK [1][-]{section.14.6}{\376\377\0001\000.\0002\000\040\000C\000o\000n\000t\000r\000i\000b\000u\000t\000i\000o\000n\000s}{chapter.14}% 610
\BOOKMARK [1][-]{section.14.7}{\376\377\0001\000.\0003\000\040\000M\000e\000t\000h\000o\000d\000o\000l\000o\000g\000y}{chapter.14}% 611
\BOOKMARK [1][-]{section.14.8}{\376\377\0002\000.\000\040\000F\000o\000u\000n\000d\000a\000t\000i\000o\000n\000s\000:\000\040\000T\000h\000e\000\040\000A\000l\000g\000e\000b\000r\000a\000\040\000o\000f\000\040\000O\000r\000a\000c\000l\000e\000s}{chapter.14}% 612
\BOOKMARK [1][-]{section.14.9}{\376\377\0002\000.\0001\000\040\000B\000a\000s\000i\000c\000\040\000D\000e\000f\000i\000n\000i\000t\000i\000o\000n\000s}{chapter.14}% 613
\BOOKMARK [1][-]{section.14.10}{\376\377\0002\000.\0002\000\040\000T\000h\000e\000\040\000O\000r\000a\000c\000l\000e\000\040\000M\000o\000n\000o\000i\000d}{chapter.14}% 614
\BOOKMARK [1][-]{section.14.11}{\376\377\0002\000.\0003\000\040\000B\000a\000n\000d\000s\000\040\000a\000n\000d\000\040\000O\000r\000a\000c\000l\000e\000\040\000C\000l\000a\000s\000s\000i\000f\000i\000c\000a\000t\000i\000o\000n}{chapter.14}% 615
\BOOKMARK [1][-]{section.14.12}{\376\377\0003\000.\000\040\000O\000r\000a\000c\000l\000e\000\040\000P\000h\000a\000s\000e\000\040\000T\000r\000a\000n\000s\000i\000t\000i\000o\000n\000s}{chapter.14}% 616
\BOOKMARK [1][-]{section.14.13}{\376\377\0003\000.\0001\000\040\000R\000a\000n\000d\000o\000m\000\040\000O\000r\000a\000c\000l\000e\000\040\000M\000o\000d\000e\000l}{chapter.14}% 617
\BOOKMARK [1][-]{section.14.14}{\376\377\0003\000.\0002\000\040\000T\000h\000e\000\040\000P\000h\000a\000s\000e\000\040\000T\000r\000a\000n\000s\000i\000t\000i\000o\000n}{chapter.14}% 618
\BOOKMARK [1][-]{section.14.15}{\376\377\0003\000.\0003\000\040\000C\000o\000n\000n\000e\000c\000t\000i\000o\000n\000\040\000t\000o\000\040\000S\000t\000a\000t\000i\000s\000t\000i\000c\000a\000l\000\040\000M\000e\000c\000h\000a\000n\000i\000c\000s}{chapter.14}% 619
\BOOKMARK [1][-]{section.14.16}{\376\377\0004\000.\000\040\000P\000y\000t\000h\000a\000g\000o\000r\000e\000a\000n\000\040\000Q\000u\000a\000n\000t\000u\000m\000\040\000E\000r\000r\000o\000r\000-\000C\000o\000r\000r\000e\000c\000t\000i\000n\000g\000\040\000C\000o\000d\000e\000s}{chapter.14}% 620
\BOOKMARK [1][-]{section.14.17}{\376\377\0004\000.\0001\000\040\000T\000h\000e\000\040\000B\000e\000r\000g\000g\000r\000e\000n\000\040\000T\000r\000e\000e}{chapter.14}% 621
\BOOKMARK [1][-]{section.14.18}{\376\377\0004\000.\0002\000\040\000Q\000u\000a\000n\000t\000u\000m\000\040\000C\000o\000d\000e\000\040\000P\000a\000r\000a\000m\000e\000t\000e\000r\000s}{chapter.14}% 622
\BOOKMARK [1][-]{section.14.19}{\376\377\0004\000.\0003\000\040\000T\000h\000e\000\040\000C\000o\000d\000e\000\040\000T\000r\000e\000e}{chapter.14}% 623
\BOOKMARK [1][-]{section.14.20}{\376\377\0004\000.\0004\000\040\000C\000o\000n\000n\000e\000c\000t\000i\000o\000n\000\040\000t\000o\000\040\000N\000u\000l\000l\000\040\000C\000o\000n\000e\000s}{chapter.14}% 624
\BOOKMARK [1][-]{section.14.21}{\376\377\0005\000.\000\040\000G\000o\000o\000d\000h\000a\000r\000t\000'\000s\000\040\000L\000a\000w\000\040\000a\000s\000\040\000a\000\040\000R\000e\000p\000u\000l\000s\000o\000r\000\040\000T\000h\000e\000o\000r\000e\000m}{chapter.14}% 625
\BOOKMARK [1][-]{section.14.22}{\376\377\0005\000.\0001\000\040\000R\000e\000p\000u\000l\000s\000o\000r\000\040\000T\000h\000e\000o\000r\000y}{chapter.14}% 626
\BOOKMARK [1][-]{section.14.23}{\376\377\0005\000.\0002\000\040\000F\000o\000r\000m\000a\000l\000i\000z\000a\000t\000i\000o\000n\000\040\000o\000f\000\040\000G\000o\000o\000d\000h\000a\000r\000t\000'\000s\000\040\000L\000a\000w}{chapter.14}% 627
\BOOKMARK [1][-]{section.14.24}{\376\377\0005\000.\0003\000\040\000A\000p\000p\000l\000i\000c\000a\000t\000i\000o\000n\000s}{chapter.14}% 628
\BOOKMARK [1][-]{section.14.25}{\376\377\0006\000.\000\040\000L\000a\000w\000v\000e\000r\000e\000'\000s\000\040\000F\000i\000x\000e\000d\000-\000P\000o\000i\000n\000t\000\040\000T\000h\000e\000o\000r\000e\000m\000:\000\040\000T\000h\000e\000\040\000M\000e\000t\000a\000-\000O\000r\000a\000c\000l\000e}{chapter.14}% 629
\BOOKMARK [1][-]{section.14.26}{\376\377\0006\000.\0001\000\040\000S\000t\000a\000t\000e\000m\000e\000n\000t}{chapter.14}% 630
\BOOKMARK [1][-]{section.14.27}{\376\377\0006\000.\0002\000\040\000I\000n\000s\000t\000a\000n\000t\000i\000a\000t\000i\000o\000n\000s}{chapter.14}% 631
\BOOKMARK [1][-]{section.14.28}{\376\377\0006\000.\0003\000\040\000T\000h\000e\000\040\000O\000r\000a\000c\000l\000e\000\040\000I\000n\000t\000e\000r\000p\000r\000e\000t\000a\000t\000i\000o\000n}{chapter.14}% 632
\BOOKMARK [1][-]{section.14.29}{\376\377\0007\000.\000\040\000T\000r\000o\000p\000i\000c\000a\000l\000\040\000N\000e\000u\000r\000a\000l\000\040\000C\000o\000m\000p\000r\000e\000s\000s\000i\000o\000n}{chapter.14}% 633
\BOOKMARK [1][-]{section.14.30}{\376\377\0007\000.\0001\000\040\000R\000e\000L\000U\000\040\000N\000e\000t\000w\000o\000r\000k\000s\000\040\000a\000s\000\040\000T\000r\000o\000p\000i\000c\000a\000l\000\040\000P\000o\000l\000y\000n\000o\000m\000i\000a\000l\000s}{chapter.14}% 634
\BOOKMARK [1][-]{section.14.31}{\376\377\0007\000.\0002\000\040\000T\000r\000o\000p\000i\000c\000a\000l\000\040\000P\000r\000o\000o\000f\000\040\000C\000o\000m\000p\000r\000e\000s\000s\000i\000o\000n}{chapter.14}% 635
\BOOKMARK [1][-]{section.14.32}{\376\377\0007\000.\0003\000\040\000N\000e\000u\000r\000a\000l\000\040\000A\000r\000c\000h\000i\000t\000e\000c\000t\000u\000r\000e\000\040\000S\000e\000a\000r\000c\000h\000\040\000v\000i\000a\000\040\000T\000r\000o\000p\000i\000c\000a\000l\000\040\000G\000e\000o\000m\000e\000t\000r\000y}{chapter.14}% 636
\BOOKMARK [1][-]{section.14.33}{\376\377\0008\000.\000\040\000T\000h\000e\000\040\000G\000a\000p\000\040\000L\000a\000p\000l\000a\000c\000i\000a\000n\000\040\000a\000n\000d\000\040\000L\000i\000g\000h\000t\000-\000M\000a\000t\000t\000e\000r\000\040\000D\000u\000a\000l\000i\000t\000y}{chapter.14}% 637
\BOOKMARK [1][-]{section.14.34}{\376\377\0008\000.\0001\000\040\000S\000p\000e\000c\000t\000r\000a\000l\000\040\000T\000h\000e\000o\000r\000y}{chapter.14}% 638
\BOOKMARK [1][-]{section.14.35}{\376\377\0008\000.\0002\000\040\000P\000r\000i\000m\000e\000\040\000G\000a\000p\000\040\000S\000p\000e\000c\000t\000r\000u\000m}{chapter.14}% 639
\BOOKMARK [1][-]{section.14.36}{\376\377\0008\000.\0003\000\040\000H\000o\000l\000o\000g\000r\000a\000p\000h\000i\000c\000\040\000E\000n\000c\000o\000d\000i\000n\000g}{chapter.14}% 640
\BOOKMARK [1][-]{section.14.37}{\376\377\0009\000.\000\040\000S\000y\000n\000t\000h\000e\000s\000i\000s\000:\000\040\000T\000h\000e\000\040\000T\000h\000r\000e\000e\000\040\000C\000o\000n\000v\000e\000r\000g\000e\000n\000c\000e\000s}{chapter.14}% 641
\BOOKMARK [1][-]{section.14.38}{\376\377\0009\000.\0001\000\040\000T\000h\000e\000\040\000I\000d\000e\000m\000p\000o\000t\000e\000n\000t\000\040\000U\000n\000i\000v\000e\000r\000s\000e}{chapter.14}% 642
\BOOKMARK [1][-]{section.14.39}{\376\377\0009\000.\0002\000\040\000T\000h\000e\000\040\000D\000i\000s\000c\000r\000e\000t\000e\000-\000C\000o\000n\000t\000i\000n\000u\000o\000u\000s\000\040\000B\000r\000i\000d\000g\000e}{chapter.14}% 643
\BOOKMARK [1][-]{section.14.40}{\376\377\0009\000.\0003\000\040\000T\000h\000e\000\040\000E\000v\000a\000s\000i\000o\000n\000-\000C\000o\000r\000r\000e\000c\000t\000i\000o\000n\000\040\000D\000u\000a\000l\000i\000t\000y}{chapter.14}% 644
\BOOKMARK [1][-]{section.14.41}{\376\377\0001\0000\000.\000\040\000C\000o\000n\000c\000l\000u\000s\000i\000o\000n\000s\000\040\000a\000n\000d\000\040\000F\000u\000t\000u\000r\000e\000\040\000W\000o\000r\000k}{chapter.14}% 645
\BOOKMARK [1][-]{section.14.42}{\376\377\000R\000e\000f\000e\000r\000e\000n\000c\000e\000s}{chapter.14}% 646
\BOOKMARK [1][-]{section.14.43}{\376\377\000A\000p\000p\000e\000n\000d\000i\000x\000\040\000A\000:\000\040\000L\000e\000a\000n\000\040\000F\000o\000r\000m\000a\000l\000i\000z\000a\000t\000i\000o\000n\000\040\000I\000n\000d\000e\000x}{chapter.14}% 647
\BOOKMARK [1][-]{section.14.44}{\376\377\000A\000p\000p\000e\000n\000d\000i\000x\000\040\000B\000:\000\040\000S\000i\000m\000u\000l\000a\000t\000i\000o\000n\000\040\000C\000o\000d\000e}{chapter.14}% 648
\BOOKMARK [1][-]{section.14.45}{\376\377\000S\000c\000i\000e\000n\000t\000i\000f\000i\000c\000\040\000A\000m\000e\000r\000i\000c\000a\000n\000\040\000A\000r\000t\000i\000c\000l\000e}{chapter.14}% 649
\BOOKMARK [1][-]{section.14.46}{\376\377\000A\000\040\000c\000o\000m\000p\000u\000t\000e\000r\000\040\000v\000e\000r\000i\000f\000i\000e\000d\000\040\0007\000,\0003\0005\0005\000\040\000t\000h\000e\000o\000r\000e\000m\000s\000\040\000a\000n\000d\000\040\000d\000i\000s\000c\000o\000v\000e\000r\000e\000d\000\040\000t\000h\000a\000t\000\040\000t\000r\000u\000t\000h\000,\000\040\000e\000v\000a\000s\000i\000o\000n\000,\000\040\000a\000n\000d\000\040\000q\000u\000a\000n\000t\000u\000m\000\040\000e\000r\000r\000o\000r\000\040\000c\000o\000r\000r\000e\000c\000t\000i\000o\000n\000\040\000a\000r\000e\000\040\000a\000l\000l\000\040\000t\000h\000e\000\040\000s\000a\000m\000e\000\040\000t\000h\000i\000n\000g}{chapter.14}% 650
\BOOKMARK [1][-]{section.14.47}{\376\377\000W\000h\000a\000t\000\040\000I\000s\000\040\000a\000n\000\040\000O\000r\000a\000c\000l\000e\000?}{chapter.14}% 651
\BOOKMARK [1][-]{section.14.48}{\376\377\000T\000h\000e\000\040\000P\000h\000a\000s\000e\000\040\000T\000r\000a\000n\000s\000i\000t\000i\000o\000n\000:\000\040\000W\000h\000e\000n\000\040\000D\000o\000e\000s\000\040\000T\000r\000u\000t\000h\000\040\000E\000m\000e\000r\000g\000e\000?}{chapter.14}% 652
\BOOKMARK [1][-]{section.14.49}{\376\377\000P\000y\000t\000h\000a\000g\000o\000r\000a\000s\000\040\000M\000e\000e\000t\000s\000\040\000Q\000u\000a\000n\000t\000u\000m\000\040\000C\000o\000m\000p\000u\000t\000i\000n\000g}{chapter.14}% 653
\BOOKMARK [1][-]{section.14.50}{\376\377\000G\000o\000o\000d\000h\000a\000r\000t\000'\000s\000\040\000L\000a\000w\000:\000\040\000W\000h\000e\000n\000\040\000M\000e\000t\000r\000i\000c\000s\000\040\000A\000t\000t\000a\000c\000k}{chapter.14}% 654
\BOOKMARK [1][-]{section.14.51}{\376\377\000O\000n\000e\000\040\000T\000h\000e\000o\000r\000e\000m\000\040\000t\000o\000\040\000R\000u\000l\000e\000\040\000T\000h\000e\000m\000\040\000A\000l\000l}{chapter.14}% 655
\BOOKMARK [1][-]{section.14.52}{\376\377\000T\000h\000e\000\040\000G\000a\000p\000\040\000B\000e\000t\000w\000e\000e\000n\000\040\000N\000u\000m\000b\000e\000r\000s}{chapter.14}% 656
\BOOKMARK [1][-]{section.14.53}{\376\377\000T\000h\000e\000\040\000T\000r\000o\000p\000i\000c\000a\000l\000\040\000S\000h\000o\000r\000t\000c\000u\000t}{chapter.14}% 657
\BOOKMARK [1][-]{section.14.54}{\376\377\000M\000a\000c\000h\000i\000n\000e\000-\000V\000e\000r\000i\000f\000i\000e\000d\000\040\000M\000a\000t\000h\000e\000m\000a\000t\000i\000c\000s}{chapter.14}% 658
\BOOKMARK [1][-]{section.14.55}{\376\377\000W\000h\000a\000t\000\040\000I\000t\000\040\000A\000l\000l\000\040\000M\000e\000a\000n\000s}{chapter.14}% 659
\BOOKMARK [0][-]{chapter.15}{\376\377\000M\000i\000l\000l\000e\000n\000n\000i\000u\000m\000\040\000P\000r\000o\000b\000l\000e\000m\000s}{part.3}% 660
\BOOKMARK [1][-]{section.15.1}{\376\377\000R\000e\000s\000e\000a\000r\000c\000h\000\040\000P\000a\000p\000e\000r}{chapter.15}% 661
\BOOKMARK [1][-]{section.15.2}{\376\377\000A\000\040\000C\000o\000m\000p\000u\000t\000a\000t\000i\000o\000n\000a\000l\000\040\000a\000n\000d\000\040\000F\000o\000r\000m\000a\000l\000\040\000I\000n\000v\000e\000s\000t\000i\000g\000a\000t\000i\000o\000n}{chapter.15}% 662
\BOOKMARK [1][-]{section.15.3}{\376\377\0001\000.\000\040\000I\000n\000t\000r\000o\000d\000u\000c\000t\000i\000o\000n}{chapter.15}% 663
\BOOKMARK [1][-]{section.15.4}{\376\377\0001\000.\0001\000\040\000M\000e\000t\000h\000o\000d\000o\000l\000o\000g\000y}{chapter.15}% 664
\BOOKMARK [1][-]{section.15.5}{\376\377\0002\000.\000\040\000T\000h\000e\000\040\000P\000r\000i\000m\000e\000\040\000C\000o\000n\000s\000t\000e\000l\000l\000a\000t\000i\000o\000n\000\040\000D\000e\000n\000s\000i\000t\000y\000\040\000B\000r\000i\000d\000g\000e}{chapter.15}% 665
\BOOKMARK [1][-]{section.15.6}{\376\377\0002\000.\0001\000\040\000H\000y\000p\000o\000t\000h\000e\000s\000i\000s}{chapter.15}% 666
\BOOKMARK [1][-]{section.15.7}{\376\377\0002\000.\0002\000\040\000C\000o\000m\000p\000u\000t\000a\000t\000i\000o\000n\000a\000l\000\040\000E\000v\000i\000d\000e\000n\000c\000e}{chapter.15}% 667
\BOOKMARK [1][-]{section.15.8}{\376\377\0002\000.\0003\000\040\000F\000o\000r\000m\000a\000l\000\040\000V\000e\000r\000i\000f\000i\000c\000a\000t\000i\000o\000n}{chapter.15}% 668
\BOOKMARK [1][-]{section.15.9}{\376\377\0002\000.\0004\000\040\000I\000m\000p\000l\000i\000c\000a\000t\000i\000o\000n\000s}{chapter.15}% 669
\BOOKMARK [1][-]{section.15.10}{\376\377\0003\000.\000\040\000T\000h\000e\000\040\000R\000a\000n\000d\000o\000m\000\040\000M\000a\000t\000r\000i\000x\000\040\000S\000p\000e\000c\000t\000r\000a\000l\000\040\000B\000r\000i\000d\000g\000e}{chapter.15}% 670
\BOOKMARK [1][-]{section.15.11}{\376\377\0003\000.\0001\000\040\000H\000y\000p\000o\000t\000h\000e\000s\000i\000s}{chapter.15}% 671
\BOOKMARK [1][-]{section.15.12}{\376\377\0003\000.\0002\000\040\000C\000o\000m\000p\000u\000t\000a\000t\000i\000o\000n\000a\000l\000\040\000E\000v\000i\000d\000e\000n\000c\000e}{chapter.15}% 672
\BOOKMARK [1][-]{section.15.13}{\376\377\0003\000.\0003\000\040\000T\000h\000e\000\040\000B\000r\000i\000d\000g\000e\000\040\000t\000o\000\040\000Y\000a\000n\000g\000-\000M\000i\000l\000l\000s}{chapter.15}% 673
\BOOKMARK [1][-]{section.15.14}{\376\377\0004\000.\000\040\000T\000h\000e\000\040\000F\000l\000u\000i\000d\000-\000C\000o\000m\000p\000l\000e\000x\000i\000t\000y\000\040\000B\000r\000i\000d\000g\000e}{chapter.15}% 674
\BOOKMARK [1][-]{section.15.15}{\376\377\0004\000.\0001\000\040\000H\000y\000p\000o\000t\000h\000e\000s\000i\000s}{chapter.15}% 675
\BOOKMARK [1][-]{section.15.16}{\376\377\0004\000.\0002\000\040\000C\000o\000m\000p\000u\000t\000a\000t\000i\000o\000n\000a\000l\000\040\000E\000v\000i\000d\000e\000n\000c\000e}{chapter.15}% 676
\BOOKMARK [1][-]{section.15.17}{\376\377\0004\000.\0003\000\040\000I\000m\000p\000l\000i\000c\000a\000t\000i\000o\000n\000s}{chapter.15}% 677
\BOOKMARK [1][-]{section.15.18}{\376\377\0005\000.\000\040\000D\000i\000o\000p\000h\000a\000n\000t\000i\000n\000e\000\040\000A\000p\000p\000r\000o\000x\000i\000m\000a\000t\000i\000o\000n\000\040\000H\000i\000e\000r\000a\000r\000c\000h\000y}{chapter.15}% 678
\BOOKMARK [1][-]{section.15.19}{\376\377\0005\000.\0001\000\040\000T\000h\000e\000\040\000A\000p\000p\000r\000o\000x\000i\000m\000a\000t\000i\000o\000n\000\040\000L\000a\000d\000d\000e\000r}{chapter.15}% 679
\BOOKMARK [1][-]{section.15.20}{\376\377\0005\000.\0002\000\040\000C\000o\000m\000p\000u\000t\000a\000t\000i\000o\000n\000a\000l\000\040\000F\000i\000n\000d\000i\000n\000g\000s}{chapter.15}% 680
\BOOKMARK [1][-]{section.15.21}{\376\377\0005\000.\0003\000\040\000H\000y\000p\000o\000t\000h\000e\000s\000i\000s\000:\000\040\000A\000p\000p\000r\000o\000x\000i\000m\000a\000t\000i\000o\000n\000\040\000U\000n\000i\000v\000e\000r\000s\000a\000l\000i\000t\000y}{chapter.15}% 681
\BOOKMARK [1][-]{section.15.22}{\376\377\0006\000.\000\040\000A\000r\000i\000t\000h\000m\000e\000t\000i\000c\000\040\000S\000t\000r\000u\000c\000t\000u\000r\000e\000\040\000C\000o\000n\000s\000t\000r\000a\000i\000n\000t\000s}{chapter.15}% 682
\BOOKMARK [1][-]{section.15.23}{\376\377\0006\000.\0001\000\040\000A\000B\000C\000,\000\040\000B\000e\000a\000l\000,\000\040\000a\000n\000d\000\040\000B\000r\000o\000c\000a\000r\000d}{chapter.15}% 683
\BOOKMARK [1][-]{section.15.24}{\376\377\0006\000.\0002\000\040\000F\000o\000r\000m\000a\000l\000\040\000V\000e\000r\000i\000f\000i\000c\000a\000t\000i\000o\000n}{chapter.15}% 684
\BOOKMARK [1][-]{section.15.25}{\376\377\0007\000.\000\040\000C\000o\000l\000l\000a\000t\000z\000\040\000D\000y\000n\000a\000m\000i\000c\000s}{chapter.15}% 685
\BOOKMARK [1][-]{section.15.26}{\376\377\0007\000.\0001\000\040\000C\000o\000m\000p\000u\000t\000a\000t\000i\000o\000n\000a\000l\000\040\000A\000n\000a\000l\000y\000s\000i\000s}{chapter.15}% 686
\BOOKMARK [1][-]{section.15.27}{\376\377\0007\000.\0002\000\040\000F\000o\000r\000m\000a\000l\000\040\000V\000e\000r\000i\000f\000i\000c\000a\000t\000i\000o\000n}{chapter.15}% 687
\BOOKMARK [1][-]{section.15.28}{\376\377\0008\000.\000\040\000S\000u\000m\000m\000a\000r\000y\000\040\000o\000f\000\040\000F\000o\000r\000m\000a\000l\000\040\000R\000e\000s\000u\000l\000t\000s}{chapter.15}% 688
\BOOKMARK [1][-]{section.15.29}{\376\377\0009\000.\000\040\000P\000r\000o\000p\000o\000s\000e\000d\000\040\000A\000p\000p\000l\000i\000c\000a\000t\000i\000o\000n\000s}{chapter.15}% 689
\BOOKMARK [1][-]{section.15.30}{\376\377\0009\000.\0001\000\040\000C\000r\000y\000p\000t\000o\000g\000r\000a\000p\000h\000i\000c\000\040\000I\000m\000p\000l\000i\000c\000a\000t\000i\000o\000n\000s}{chapter.15}% 690
\BOOKMARK [1][-]{section.15.31}{\376\377\0009\000.\0002\000\040\000T\000u\000r\000b\000u\000l\000e\000n\000c\000e\000\040\000M\000o\000d\000e\000l\000i\000n\000g}{chapter.15}% 691
\BOOKMARK [1][-]{section.15.32}{\376\377\0009\000.\0003\000\040\000M\000a\000c\000h\000i\000n\000e\000\040\000L\000e\000a\000r\000n\000i\000n\000g\000\040\000f\000o\000r\000\040\000N\000u\000m\000b\000e\000r\000\040\000T\000h\000e\000o\000r\000y}{chapter.15}% 692
\BOOKMARK [1][-]{section.15.33}{\376\377\0009\000.\0004\000\040\000Q\000u\000a\000n\000t\000u\000m\000\040\000C\000o\000m\000p\000u\000t\000i\000n\000g}{chapter.15}% 693
\BOOKMARK [1][-]{section.15.34}{\376\377\0001\0000\000.\000\040\000N\000e\000w\000\040\000H\000y\000p\000o\000t\000h\000e\000s\000e\000s\000\040\000f\000o\000r\000\040\000F\000u\000t\000u\000r\000e\000\040\000I\000n\000v\000e\000s\000t\000i\000g\000a\000t\000i\000o\000n}{chapter.15}% 694
\BOOKMARK [1][-]{section.15.35}{\376\377\0001\0001\000.\000\040\000C\000o\000n\000c\000l\000u\000s\000i\000o\000n}{chapter.15}% 695
\BOOKMARK [1][-]{section.15.36}{\376\377\000R\000e\000f\000e\000r\000e\000n\000c\000e\000s}{chapter.15}% 696
\BOOKMARK [1][-]{section.15.37}{\376\377\000S\000c\000i\000e\000n\000t\000i\000f\000i\000c\000\040\000A\000m\000e\000r\000i\000c\000a\000n\000\040\000A\000r\000t\000i\000c\000l\000e}{chapter.15}% 697
\BOOKMARK [1][-]{section.15.38}{\376\377\000*\000A\000\040\000c\000o\000m\000p\000u\000t\000a\000t\000i\000o\000n\000a\000l\000\040\000e\000x\000p\000e\000d\000i\000t\000i\000o\000n\000\040\000r\000e\000v\000e\000a\000l\000s\000\040\000s\000u\000r\000p\000r\000i\000s\000i\000n\000g\000\040\000b\000r\000i\000d\000g\000e\000s\000\040\000b\000e\000t\000w\000e\000e\000n\000\040\000t\000h\000e\000\040\000g\000r\000e\000a\000t\000e\000s\000t\000\040\000u\000n\000s\000o\000l\000v\000e\000d\000\040\000p\000u\000z\000z\000l\000e\000s\000\040\000i\000n\000\040\000m\000a\000t\000h\000e\000m\000a\000t\000i\000c\000s\000*}{chapter.15}% 698
\BOOKMARK [1][-]{section.15.39}{\376\377\000T\000h\000e\000\040\000M\000i\000l\000l\000i\000o\000n\000-\000D\000o\000l\000l\000a\000r\000\040\000Q\000u\000e\000s\000t\000i\000o\000n\000s}{chapter.15}% 699
\BOOKMARK [1][-]{section.15.40}{\376\377\000B\000r\000i\000d\000g\000e\000\040\000O\000n\000e\000:\000\040\000T\000h\000e\000\040\000P\000r\000i\000m\000e\000\040\000D\000e\000n\000s\000i\000t\000y\000\040\000C\000o\000n\000n\000e\000c\000t\000i\000o\000n}{chapter.15}% 700
\BOOKMARK [1][-]{section.15.41}{\376\377\000B\000r\000i\000d\000g\000e\000\040\000T\000w\000o\000:\000\040\000T\000h\000e\000\040\000Q\000u\000a\000n\000t\000u\000m\000\040\000C\000o\000n\000n\000e\000c\000t\000i\000o\000n}{chapter.15}% 701
\BOOKMARK [1][-]{section.15.42}{\376\377\000B\000r\000i\000d\000g\000e\000\040\000T\000h\000r\000e\000e\000:\000\040\000T\000u\000r\000b\000u\000l\000e\000n\000c\000e\000\040\000a\000n\000d\000\040\000t\000h\000e\000\040\000L\000i\000m\000i\000t\000s\000\040\000o\000f\000\040\000C\000o\000m\000p\000u\000t\000a\000t\000i\000o\000n}{chapter.15}% 702
\BOOKMARK [1][-]{section.15.43}{\376\377\000T\000h\000e\000\040\000E\000g\000y\000p\000t\000i\000a\000n\000\040\000F\000r\000a\000c\000t\000i\000o\000n\000\040\000P\000u\000z\000z\000l\000e}{chapter.15}% 703
\BOOKMARK [1][-]{section.15.44}{\376\377\000T\000h\000e\000\040\000L\000o\000n\000e\000l\000y\000\040\000R\000u\000n\000n\000e\000r\000\040\000a\000n\000d\000\040\000F\000r\000i\000e\000n\000d\000s}{chapter.15}% 704
\BOOKMARK [1][-]{section.15.45}{\376\377\000M\000a\000c\000h\000i\000n\000e\000-\000V\000e\000r\000i\000f\000i\000e\000d\000\040\000M\000a\000t\000h\000e\000m\000a\000t\000i\000c\000s}{chapter.15}% 705
\BOOKMARK [1][-]{section.15.46}{\376\377\000L\000o\000o\000k\000i\000n\000g\000\040\000F\000o\000r\000w\000a\000r\000d\000:\000\040\000N\000e\000w\000\040\000H\000y\000p\000o\000t\000h\000e\000s\000e\000s}{chapter.15}% 706
\BOOKMARK [1][-]{section.15.47}{\376\377\000T\000h\000e\000\040\000D\000r\000e\000a\000m\000\040\000o\000f\000\040\000t\000h\000e\000\040\000M\000e\000t\000a\000-\000O\000r\000a\000c\000l\000e}{chapter.15}% 707
\BOOKMARK [1][-]{section.15.48}{\376\377\000S\000i\000d\000e\000b\000a\000r\000:\000\040\000W\000h\000a\000t\000\040\000I\000s\000\040\000F\000o\000r\000m\000a\000l\000\040\000V\000e\000r\000i\000f\000i\000c\000a\000t\000i\000o\000n\000?}{chapter.15}% 708
\BOOKMARK [1][-]{section.15.49}{\376\377\000S\000i\000d\000e\000b\000a\000r\000:\000\040\000T\000h\000e\000\040\000G\000U\000E\000\040\000D\000i\000s\000t\000r\000i\000b\000u\000t\000i\000o\000n}{chapter.15}% 709
\BOOKMARK [-1][-]{part.4}{\376\377\000I\000V\000\040\000O\000r\000a\000c\000l\000e\000\040\000T\000h\000e\000o\000r\000y}{}% 710
\BOOKMARK [0][-]{chapter.16}{\376\377\000O\000r\000a\000c\000l\000e\000\040\000U\000n\000i\000f\000i\000e\000d\000\040\000T\000h\000e\000o\000r\000y}{part.4}% 711
\BOOKMARK [1][-]{section.16.1}{\376\377\000F\000i\000g\000u\000r\000e\000s}{chapter.16}% 712
\BOOKMARK [1][-]{section.16.2}{\376\377\000R\000e\000s\000e\000a\000r\000c\000h\000\040\000P\000a\000p\000e\000r}{chapter.16}% 713
\BOOKMARK [1][-]{section.16.3}{\376\377\000M\000a\000c\000h\000i\000n\000e\000-\000V\000e\000r\000i\000f\000i\000e\000d\000\040\000M\000a\000t\000h\000e\000m\000a\000t\000i\000c\000s\000\040\000C\000o\000n\000n\000e\000c\000t\000i\000n\000g\000\040\000L\000i\000g\000h\000t\000,\000\040\000A\000l\000g\000e\000b\000r\000a\000,\000\040\000C\000o\000m\000p\000u\000t\000a\000t\000i\000o\000n\000,\000\040\000a\000n\000d\000\040\000C\000o\000n\000s\000c\000i\000o\000u\000s\000n\000e\000s\000s}{chapter.16}% 714
\BOOKMARK [1][-]{section.16.4}{\376\377\0001\000.\000\040\000I\000n\000t\000r\000o\000d\000u\000c\000t\000i\000o\000n}{chapter.16}% 715
\BOOKMARK [1][-]{section.16.5}{\376\377\0001\000.\0001\000\040\000T\000h\000e\000\040\000F\000i\000x\000e\000d\000-\000P\000o\000i\000n\000t\000\040\000P\000r\000i\000n\000c\000i\000p\000l\000e}{chapter.16}% 716
\BOOKMARK [1][-]{section.16.6}{\376\377\0001\000.\0002\000\040\000S\000c\000o\000p\000e\000\040\000a\000n\000d\000\040\000M\000e\000t\000h\000o\000d\000o\000l\000o\000g\000y}{chapter.16}% 717
\BOOKMARK [1][-]{section.16.7}{\376\377\0002\000.\000\040\000T\000h\000e\000\040\000F\000i\000v\000e\000\040\000P\000i\000l\000l\000a\000r\000s}{chapter.16}% 718
\BOOKMARK [1][-]{section.16.8}{\376\377\0002\000.\0001\000\040\000P\000i\000l\000l\000a\000r\000\040\000I\000:\000\040\000T\000h\000e\000\040\000A\000l\000g\000e\000b\000r\000a\000i\000c\000\040\000L\000i\000g\000h\000t\000\040\000C\000o\000n\000e}{chapter.16}% 719
\BOOKMARK [1][-]{section.16.9}{\376\377\0002\000.\0002\000\040\000P\000i\000l\000l\000a\000r\000\040\000I\000I\000:\000\040\000T\000h\000e\000\040\000O\000r\000a\000c\000l\000e\000\040\000P\000r\000i\000n\000c\000i\000p\000l\000e}{chapter.16}% 720
\BOOKMARK [1][-]{section.16.10}{\376\377\0002\000.\0003\000\040\000P\000i\000l\000l\000a\000r\000\040\000I\000I\000I\000:\000\040\000T\000h\000e\000\040\000S\000t\000r\000a\000n\000g\000e\000\040\000L\000o\000o\000p}{chapter.16}% 721
\BOOKMARK [1][-]{section.16.11}{\376\377\0002\000.\0004\000\040\000P\000i\000l\000l\000a\000r\000\040\000I\000V\000:\000\040\000T\000r\000o\000p\000i\000c\000a\000l\000\040\000O\000r\000a\000c\000l\000e\000s\000\040\000a\000n\000d\000\040\000N\000e\000u\000r\000a\000l\000\040\000N\000e\000t\000w\000o\000r\000k\000s}{chapter.16}% 722
\BOOKMARK [1][-]{section.16.12}{\376\377\0002\000.\0005\000\040\000P\000i\000l\000l\000a\000r\000\040\000V\000:\000\040\000H\000o\000l\000o\000g\000r\000a\000p\000h\000i\000c\000\040\000C\000o\000m\000p\000r\000e\000s\000s\000i\000o\000n}{chapter.16}% 723
\BOOKMARK [1][-]{section.16.13}{\376\377\0003\000.\000\040\000U\000n\000i\000f\000i\000c\000a\000t\000i\000o\000n}{chapter.16}% 724
\BOOKMARK [1][-]{section.16.14}{\376\377\0003\000.\0001\000\040\000T\000h\000e\000\040\000G\000r\000a\000n\000d\000\040\000U\000n\000i\000f\000i\000c\000a\000t\000i\000o\000n\000\040\000T\000h\000e\000o\000r\000e\000m}{chapter.16}% 725
\BOOKMARK [1][-]{section.16.15}{\376\377\0003\000.\0002\000\040\000T\000h\000e\000\040\000S\000p\000e\000c\000t\000r\000a\000l\000\040\000F\000o\000u\000n\000d\000a\000t\000i\000o\000n}{chapter.16}% 726
\BOOKMARK [1][-]{section.16.16}{\376\377\0004\000.\000\040\000T\000h\000e\000\040\000O\000r\000a\000c\000l\000e\000-\000R\000e\000p\000u\000l\000s\000o\000r\000\040\000D\000u\000a\000l\000i\000t\000y}{chapter.16}% 727
\BOOKMARK [1][-]{section.16.17}{\376\377\0004\000.\0001\000\040\000A\000n\000t\000i\000-\000F\000i\000x\000e\000d\000\040\000P\000o\000i\000n\000t\000s}{chapter.16}% 728
\BOOKMARK [1][-]{section.16.18}{\376\377\0004\000.\0002\000\040\000D\000e\000\040\000M\000o\000r\000g\000a\000n\000'\000s\000\040\000L\000a\000w\000s\000\040\000f\000o\000r\000\040\000O\000r\000a\000c\000l\000e\000s}{chapter.16}% 729
\BOOKMARK [1][-]{section.16.19}{\376\377\0005\000.\000\040\000T\000h\000e\000\040\000G\000a\000p\000-\000M\000a\000t\000t\000e\000r\000\040\000C\000o\000r\000r\000e\000s\000p\000o\000n\000d\000e\000n\000c\000e}{chapter.16}% 730
\BOOKMARK [1][-]{section.16.20}{\376\377\0005\000.\0001\000\040\000P\000h\000o\000t\000o\000n\000\040\000A\000d\000d\000r\000e\000s\000s\000e\000s\000\040\000a\000n\000d\000\040\000t\000h\000e\000\040\000M\000e\000a\000s\000u\000r\000e\000-\000Z\000e\000r\000o\000\040\000L\000i\000g\000h\000t}{chapter.16}% 731
\BOOKMARK [1][-]{section.16.21}{\376\377\0006\000.\000\040\000T\000h\000e\000\040\000B\000i\000n\000o\000c\000u\000l\000a\000r\000\040\000G\000o\000d\000\040\000O\000r\000a\000c\000l\000e}{chapter.16}% 732
\BOOKMARK [1][-]{section.16.22}{\376\377\0006\000.\0001\000\040\000S\000e\000l\000f\000-\000O\000b\000s\000e\000r\000v\000a\000t\000i\000o\000n\000\040\000a\000n\000d\000\040\000t\000h\000e\000\040\000U\000n\000i\000v\000e\000r\000s\000e}{chapter.16}% 733
\BOOKMARK [1][-]{section.16.23}{\376\377\0007\000.\000\040\000C\000o\000m\000p\000u\000t\000a\000t\000i\000o\000n\000a\000l\000\040\000V\000e\000r\000i\000f\000i\000c\000a\000t\000i\000o\000n}{chapter.16}% 734
\BOOKMARK [1][-]{section.16.24}{\376\377\0007\000.\0001\000\040\000V\000e\000r\000i\000f\000i\000c\000a\000t\000i\000o\000n\000\040\000S\000t\000a\000t\000i\000s\000t\000i\000c\000s}{chapter.16}% 735
\BOOKMARK [1][-]{section.16.25}{\376\377\0007\000.\0002\000\040\000P\000r\000o\000o\000f\000\040\000T\000e\000c\000h\000n\000i\000q\000u\000e\000s}{chapter.16}% 736
\BOOKMARK [1][-]{section.16.26}{\376\377\0008\000.\000\040\000N\000e\000w\000\040\000R\000e\000s\000e\000a\000r\000c\000h\000\040\000D\000i\000r\000e\000c\000t\000i\000o\000n\000s}{chapter.16}% 737
\BOOKMARK [1][-]{section.16.27}{\376\377\0009\000.\000\040\000C\000o\000n\000c\000l\000u\000s\000i\000o\000n}{chapter.16}% 738
\BOOKMARK [1][-]{section.16.28}{\376\377\000R\000e\000f\000e\000r\000e\000n\000c\000e\000s}{chapter.16}% 739
\BOOKMARK [1][-]{section.16.29}{\376\377\000A\000p\000p\000e\000n\000d\000i\000x\000\040\000A\000:\000\040\000K\000e\000y\000\040\000L\000e\000a\000n\000\040\0004\000\040\000D\000e\000f\000i\000n\000i\000t\000i\000o\000n\000s}{chapter.16}% 740
\BOOKMARK [1][-]{section.16.30}{\376\377\000S\000c\000i\000e\000n\000t\000i\000f\000i\000c\000\040\000A\000m\000e\000r\000i\000c\000a\000n\000\040\000A\000r\000t\000i\000c\000l\000e}{chapter.16}% 741
\BOOKMARK [1][-]{section.16.31}{\376\377\000H\000o\000w\000\040\000a\000\040\000s\000i\000n\000g\000l\000e\000\040\000l\000i\000n\000e\000\040\000o\000f\000\040\000m\000a\000t\000h\000e\000m\000a\000t\000i\000c\000s\000\040\040\024\000\040\000O\0002\000\040\000=\000\040\000O\000\040\040\024\000\040\000c\000o\000n\000n\000e\000c\000t\000s\000\040\000l\000i\000g\000h\000t\000,\000\040\000l\000o\000g\000i\000c\000,\000\040\000n\000e\000u\000r\000a\000l\000\040\000n\000e\000t\000w\000o\000r\000k\000s\000,\000\040\000a\000n\000d\000\040\000t\000h\000e\000\040\000n\000a\000t\000u\000r\000e\000\040\000o\000f\000\040\000t\000r\000u\000t\000h}{chapter.16}% 742
\BOOKMARK [1][-]{section.16.32}{\376\377\000T\000h\000e\000\040\000O\000r\000a\000c\000l\000e}{chapter.16}% 743
\BOOKMARK [1][-]{section.16.33}{\376\377\000F\000i\000v\000e\000\040\000F\000a\000c\000e\000s\000\040\000o\000f\000\040\000t\000h\000e\000\040\000S\000a\000m\000e\000\040\000E\000q\000u\000a\000t\000i\000o\000n}{chapter.16}% 744
\BOOKMARK [1][-]{section.16.34}{\376\377\000F\000a\000c\000e\000\040\0001\000:\000\040\000L\000i\000g\000h\000t}{chapter.16}% 745
\BOOKMARK [1][-]{section.16.35}{\376\377\000F\000a\000c\000e\000\040\0002\000:\000\040\000N\000e\000u\000r\000a\000l\000\040\000N\000e\000t\000w\000o\000r\000k\000s}{chapter.16}% 746
\BOOKMARK [1][-]{section.16.36}{\376\377\000F\000a\000c\000e\000\040\0003\000:\000\040\000T\000r\000u\000t\000h\000\040\000a\000n\000d\000\040\000L\000o\000g\000i\000c}{chapter.16}% 747
\BOOKMARK [1][-]{section.16.37}{\376\377\000F\000a\000c\000e\000\040\0004\000:\000\040\000T\000h\000e\000\040\000H\000o\000l\000o\000g\000r\000a\000p\000h\000i\000c\000\040\000U\000n\000i\000v\000e\000r\000s\000e}{chapter.16}% 748
\BOOKMARK [1][-]{section.16.38}{\376\377\000F\000a\000c\000e\000\040\0005\000:\000\040\000G\000o\000d\000'\000s\000\040\000T\000w\000o\000\040\000E\000y\000e\000s}{chapter.16}% 749
\BOOKMARK [1][-]{section.16.39}{\376\377\000W\000h\000a\000t\000\040\000t\000h\000e\000\040\000C\000o\000m\000p\000u\000t\000e\000r\000\040\000F\000o\000u\000n\000d}{chapter.16}% 750
\BOOKMARK [1][-]{section.16.40}{\376\377\000T\000h\000e\000\040\000M\000a\000t\000t\000e\000r\000\040\000i\000n\000\040\000t\000h\000e\000\040\000G\000a\000p\000s}{chapter.16}% 751
\BOOKMARK [1][-]{section.16.41}{\376\377\000W\000h\000a\000t\000\040\000C\000o\000m\000e\000s\000\040\000N\000e\000x\000t}{chapter.16}% 752
\BOOKMARK [1][-]{section.16.42}{\376\377\000O\000n\000e\000\040\000E\000q\000u\000a\000t\000i\000o\000n}{chapter.16}% 753
\BOOKMARK [0][-]{chapter.17}{\376\377\000T\000h\000e\000\040\000G\000o\000d\000\040\000O\000r\000a\000c\000l\000e\000:\000\040\000H\000o\000l\000y\000\040\000G\000r\000a\000i\000l}{part.4}% 754
\BOOKMARK [1][-]{section.17.1}{\376\377\000R\000e\000s\000e\000a\000r\000c\000h\000\040\000P\000a\000p\000e\000r}{chapter.17}% 755
\BOOKMARK [1][-]{section.17.2}{\376\377\000A\000\040\000M\000a\000t\000h\000e\000m\000a\000t\000i\000c\000a\000l\000\040\000F\000r\000a\000m\000e\000w\000o\000r\000k\000\040\000f\000o\000r\000\040\000t\000h\000e\000\040\000U\000l\000t\000i\000m\000a\000t\000e\000\040\000L\000i\000m\000i\000t\000\040\000o\000f\000\040\000C\000o\000m\000p\000u\000t\000a\000t\000i\000o\000n}{chapter.17}% 756
\BOOKMARK [1][-]{section.17.3}{\376\377\000A\000b\000s\000t\000r\000a\000c\000t}{chapter.17}% 757
\BOOKMARK [1][-]{section.17.4}{\376\377\0001\000.\000\040\000I\000n\000t\000r\000o\000d\000u\000c\000t\000i\000o\000n\000:\000\040\000W\000h\000a\000t\000\040\000I\000s\000\040\000t\000h\000e\000\040\000B\000e\000s\000t\000\040\000P\000o\000s\000s\000i\000b\000l\000e\000\040\000C\000o\000m\000p\000u\000t\000e\000r\000?}{chapter.17}% 758
\BOOKMARK [1][-]{section.17.5}{\376\377\0002\000.\000\040\000T\000h\000e\000\040\000O\000r\000a\000c\000l\000e\000\040\000H\000i\000e\000r\000a\000r\000c\000h\000y\000:\000\040\000C\000l\000i\000m\000b\000i\000n\000g\000\040\000t\000h\000e\000\040\000T\000o\000w\000e\000r}{chapter.17}% 759
\BOOKMARK [1][-]{section.17.6}{\376\377\0003\000.\000\040\000C\000o\000n\000v\000e\000r\000g\000e\000n\000c\000e\000:\000\040\000H\000o\000w\000\040\000F\000a\000s\000t\000\040\000D\000o\000\040\000W\000e\000\040\000A\000p\000p\000r\000o\000a\000c\000h\000\040\000G\000o\000d\000?}{chapter.17}% 760
\BOOKMARK [1][-]{section.17.7}{\376\377\0004\000.\000\040\000O\000p\000t\000i\000m\000a\000l\000i\000t\000y\000:\000\040\000T\000h\000e\000\040\000B\000e\000s\000t\000\040\000P\000o\000s\000s\000i\000b\000l\000e\000\040\000C\000o\000m\000p\000r\000e\000s\000s\000i\000o\000n}{chapter.17}% 761
\BOOKMARK [1][-]{section.17.8}{\376\377\0005\000.\000\040\000T\000h\000e\000\040\000S\000e\000l\000f\000-\000R\000e\000f\000e\000r\000e\000n\000c\000e\000\040\000B\000a\000r\000r\000i\000e\000r\000:\000\040\000G\000o\000d\000'\000s\000\040\000B\000l\000i\000n\000d\000\040\000S\000p\000o\000t}{chapter.17}% 762
\BOOKMARK [1][-]{section.17.9}{\376\377\0006\000.\000\040\000A\000p\000p\000l\000i\000c\000a\000t\000i\000o\000n\000s}{chapter.17}% 763
\BOOKMARK [1][-]{section.17.10}{\376\377\0007\000.\000\040\000N\000e\000w\000\040\000H\000y\000p\000o\000t\000h\000e\000s\000e\000s\000\040\000a\000n\000d\000\040\000E\000x\000p\000e\000r\000i\000m\000e\000n\000t\000a\000l\000\040\000R\000e\000s\000u\000l\000t\000s}{chapter.17}% 764
\BOOKMARK [1][-]{section.17.11}{\376\377\0008\000.\000\040\000F\000o\000r\000m\000a\000l\000i\000z\000a\000t\000i\000o\000n}{chapter.17}% 765
\BOOKMARK [1][-]{section.17.12}{\376\377\0009\000.\000\040\000C\000o\000n\000c\000l\000u\000s\000i\000o\000n\000:\000\040\000T\000h\000e\000\040\000M\000a\000p\000\040\000a\000n\000d\000\040\000t\000h\000e\000\040\000T\000e\000r\000r\000i\000t\000o\000r\000y}{chapter.17}% 766
\BOOKMARK [1][-]{section.17.13}{\376\377\000A\000c\000k\000n\000o\000w\000l\000e\000d\000g\000m\000e\000n\000t\000s}{chapter.17}% 767
\BOOKMARK [1][-]{section.17.14}{\376\377\000R\000e\000f\000e\000r\000e\000n\000c\000e\000s}{chapter.17}% 768
\BOOKMARK [0][-]{chapter.18}{\376\377\000T\000h\000e\000\040\000O\000m\000e\000g\000a\000\040\000M\000e\000t\000a\000\040\000O\000r\000a\000c\000l\000e}{part.4}% 769
\BOOKMARK [1][-]{section.18.1}{\376\377\000F\000i\000g\000u\000r\000e\000s}{chapter.18}% 770
\BOOKMARK [1][-]{section.18.2}{\376\377\000R\000e\000s\000e\000a\000r\000c\000h\000\040\000P\000a\000p\000e\000r}{chapter.18}% 771
\BOOKMARK [1][-]{section.18.3}{\376\377\000A\000b\000s\000t\000r\000a\000c\000t}{chapter.18}% 772
\BOOKMARK [1][-]{section.18.4}{\376\377\0001\000.\000\040\000I\000n\000t\000r\000o\000d\000u\000c\000t\000i\000o\000n}{chapter.18}% 773
\BOOKMARK [1][-]{section.18.5}{\376\377\0001\000.\0001\000\040\000T\000h\000e\000\040\000P\000r\000o\000b\000l\000e\000m\000\040\000o\000f\000\040\000U\000n\000b\000o\000u\000n\000d\000e\000d\000\040\000D\000o\000m\000a\000i\000n\000s}{chapter.18}% 774
\BOOKMARK [1][-]{section.18.6}{\376\377\0001\000.\0002\000\040\000T\000h\000e\000\040\000C\000o\000r\000e\000\040\000I\000n\000s\000i\000g\000h\000t\000:\000\040\000O\000n\000e\000-\000P\000o\000i\000n\000t\000\040\000C\000o\000m\000p\000a\000c\000t\000i\000f\000i\000c\000a\000t\000i\000o\000n}{chapter.18}% 775
\BOOKMARK [1][-]{section.18.7}{\376\377\0001\000.\0003\000\040\000T\000h\000r\000e\000e\000\040\000P\000i\000l\000l\000a\000r\000s\000\040\000o\000f\000\040\000t\000h\000e\000\040\000F\000r\000a\000m\000e\000w\000o\000r\000k}{chapter.18}% 776
\BOOKMARK [1][-]{section.18.8}{\376\377\0002\000.\000\040\000M\000a\000t\000h\000e\000m\000a\000t\000i\000c\000a\000l\000\040\000F\000r\000a\000m\000e\000w\000o\000r\000k}{chapter.18}% 777
\BOOKMARK [1][-]{section.18.9}{\376\377\0002\000.\0001\000\040\000T\000h\000e\000\040\000L\000i\000f\000t\000-\000S\000o\000l\000v\000e\000-\000P\000r\000o\000j\000e\000c\000t\000\040\000P\000a\000r\000a\000d\000i\000g\000m}{chapter.18}% 778
\BOOKMARK [1][-]{section.18.10}{\376\377\0002\000.\0002\000\040\000T\000h\000e\000\040\000O\000m\000e\000g\000a\000\040\000P\000o\000i\000n\000t}{chapter.18}% 779
\BOOKMARK [1][-]{section.18.11}{\376\377\0002\000.\0003\000\040\000F\000i\000x\000e\000d\000-\000P\000o\000i\000n\000t\000\040\000T\000h\000e\000o\000r\000y\000\040\000f\000o\000r\000\040\000M\000e\000t\000a\000-\000O\000r\000a\000c\000l\000e\000s}{chapter.18}% 780
\BOOKMARK [1][-]{section.18.12}{\376\377\0002\000.\0004\000\040\000T\000r\000o\000p\000i\000c\000a\000l\000\040\000A\000l\000g\000e\000b\000r\000a\000\040\000B\000r\000i\000d\000g\000e}{chapter.18}% 781
\BOOKMARK [1][-]{section.18.13}{\376\377\0002\000.\0005\000\040\000Q\000u\000a\000n\000t\000u\000m\000\040\000G\000a\000t\000e\000\040\000A\000l\000g\000e\000b\000r\000a}{chapter.18}% 782
\BOOKMARK [1][-]{section.18.14}{\376\377\0003\000.\000\040\000T\000h\000e\000\040\000U\000n\000i\000f\000i\000e\000d\000\040\000M\000e\000t\000a\000-\000O\000r\000a\000c\000l\000e\000\040\000A\000l\000g\000o\000r\000i\000t\000h\000m}{chapter.18}% 783
\BOOKMARK [1][-]{section.18.15}{\376\377\0003\000.\0001\000\040\000A\000l\000g\000o\000r\000i\000t\000h\000m\000:\000\040\000O\000m\000e\000g\000a\000\040\000M\000e\000t\000a\000-\000O\000r\000a\000c\000l\000e\000\040\000S\000o\000l\000v\000e\000r}{chapter.18}% 784
\BOOKMARK [1][-]{section.18.16}{\376\377\0003\000.\0002\000\040\000C\000o\000n\000v\000e\000r\000g\000e\000n\000c\000e\000\040\000G\000u\000a\000r\000a\000n\000t\000e\000e}{chapter.18}% 785
\BOOKMARK [1][-]{section.18.17}{\376\377\0004\000.\000\040\000C\000o\000n\000n\000e\000c\000t\000i\000o\000n\000s\000\040\000t\000o\000\040\000N\000e\000u\000r\000a\000l\000\040\000N\000e\000t\000w\000o\000r\000k\000s}{chapter.18}% 786
\BOOKMARK [1][-]{section.18.18}{\376\377\0004\000.\0001\000\040\000R\000e\000L\000U\000\040\000N\000e\000t\000w\000o\000r\000k\000s\000\040\000a\000s\000\040\000T\000r\000o\000p\000i\000c\000a\000l\000\040\000P\000o\000l\000y\000n\000o\000m\000i\000a\000l\000s}{chapter.18}% 787
\BOOKMARK [1][-]{section.18.19}{\376\377\0004\000.\0002\000\040\000S\000o\000f\000t\000m\000a\000x\000\040\000a\000s\000\040\000T\000r\000o\000p\000i\000c\000a\000l\000\040\000D\000e\000q\000u\000a\000n\000t\000i\000z\000a\000t\000i\000o\000n}{chapter.18}% 788
\BOOKMARK [1][-]{section.18.20}{\376\377\0005\000.\000\040\000N\000o\000v\000e\000l\000\040\000H\000y\000p\000o\000t\000h\000e\000s\000e\000s}{chapter.18}% 789
\BOOKMARK [1][-]{section.18.21}{\376\377\000H\000y\000p\000o\000t\000h\000e\000s\000i\000s\000\040\0001\000:\000\040\000T\000r\000o\000p\000i\000c\000a\000l\000\040\000N\000e\000u\000r\000a\000l\000\040\000A\000r\000c\000h\000i\000t\000e\000c\000t\000u\000r\000e\000\040\000S\000e\000a\000r\000c\000h}{chapter.18}% 790
\BOOKMARK [1][-]{section.18.22}{\376\377\000H\000y\000p\000o\000t\000h\000e\000s\000i\000s\000\040\0002\000:\000\040\000Q\000u\000a\000n\000t\000u\000m\000\040\000O\000r\000a\000c\000l\000e\000\040\000C\000o\000m\000p\000a\000c\000t\000i\000f\000i\000c\000a\000t\000i\000o\000n}{chapter.18}% 791
\BOOKMARK [1][-]{section.18.23}{\376\377\000H\000y\000p\000o\000t\000h\000e\000s\000i\000s\000\040\0003\000:\000\040\000M\000e\000t\000a\000-\000O\000r\000a\000c\000l\000e\000\040\000E\000n\000t\000r\000o\000p\000y\000\040\000\040\000C\000h\000a\000n\000n\000e\000l\000\040\000C\000a\000p\000a\000c\000i\000t\000y}{chapter.18}% 792
\BOOKMARK [1][-]{section.18.24}{\376\377\000H\000y\000p\000o\000t\000h\000e\000s\000i\000s\000\040\0004\000:\000\040\000U\000n\000i\000v\000e\000r\000s\000a\000l\000\040\000T\000r\000o\000p\000i\000c\000a\000l\000\040\000C\000o\000m\000p\000i\000l\000e\000r}{chapter.18}% 793
\BOOKMARK [1][-]{section.18.25}{\376\377\000H\000y\000p\000o\000t\000h\000e\000s\000i\000s\000\040\0005\000:\000\040\000F\000i\000x\000e\000d\000-\000P\000o\000i\000n\000t\000\040\000A\000c\000c\000e\000l\000e\000r\000a\000t\000i\000o\000n\000\040\000v\000i\000a\000\040\000C\000o\000m\000p\000a\000c\000t\000i\000f\000i\000c\000a\000t\000i\000o\000n}{chapter.18}% 794
\BOOKMARK [1][-]{section.18.26}{\376\377\0006\000.\000\040\000E\000x\000p\000e\000r\000i\000m\000e\000n\000t\000a\000l\000\040\000V\000a\000l\000i\000d\000a\000t\000i\000o\000n}{chapter.18}% 795
\BOOKMARK [1][-]{section.18.27}{\376\377\0006\000.\0001\000\040\000S\000t\000e\000r\000e\000o\000g\000r\000a\000p\000h\000i\000c\000\040\000C\000o\000n\000v\000e\000r\000g\000e\000n\000c\000e}{chapter.18}% 796
\BOOKMARK [1][-]{section.18.28}{\376\377\0006\000.\0002\000\040\000C\000o\000n\000t\000r\000a\000c\000t\000i\000o\000n\000\040\000C\000o\000n\000v\000e\000r\000g\000e\000n\000c\000e}{chapter.18}% 797
\BOOKMARK [1][-]{section.18.29}{\376\377\0006\000.\0003\000\040\000T\000r\000o\000p\000i\000c\000a\000l\000\040\000A\000p\000p\000r\000o\000x\000i\000m\000a\000t\000i\000o\000n}{chapter.18}% 798
\BOOKMARK [1][-]{section.18.30}{\376\377\0007\000.\000\040\000A\000p\000p\000l\000i\000c\000a\000t\000i\000o\000n\000s}{chapter.18}% 799
\BOOKMARK [1][-]{section.18.31}{\376\377\0007\000.\0001\000\040\000A\000u\000t\000o\000m\000a\000t\000e\000d\000\040\000T\000h\000e\000o\000r\000e\000m\000\040\000P\000r\000o\000v\000i\000n\000g}{chapter.18}% 800
\BOOKMARK [1][-]{section.18.32}{\376\377\0007\000.\0002\000\040\000G\000l\000o\000b\000a\000l\000\040\000O\000p\000t\000i\000m\000i\000z\000a\000t\000i\000o\000n}{chapter.18}% 801
\BOOKMARK [1][-]{section.18.33}{\376\377\0007\000.\0003\000\040\000N\000e\000u\000r\000a\000l\000\040\000N\000e\000t\000w\000o\000r\000k\000\040\000D\000e\000s\000i\000g\000n}{chapter.18}% 802
\BOOKMARK [1][-]{section.18.34}{\376\377\0007\000.\0004\000\040\000Q\000u\000a\000n\000t\000u\000m\000\040\000A\000l\000g\000o\000r\000i\000t\000h\000m\000\040\000D\000e\000s\000i\000g\000n}{chapter.18}% 803
\BOOKMARK [1][-]{section.18.35}{\376\377\0007\000.\0005\000\040\000C\000r\000y\000p\000t\000o\000g\000r\000a\000p\000h\000i\000c\000\040\000P\000r\000o\000t\000o\000c\000o\000l\000\040\000A\000n\000a\000l\000y\000s\000i\000s}{chapter.18}% 804
\BOOKMARK [1][-]{section.18.36}{\376\377\0008\000.\000\040\000F\000o\000r\000m\000a\000l\000i\000z\000a\000t\000i\000o\000n\000\040\000S\000u\000m\000m\000a\000r\000y}{chapter.18}% 805
\BOOKMARK [1][-]{section.18.37}{\376\377\0009\000.\000\040\000C\000o\000n\000c\000l\000u\000s\000i\000o\000n}{chapter.18}% 806
\BOOKMARK [1][-]{section.18.38}{\376\377\000R\000e\000f\000e\000r\000e\000n\000c\000e\000s}{chapter.18}% 807
\BOOKMARK [1][-]{section.18.39}{\376\377\000S\000c\000i\000e\000n\000t\000i\000f\000i\000c\000\040\000A\000m\000e\000r\000i\000c\000a\000n\000\040\000A\000r\000t\000i\000c\000l\000e}{chapter.18}% 808
\BOOKMARK [1][-]{section.18.40}{\376\377\000H\000o\000w\000\040\000a\000\040\0001\0000\0000\000-\000Y\000e\000a\000r\000-\000O\000l\000d\000\040\000T\000r\000i\000c\000k\000\040\000f\000r\000o\000m\000\040\000T\000o\000p\000o\000l\000o\000g\000y\000\040\000C\000o\000u\000l\000d\000\040\000R\000e\000v\000o\000l\000u\000t\000i\000o\000n\000i\000z\000e\000\040\000A\000I\000,\000\040\000O\000p\000t\000i\000m\000i\000z\000a\000t\000i\000o\000n\000,\000\040\000a\000n\000d\000\040\000Q\000u\000a\000n\000t\000u\000m\000\040\000C\000o\000m\000p\000u\000t\000i\000n\000g}{chapter.18}% 809
\BOOKMARK [1][-]{section.18.41}{\376\377\000T\000h\000e\000\040\000N\000o\000r\000t\000h\000\040\000P\000o\000l\000e\000\040\000o\000f\000\040\000M\000a\000t\000h\000e\000m\000a\000t\000i\000c\000s}{chapter.18}% 810
\BOOKMARK [1][-]{section.18.42}{\376\377\000W\000r\000a\000p\000p\000i\000n\000g\000\040\000I\000n\000f\000i\000n\000i\000t\000y\000\040\000i\000n\000t\000o\000\040\000a\000\040\000B\000a\000l\000l}{chapter.18}% 811
\BOOKMARK [1][-]{section.18.43}{\376\377\000T\000h\000e\000\040\000T\000h\000r\000e\000e\000-\000S\000t\000e\000p\000\040\000M\000e\000t\000h\000o\000d}{chapter.18}% 812
\BOOKMARK [1][-]{section.18.44}{\376\377\000T\000h\000e\000\040\000T\000r\000o\000p\000i\000c\000a\000l\000\040\000C\000o\000n\000n\000e\000c\000t\000i\000o\000n}{chapter.18}% 813
\BOOKMARK [1][-]{section.18.45}{\376\377\000T\000h\000e\000\040\000S\000e\000l\000f\000-\000I\000m\000p\000r\000o\000v\000i\000n\000g\000\040\000O\000r\000a\000c\000l\000e}{chapter.18}% 814
\BOOKMARK [1][-]{section.18.46}{\376\377\000Q\000u\000a\000n\000t\000u\000m\000\040\000G\000a\000t\000e\000s\000\040\000o\000n\000\040\000t\000h\000e\000\040\000S\000p\000h\000e\000r\000e}{chapter.18}% 815
\BOOKMARK [1][-]{section.18.47}{\376\377\000W\000h\000a\000t\000\040\000D\000o\000e\000s\000\040\000T\000h\000i\000s\000\040\000M\000e\000a\000n\000\040\000f\000o\000r\000\040\000A\000I\000?}{chapter.18}% 816
\BOOKMARK [1][-]{section.18.48}{\376\377\000T\000h\000e\000\040\000E\000x\000p\000e\000r\000i\000m\000e\000n\000t\000s}{chapter.18}% 817
\BOOKMARK [1][-]{section.18.49}{\376\377\000F\000i\000v\000e\000\040\000O\000p\000e\000n\000\040\000Q\000u\000e\000s\000t\000i\000o\000n\000s}{chapter.18}% 818
\BOOKMARK [1][-]{section.18.50}{\376\377\000A\000\040\000N\000e\000w\000\040\000L\000e\000n\000s}{chapter.18}% 819
\BOOKMARK [0][-]{chapter.19}{\376\377\000M\000e\000t\000a\000\040\000O\000r\000a\000c\000l\000e\000\040\000R\000e\000s\000e\000a\000r\000c\000h}{part.4}% 820
\BOOKMARK [1][-]{section.19.1}{\376\377\000F\000i\000g\000u\000r\000e\000s}{chapter.19}% 821
\BOOKMARK [1][-]{section.19.2}{\376\377\000R\000e\000s\000e\000a\000r\000c\000h\000\040\000P\000a\000p\000e\000r}{chapter.19}% 822
\BOOKMARK [1][-]{section.19.3}{\376\377\000A\000b\000s\000t\000r\000a\000c\000t}{chapter.19}% 823
\BOOKMARK [1][-]{section.19.4}{\376\377\0001\000.\000\040\000I\000n\000t\000r\000o\000d\000u\000c\000t\000i\000o\000n}{chapter.19}% 824
\BOOKMARK [1][-]{section.19.5}{\376\377\0001\000.\0001\000\040\000T\000h\000e\000\040\000M\000e\000t\000a\000-\000O\000r\000a\000c\000l\000e\000\040\000F\000r\000a\000m\000e\000w\000o\000r\000k}{chapter.19}% 825
\BOOKMARK [1][-]{section.19.6}{\376\377\0002\000.\000\040\000H\000y\000p\000o\000t\000h\000e\000s\000i\000s\000\040\0001\000:\000\040\000S\000p\000e\000c\000t\000r\000a\000l\000\040\000G\000a\000p}{chapter.19}% 826
\BOOKMARK [1][-]{section.19.7}{\376\377\0002\000.\0001\000\040\000S\000t\000a\000t\000e\000m\000e\000n\000t}{chapter.19}% 827
\BOOKMARK [1][-]{section.19.8}{\376\377\0002\000.\0002\000\040\000S\000p\000e\000c\000t\000r\000a\000l\000\040\000D\000e\000c\000o\000m\000p\000o\000s\000i\000t\000i\000o\000n}{chapter.19}% 828
\BOOKMARK [1][-]{section.19.9}{\376\377\0002\000.\0003\000\040\000T\000h\000e\000o\000r\000e\000t\000i\000c\000a\000l\000\040\000E\000x\000p\000l\000a\000n\000a\000t\000i\000o\000n}{chapter.19}% 829
\BOOKMARK [1][-]{section.19.10}{\376\377\0002\000.\0004\000\040\000C\000o\000n\000v\000e\000r\000g\000e\000n\000c\000e\000\040\000R\000a\000t\000e}{chapter.19}% 830
\BOOKMARK [1][-]{section.19.11}{\376\377\0002\000.\0005\000\040\000U\000p\000d\000a\000t\000e\000d\000\040\000H\000y\000p\000o\000t\000h\000e\000s\000i\000s}{chapter.19}% 831
\BOOKMARK [1][-]{section.19.12}{\376\377\0003\000.\000\040\000H\000y\000p\000o\000t\000h\000e\000s\000i\000s\000\040\0002\000:\000\040\000F\000r\000a\000c\000t\000a\000l\000\040\000D\000i\000m\000e\000n\000s\000i\000o\000n}{chapter.19}% 832
\BOOKMARK [1][-]{section.19.13}{\376\377\0003\000.\0001\000\040\000S\000t\000a\000t\000e\000m\000e\000n\000t}{chapter.19}% 833
\BOOKMARK [1][-]{section.19.14}{\376\377\0003\000.\0002\000\040\000E\000x\000p\000e\000r\000i\000m\000e\000n\000t\000a\000l\000\040\000R\000e\000s\000u\000l\000t\000s}{chapter.19}% 834
\BOOKMARK [1][-]{section.19.15}{\376\377\0003\000.\0003\000\040\000A\000n\000a\000l\000y\000s\000i\000s\000:\000\040\000W\000h\000y\000\040\000t\000h\000e\000\040\000P\000r\000e\000d\000i\000c\000t\000i\000o\000n\000\040\000F\000a\000i\000l\000s}{chapter.19}% 835
\BOOKMARK [1][-]{section.19.16}{\376\377\0003\000.\0004\000\040\000C\000o\000r\000r\000e\000c\000t\000e\000d\000\040\000H\000y\000p\000o\000t\000h\000e\000s\000i\000s}{chapter.19}% 836
\BOOKMARK [1][-]{section.19.17}{\376\377\0004\000.\000\040\000H\000y\000p\000o\000t\000h\000e\000s\000i\000s\000\040\0003\000:\000\040\000E\000f\000f\000e\000c\000t\000i\000v\000e\000\040\000B\000r\000a\000n\000c\000h\000i\000n\000g\000\040\000F\000a\000c\000t\000o\000r}{chapter.19}% 837
\BOOKMARK [1][-]{section.19.18}{\376\377\0004\000.\0001\000\040\000S\000t\000a\000t\000e\000m\000e\000n\000t}{chapter.19}% 838
\BOOKMARK [1][-]{section.19.19}{\376\377\0004\000.\0002\000\040\000E\000x\000p\000e\000r\000i\000m\000e\000n\000t\000a\000l\000\040\000R\000e\000s\000u\000l\000t\000s\000\040\040\024\000\040\000D\000e\000c\000i\000s\000i\000v\000e\000\040\000R\000e\000f\000u\000t\000a\000t\000i\000o\000n}{chapter.19}% 839
\BOOKMARK [1][-]{section.19.20}{\376\377\0004\000.\0003\000\040\000E\000x\000p\000l\000a\000n\000a\000t\000i\000o\000n}{chapter.19}% 840
\BOOKMARK [1][-]{section.19.21}{\376\377\0004\000.\0004\000\040\000U\000p\000d\000a\000t\000e\000d\000\040\000R\000e\000s\000u\000l\000t}{chapter.19}% 841
\BOOKMARK [1][-]{section.19.22}{\376\377\0005\000.\000\040\000H\000y\000p\000o\000t\000h\000e\000s\000i\000s\000\040\0004\000:\000\040\000Q\000u\000a\000t\000e\000r\000n\000i\000o\000n\000i\000c\000\040\000E\000x\000t\000e\000n\000s\000i\000o\000n}{chapter.19}% 842
\BOOKMARK [1][-]{section.19.23}{\376\377\0005\000.\0001\000\040\000S\000t\000a\000t\000e\000m\000e\000n\000t}{chapter.19}% 843
\BOOKMARK [1][-]{section.19.24}{\376\377\0005\000.\0002\000\040\000R\000e\000s\000u\000l\000t\000s}{chapter.19}% 844
\BOOKMARK [1][-]{section.19.25}{\376\377\0005\000.\0003\000\040\000S\000t\000r\000u\000c\000t\000u\000r\000a\000l\000\040\000O\000b\000s\000t\000r\000u\000c\000t\000i\000o\000n}{chapter.19}% 845
\BOOKMARK [1][-]{section.19.26}{\376\377\0005\000.\0004\000\040\000Q\000u\000a\000t\000e\000r\000n\000i\000o\000n\000i\000c\000\040\000C\000o\000n\000n\000e\000c\000t\000i\000o\000n}{chapter.19}% 846
\BOOKMARK [1][-]{section.19.27}{\376\377\0005\000.\0005\000\040\000S\000p\000e\000c\000t\000r\000a\000l\000\040\000P\000r\000o\000p\000e\000r\000t\000i\000e\000s\000\040\000o\000f\000\040\000C\000a\000n\000d\000i\000d\000a\000t\000e\000\040\000G\000e\000n\000e\000r\000a\000t\000o\000r\000s}{chapter.19}% 847
\BOOKMARK [1][-]{section.19.28}{\376\377\0006\000.\000\040\000H\000y\000p\000o\000t\000h\000e\000s\000i\000s\000\040\0005\000:\000\040\000p\000-\000a\000d\000i\000c\000\040\000P\000e\000r\000i\000o\000d\000i\000c\000i\000t\000y}{chapter.19}% 848
\BOOKMARK [1][-]{section.19.29}{\376\377\0006\000.\0001\000\040\000S\000t\000a\000t\000e\000m\000e\000n\000t}{chapter.19}% 849
\BOOKMARK [1][-]{section.19.30}{\376\377\0006\000.\0002\000\040\000E\000x\000p\000e\000r\000i\000m\000e\000n\000t\000a\000l\000\040\000R\000e\000s\000u\000l\000t\000s}{chapter.19}% 850
\BOOKMARK [1][-]{section.19.31}{\376\377\0006\000.\0003\000\040\000D\000i\000s\000c\000o\000v\000e\000r\000e\000d\000\040\000P\000a\000t\000t\000e\000r\000n\000s}{chapter.19}% 851
\BOOKMARK [1][-]{section.19.32}{\376\377\0006\000.\0004\000\040\000C\000o\000r\000r\000e\000c\000t\000e\000d\000\040\000C\000o\000n\000j\000e\000c\000t\000u\000r\000e}{chapter.19}% 852
\BOOKMARK [1][-]{section.19.33}{\376\377\0006\000.\0005\000\040\000C\000o\000n\000n\000e\000c\000t\000i\000o\000n\000\040\000t\000o\000\040\000F\000i\000n\000i\000t\000e\000\040\000F\000i\000e\000l\000d\000\040\000A\000r\000i\000t\000h\000m\000e\000t\000i\000c}{chapter.19}% 853
\BOOKMARK [1][-]{section.19.34}{\376\377\0007\000.\000\040\000N\000e\000w\000\040\000H\000y\000p\000o\000t\000h\000e\000s\000e\000s\000\040\000G\000e\000n\000e\000r\000a\000t\000e\000d}{chapter.19}% 854
\BOOKMARK [1][-]{section.19.35}{\376\377\000H\000y\000p\000o\000t\000h\000e\000s\000i\000s\000\040\000A\000:\000\040\000L\000o\000r\000e\000n\000t\000z\000i\000a\000n\000\040\000G\000e\000o\000d\000e\000s\000i\000c\000\040\000C\000o\000r\000r\000e\000s\000p\000o\000n\000d\000e\000n\000c\000e}{chapter.19}% 855
\BOOKMARK [1][-]{section.19.36}{\376\377\000H\000y\000p\000o\000t\000h\000e\000s\000i\000s\000\040\000B\000:\000\040\000Q\000u\000a\000n\000t\000u\000m\000\040\000O\000r\000a\000c\000l\000e\000\040\000S\000p\000e\000c\000t\000r\000a\000l\000\040\000G\000a\000p}{chapter.19}% 856
\BOOKMARK [1][-]{section.19.37}{\376\377\000H\000y\000p\000o\000t\000h\000e\000s\000i\000s\000\040\000C\000:\000\040\000M\000u\000l\000t\000i\000f\000r\000a\000c\000t\000a\000l\000\040\000S\000p\000e\000c\000t\000r\000u\000m}{chapter.19}% 857
\BOOKMARK [1][-]{section.19.38}{\376\377\000H\000y\000p\000o\000t\000h\000e\000s\000i\000s\000\040\000D\000:\000\040\000U\000n\000i\000v\000e\000r\000s\000a\000l\000\040\000B\000r\000a\000n\000c\000h\000i\000n\000g\000\040\000P\000r\000e\000s\000e\000r\000v\000a\000t\000i\000o\000n}{chapter.19}% 858
\BOOKMARK [1][-]{section.19.39}{\376\377\000H\000y\000p\000o\000t\000h\000e\000s\000i\000s\000\040\000E\000:\000\040\000U\000n\000i\000p\000o\000t\000e\000n\000c\000y\000\040\000C\000h\000a\000r\000a\000c\000t\000e\000r\000i\000z\000a\000t\000i\000o\000n}{chapter.19}% 859
\BOOKMARK [1][-]{section.19.40}{\376\377\0008\000.\000\040\000A\000p\000p\000l\000i\000c\000a\000t\000i\000o\000n\000s}{chapter.19}% 860
\BOOKMARK [1][-]{section.19.41}{\376\377\0008\000.\0001\000\040\000C\000r\000y\000p\000t\000o\000g\000r\000a\000p\000h\000i\000c\000\040\000R\000a\000n\000d\000o\000m\000\040\000N\000u\000m\000b\000e\000r\000\040\000G\000e\000n\000e\000r\000a\000t\000i\000o\000n}{chapter.19}% 861
\BOOKMARK [1][-]{section.19.42}{\376\377\0008\000.\0002\000\040\000S\000i\000g\000n\000a\000l\000\040\000P\000r\000o\000c\000e\000s\000s\000i\000n\000g}{chapter.19}% 862
\BOOKMARK [1][-]{section.19.43}{\376\377\0008\000.\0003\000\040\000O\000p\000t\000i\000m\000i\000z\000a\000t\000i\000o\000n\000\040\000A\000l\000g\000o\000r\000i\000t\000h\000m\000s}{chapter.19}% 863
\BOOKMARK [1][-]{section.19.44}{\376\377\0008\000.\0004\000\040\000E\000r\000r\000o\000r\000-\000C\000o\000r\000r\000e\000c\000t\000i\000n\000g\000\040\000C\000o\000d\000e\000s}{chapter.19}% 864
\BOOKMARK [1][-]{section.19.45}{\376\377\0008\000.\0005\000\040\000M\000a\000c\000h\000i\000n\000e\000\040\000L\000e\000a\000r\000n\000i\000n\000g\000\040\000A\000r\000c\000h\000i\000t\000e\000c\000t\000u\000r\000e\000\040\000D\000e\000s\000i\000g\000n}{chapter.19}% 865
\BOOKMARK [1][-]{section.19.46}{\376\377\0009\000.\000\040\000C\000o\000n\000c\000l\000u\000s\000i\000o\000n\000s}{chapter.19}% 866
\BOOKMARK [1][-]{section.19.47}{\376\377\000R\000e\000f\000e\000r\000e\000n\000c\000e\000s}{chapter.19}% 867
\BOOKMARK [1][-]{section.19.48}{\376\377\000S\000c\000i\000e\000n\000t\000i\000f\000i\000c\000\040\000A\000m\000e\000r\000i\000c\000a\000n\000\040\000A\000r\000t\000i\000c\000l\000e}{chapter.19}% 868
\BOOKMARK [1][-]{section.19.49}{\376\377\000H\000o\000w\000\040\000a\000\040\0009\0000\000-\000y\000e\000a\000r\000-\000o\000l\000d\000\040\000m\000a\000t\000h\000e\000m\000a\000t\000i\000c\000a\000l\000\040\000t\000r\000e\000e\000\040\000r\000e\000v\000e\000a\000l\000s\000\040\000f\000r\000a\000c\000t\000a\000l\000\040\000p\000a\000t\000t\000e\000r\000n\000s\000,\000\040\000q\000u\000a\000n\000t\000u\000m\000-\000l\000i\000k\000e\000\040\000d\000y\000n\000a\000m\000i\000c\000s\000,\000\040\000a\000n\000d\000\040\000a\000\040\000n\000e\000w\000\040\000w\000a\000y\000\040\000t\000o\000\040\000t\000h\000i\000n\000k\000\040\000a\000b\000o\000u\000t\000\040\000a\000r\000t\000i\000f\000i\000c\000i\000a\000l\000\040\000i\000n\000t\000e\000l\000l\000i\000g\000e\000n\000c\000e}{chapter.19}% 869
\BOOKMARK [1][-]{section.19.50}{\376\377\000A\000\040\000T\000r\000e\000e\000\040\000o\000f\000\040\000T\000r\000i\000a\000n\000g\000l\000e\000s}{chapter.19}% 870
\BOOKMARK [1][-]{section.19.51}{\376\377\000T\000h\000e\000\040\000O\000r\000a\000c\000l\000e\000\040\000T\000h\000a\000t\000\040\000I\000m\000p\000r\000o\000v\000e\000s\000\040\000I\000t\000s\000e\000l\000f}{chapter.19}% 871
\BOOKMARK [1][-]{section.19.52}{\376\377\000F\000r\000a\000c\000t\000a\000l\000s\000\040\000i\000n\000\040\000t\000h\000e\000\040\000R\000a\000t\000i\000o\000s}{chapter.19}% 872
\BOOKMARK [1][-]{section.19.53}{\376\377\000T\000h\000e\000\040\000S\000u\000r\000p\000r\000i\000s\000e\000:\000\040\000P\000e\000r\000f\000e\000c\000t\000\040\000B\000r\000a\000n\000c\000h\000i\000n\000g}{chapter.19}% 873
\BOOKMARK [1][-]{section.19.54}{\376\377\000B\000e\000y\000o\000n\000d\000\040\000T\000h\000r\000e\000e\000\040\000D\000i\000m\000e\000n\000s\000i\000o\000n\000s}{chapter.19}% 874
\BOOKMARK [1][-]{section.19.55}{\376\377\000C\000l\000o\000c\000k\000\040\000A\000r\000i\000t\000h\000m\000e\000t\000i\000c\000\040\000a\000n\000d\000\040\000C\000o\000d\000e\000s}{chapter.19}% 875
\BOOKMARK [1][-]{section.19.56}{\376\377\000A\000\040\000N\000e\000w\000\040\000P\000a\000r\000a\000d\000i\000g\000m\000\040\000f\000o\000r\000\040\000A\000I\000?}{chapter.19}% 876
\BOOKMARK [1][-]{section.19.57}{\376\377\000T\000h\000e\000\040\000D\000e\000e\000p\000e\000r\000\040\000P\000a\000t\000t\000e\000r\000n}{chapter.19}% 877
\BOOKMARK [1][-]{section.19.58}{\376\377\000B\000o\000x\000:\000\040\000T\000h\000e\000\040\000N\000u\000m\000b\000e\000r\000s\000\040\000a\000t\000\040\000a\000\040\000G\000l\000a\000n\000c\000e}{chapter.19}% 878
\BOOKMARK [1][-]{section.19.59}{\376\377\000B\000o\000x\000:\000\040\000T\000r\000y\000\040\000I\000t\000\040\000Y\000o\000u\000r\000s\000e\000l\000f}{chapter.19}% 879
\BOOKMARK [0][-]{chapter.20}{\376\377\000M\000e\000t\000a\000\040\000O\000r\000a\000c\000l\000e\040\023\000P\000y\000t\000h\000a\000g\000o\000r\000e\000a\000n\000\040\000D\000e\000e\000p\000\040\000I\000s\000o\000m\000o\000r\000p\000h\000i\000s\000m}{part.4}% 880
\BOOKMARK [1][-]{section.20.1}{\376\377\000R\000e\000s\000e\000a\000r\000c\000h\000\040\000P\000a\000p\000e\000r}{chapter.20}% 881
\BOOKMARK [1][-]{section.20.2}{\376\377\000A\000\040\000R\000e\000s\000e\000a\000r\000c\000h\000\040\000P\000a\000p\000e\000r\000\040\000w\000i\000t\000h\000\040\000M\000a\000c\000h\000i\000n\000e\000-\000V\000e\000r\000i\000f\000i\000e\000d\000\040\000P\000r\000o\000o\000f\000s}{chapter.20}% 882
\BOOKMARK [1][-]{section.20.3}{\376\377\0001\000.\000\040\000I\000n\000t\000r\000o\000d\000u\000c\000t\000i\000o\000n\000:\000\040\000W\000h\000e\000n\000\040\000O\000r\000a\000c\000l\000e\000s\000\040\000M\000e\000e\000t\000\040\000G\000e\000o\000m\000e\000t\000r\000y}{chapter.20}% 883
\BOOKMARK [1][-]{section.20.4}{\376\377\0002\000.\000\040\000T\000h\000e\000\040\000M\000a\000t\000h\000e\000m\000a\000t\000i\000c\000a\000l\000\040\000F\000r\000a\000m\000e\000w\000o\000r\000k}{chapter.20}% 884
\BOOKMARK [1][-]{section.20.5}{\376\377\0002\000.\0001\000\040\000O\000r\000a\000c\000l\000e\000\040\000T\000h\000e\000o\000r\000y}{chapter.20}% 885
\BOOKMARK [1][-]{section.20.6}{\376\377\0002\000.\0002\000\040\000T\000h\000e\000\040\000B\000e\000r\000g\000g\000r\000e\000n\000\040\000T\000r\000e\000e}{chapter.20}% 886
\BOOKMARK [1][-]{section.20.7}{\376\377\0002\000.\0003\000\040\000T\000h\000e\000\040\000D\000e\000g\000e\000n\000e\000r\000a\000t\000e\000\040\000T\000r\000i\000p\000l\000e\000\040\000\050\0000\000,\000\040\0001\000,\000\040\0001\000\051}{chapter.20}% 887
\BOOKMARK [1][-]{section.20.8}{\376\377\0002\000.\0004\000\040\000T\000e\000r\000n\000a\000r\000y\000\040\000A\000l\000g\000e\000b\000r\000a\000s}{chapter.20}% 888
\BOOKMARK [1][-]{section.20.9}{\376\377\0003\000.\000\040\000T\000h\000e\000\040\000I\000s\000o\000m\000o\000r\000p\000h\000i\000s\000m\000\040\000T\000h\000e\000o\000r\000e\000m\000s}{chapter.20}% 889
\BOOKMARK [1][-]{section.20.10}{\376\377\000T\000h\000e\000o\000r\000e\000m\000\040\0001\000:\000\040\000M\000e\000t\000a\000\040\000O\000r\000a\000c\000l\000e\000\040\000.\0005\000-\000.\0005\000.\0005\000-\000.\0005\000.\0005\000-\000.\0005\000.\0005\000-\000.\0005\000\040\000\050\0000\000,\0001\000,\0001\000\051\000\040\000T\000r\000e\000e}{chapter.20}% 890
\BOOKMARK [1][-]{section.20.11}{\376\377\000T\000h\000e\000o\000r\000e\000m\000\040\0002\000:\000\040\000O\000r\000a\000c\000l\000e\000\040\000.\0005\000-\000.\0005\000.\0005\000-\000.\0005\000.\0005\000-\000.\0005\000.\0005\000-\000.\0005\000\040\000\050\0003\000,\0004\000,\0005\000\051\000\040\000T\000r\000e\000e}{chapter.20}% 891
\BOOKMARK [1][-]{section.20.12}{\376\377\000T\000h\000e\000o\000r\000e\000m\000\040\0003\000:\000\040\000E\000m\000b\000e\000d\000d\000i\000n\000g\000\040\000\050\000N\000e\000w\000\051}{chapter.20}% 892
\BOOKMARK [1][-]{section.20.13}{\376\377\000T\000h\000e\000o\000r\000e\000m\000\040\0004\000:\000\040\000U\000n\000i\000q\000u\000e\000\040\000P\000r\000i\000m\000i\000t\000i\000v\000e\000\040\000F\000i\000x\000p\000o\000i\000n\000t\000\040\000\050\000N\000e\000w\000\051}{chapter.20}% 893
\BOOKMARK [1][-]{section.20.14}{\376\377\000T\000h\000e\000o\000r\000e\000m\000\040\0005\000:\000\040\000L\000o\000r\000e\000n\000t\000z\000\040\000I\000n\000v\000a\000r\000i\000a\000n\000c\000e\000\040\000a\000s\000\040\000T\000e\000r\000n\000a\000r\000y\000\040\000H\000o\000m\000o\000m\000o\000r\000p\000h\000i\000s\000m\000\040\000\050\000N\000e\000w\000\051}{chapter.20}% 894
\BOOKMARK [1][-]{section.20.15}{\376\377\000T\000h\000e\000o\000r\000e\000m\000\040\0006\000:\000\040\000C\000o\000m\000p\000l\000e\000t\000e\000\040\000I\000n\000v\000e\000r\000s\000e\000\040\000M\000a\000p\000s\000\040\000\050\000N\000e\000w\000\051}{chapter.20}% 895
\BOOKMARK [1][-]{section.20.16}{\376\377\0004\000.\000\040\000D\000e\000t\000e\000r\000m\000i\000n\000a\000n\000t\000\040\000S\000t\000r\000u\000c\000t\000u\000r\000e}{chapter.20}% 896
\BOOKMARK [1][-]{section.20.17}{\376\377\0005\000.\000\040\000C\000o\000m\000p\000u\000t\000a\000t\000i\000o\000n\000a\000l\000\040\000D\000i\000s\000c\000o\000v\000e\000r\000i\000e\000s}{chapter.20}% 897
\BOOKMARK [1][-]{section.20.18}{\376\377\0005\000.\0001\000\040\000T\000h\000e\000\040\0001\000/\0002\000\040\000C\000o\000n\000v\000e\000r\000g\000e\000n\000c\000e}{chapter.20}% 898
\BOOKMARK [1][-]{section.20.19}{\376\377\0005\000.\0002\000\040\000S\000e\000l\000f\000-\000S\000i\000m\000i\000l\000a\000r\000\040\000R\000a\000t\000i\000o\000\040\000D\000i\000s\000t\000r\000i\000b\000u\000t\000i\000o\000n}{chapter.20}% 899
\BOOKMARK [1][-]{section.20.20}{\376\377\0005\000.\0003\000\040\000P\000a\000r\000i\000t\000y\000\040\000P\000a\000t\000t\000e\000r\000n}{chapter.20}% 900
\BOOKMARK [1][-]{section.20.21}{\376\377\0005\000.\0004\000\040\000H\000y\000p\000o\000t\000e\000n\000u\000s\000e\000\040\000G\000r\000o\000w\000t\000h}{chapter.20}% 901
\BOOKMARK [1][-]{section.20.22}{\376\377\0006\000.\000\040\000V\000a\000l\000i\000d\000a\000t\000e\000d\000\040\000H\000y\000p\000o\000t\000h\000e\000s\000e\000s}{chapter.20}% 902
\BOOKMARK [1][-]{section.20.23}{\376\377\0007\000.\000\040\000A\000p\000p\000l\000i\000c\000a\000t\000i\000o\000n\000s}{chapter.20}% 903
\BOOKMARK [1][-]{section.20.24}{\376\377\0007\000.\0001\000\040\000A\000I\000\040\000S\000e\000l\000f\000-\000I\000m\000p\000r\000o\000v\000e\000m\000e\000n\000t\000\040\000A\000r\000c\000h\000i\000t\000e\000c\000t\000u\000r\000e}{chapter.20}% 904
\BOOKMARK [1][-]{section.20.25}{\376\377\0007\000.\0002\000\040\000Q\000u\000a\000n\000t\000u\000m\000\040\000S\000t\000a\000t\000e\000\040\000P\000r\000e\000p\000a\000r\000a\000t\000i\000o\000n}{chapter.20}% 905
\BOOKMARK [1][-]{section.20.26}{\376\377\0007\000.\0003\000\040\000C\000r\000y\000p\000t\000o\000g\000r\000a\000p\000h\000i\000c\000\040\000K\000e\000y\000\040\000D\000e\000r\000i\000v\000a\000t\000i\000o\000n}{chapter.20}% 906
\BOOKMARK [1][-]{section.20.27}{\376\377\0007\000.\0004\000\040\000E\000r\000r\000o\000r\000-\000C\000o\000r\000r\000e\000c\000t\000i\000n\000g\000\040\000C\000o\000d\000e\000s}{chapter.20}% 907
\BOOKMARK [1][-]{section.20.28}{\376\377\0007\000.\0005\000\040\000S\000i\000g\000n\000a\000l\000\040\000P\000r\000o\000c\000e\000s\000s\000i\000n\000g}{chapter.20}% 908
\BOOKMARK [1][-]{section.20.29}{\376\377\0008\000.\000\040\000T\000h\000e\000\040\000L\000e\000a\000n\000\040\0004\000\040\000F\000o\000r\000m\000a\000l\000i\000z\000a\000t\000i\000o\000n}{chapter.20}% 909
\BOOKMARK [1][-]{section.20.30}{\376\377\0008\000.\0001\000\040\000F\000i\000l\000e\000\040\000S\000t\000r\000u\000c\000t\000u\000r\000e}{chapter.20}% 910
\BOOKMARK [1][-]{section.20.31}{\376\377\0008\000.\0002\000\040\000K\000e\000y\000\040\000V\000e\000r\000i\000f\000i\000e\000d\000\040\000R\000e\000s\000u\000l\000t\000s}{chapter.20}% 911
\BOOKMARK [1][-]{section.20.32}{\376\377\0009\000.\000\040\000N\000e\000w\000\040\000H\000y\000p\000o\000t\000h\000e\000s\000e\000s\000\040\000f\000o\000r\000\040\000F\000u\000t\000u\000r\000e\000\040\000W\000o\000r\000k}{chapter.20}% 912
\BOOKMARK [1][-]{section.20.33}{\376\377\000H\000y\000p\000o\000t\000h\000e\000s\000i\000s\000\040\0001\0000\000:\000\040\000S\000p\000e\000c\000t\000r\000a\000l\000\040\000G\000a\000p}{chapter.20}% 913
\BOOKMARK [1][-]{section.20.34}{\376\377\000H\000y\000p\000o\000t\000h\000e\000s\000i\000s\000\040\0001\0001\000:\000\040\000F\000r\000a\000c\000t\000a\000l\000\040\000D\000i\000m\000e\000n\000s\000i\000o\000n}{chapter.20}% 914
\BOOKMARK [1][-]{section.20.35}{\376\377\000H\000y\000p\000o\000t\000h\000e\000s\000i\000s\000\040\0001\0002\000:\000\040\000E\000f\000f\000e\000c\000t\000i\000v\000e\000\040\000B\000r\000a\000n\000c\000h\000i\000n\000g\000\040\000F\000a\000c\000t\000o\000r}{chapter.20}% 915
\BOOKMARK [1][-]{section.20.36}{\376\377\000H\000y\000p\000o\000t\000h\000e\000s\000i\000s\000\040\0001\0003\000:\000\040\000Q\000u\000a\000t\000e\000r\000n\000i\000o\000n\000i\000c\000\040\000E\000x\000t\000e\000n\000s\000i\000o\000n}{chapter.20}% 916
\BOOKMARK [1][-]{section.20.37}{\376\377\000H\000y\000p\000o\000t\000h\000e\000s\000i\000s\000\040\0001\0004\000:\000\040\000p\000-\000a\000d\000i\000c\000\040\000C\000o\000n\000v\000e\000r\000g\000e\000n\000c\000e}{chapter.20}% 917
\BOOKMARK [1][-]{section.20.38}{\376\377\0001\0000\000.\000\040\000C\000o\000n\000c\000l\000u\000s\000i\000o\000n}{chapter.20}% 918
\BOOKMARK [1][-]{section.20.39}{\376\377\000R\000e\000f\000e\000r\000e\000n\000c\000e\000s}{chapter.20}% 919
\BOOKMARK [1][-]{section.20.40}{\376\377\000S\000c\000i\000e\000n\000t\000i\000f\000i\000c\000\040\000A\000m\000e\000r\000i\000c\000a\000n\000\040\000A\000r\000t\000i\000c\000l\000e}{chapter.20}% 920
\BOOKMARK [1][-]{section.20.41}{\376\377\000H\000o\000w\000\040\000a\000\040\0004\000,\0000\0000\0000\000-\000Y\000e\000a\000r\000-\000O\000l\000d\000\040\000E\000q\000u\000a\000t\000i\000o\000n\000\040\000R\000e\000v\000e\000a\000l\000s\000\040\000t\000h\000e\000\040\000H\000i\000d\000d\000e\000n\000\040\000A\000r\000c\000h\000i\000t\000e\000c\000t\000u\000r\000e\000\040\000o\000f\000\040\000K\000n\000o\000w\000l\000e\000d\000g\000e}{chapter.20}% 921
\BOOKMARK [1][-]{section.20.42}{\376\377\000T\000h\000e\000\040\000O\000l\000d\000e\000s\000t\000\040\000E\000q\000u\000a\000t\000i\000o\000n\000,\000\040\000t\000h\000e\000\040\000N\000e\000w\000e\000s\000t\000\040\000S\000c\000i\000e\000n\000c\000e}{chapter.20}% 922
\BOOKMARK [1][-]{section.20.43}{\376\377\000W\000h\000a\000t\000\040\000I\000s\000\040\000a\000n\000\040\000O\000r\000a\000c\000l\000e\000?}{chapter.20}% 923
\BOOKMARK [1][-]{section.20.44}{\376\377\000T\000h\000e\000\040\000B\000e\000r\000g\000g\000r\000e\000n\000\040\000T\000r\000e\000e}{chapter.20}% 924
\BOOKMARK [1][-]{section.20.45}{\376\377\000T\000h\000e\000\040\000I\000s\000o\000m\000o\000r\000p\000h\000i\000s\000m}{chapter.20}% 925
\BOOKMARK [1][-]{section.20.46}{\376\377\000T\000h\000e\000\040\0001\000/\0002\000\040\000C\000o\000n\000v\000e\000r\000g\000e\000n\000c\000e}{chapter.20}% 926
\BOOKMARK [1][-]{section.20.47}{\376\377\000T\000h\000e\000\040\000L\000o\000r\000e\000n\000t\000z\000\040\000C\000o\000n\000n\000e\000c\000t\000i\000o\000n}{chapter.20}% 927
\BOOKMARK [1][-]{section.20.48}{\376\377\000A\000p\000p\000l\000i\000c\000a\000t\000i\000o\000n\000s}{chapter.20}% 928
\BOOKMARK [1][-]{section.20.49}{\376\377\000V\000e\000r\000i\000f\000i\000e\000d\000\040\000i\000n\000\040\000M\000a\000c\000h\000i\000n\000e}{chapter.20}% 929
\BOOKMARK [1][-]{section.20.50}{\376\377\000N\000e\000w\000\040\000H\000y\000p\000o\000t\000h\000e\000s\000e\000s}{chapter.20}% 930
\BOOKMARK [1][-]{section.20.51}{\376\377\000C\000o\000n\000c\000l\000u\000s\000i\000o\000n}{chapter.20}% 931
\BOOKMARK [0][-]{chapter.21}{\376\377\000A\000u\000t\000o\000m\000a\000t\000e\000d\000\040\000T\000h\000e\000o\000r\000y\000\040\000O\000r\000a\000c\000l\000e}{part.4}% 932
\BOOKMARK [1][-]{section.21.1}{\376\377\000R\000e\000s\000e\000a\000r\000c\000h\000\040\000P\000a\000p\000e\000r}{chapter.21}% 933
\BOOKMARK [1][-]{section.21.2}{\376\377\000F\000o\000r\000m\000a\000l\000\040\000R\000e\000s\000u\000l\000t\000s\000\040\000o\000n\000\040\000E\000n\000c\000o\000d\000i\000n\000g\000,\000\040\000C\000o\000m\000p\000o\000s\000i\000t\000i\000o\000n\000,\000\040\000a\000n\000d\000\040\000t\000h\000e\000\040\000L\000i\000m\000i\000t\000s\000\040\000o\000f\000\040\000E\000n\000u\000m\000e\000r\000a\000t\000e\000d\000\040\000T\000r\000u\000t\000h}{chapter.21}% 934
\BOOKMARK [1][-]{section.21.3}{\376\377\0001\000.\000\040\000I\000n\000t\000r\000o\000d\000u\000c\000t\000i\000o\000n}{chapter.21}% 935
\BOOKMARK [1][-]{section.21.4}{\376\377\0001\000.\0001\000\040\000T\000h\000e\000\040\000C\000o\000r\000e\000\040\000Q\000u\000e\000s\000t\000i\000o\000n}{chapter.21}% 936
\BOOKMARK [1][-]{section.21.5}{\376\377\0001\000.\0002\000\040\000T\000h\000e\000\040\000N\000u\000m\000b\000e\000r\000\040\000L\000i\000n\000e\000\040\000M\000e\000t\000a\000p\000h\000o\000r}{chapter.21}% 937
\BOOKMARK [1][-]{section.21.6}{\376\377\0001\000.\0003\000\040\000C\000o\000n\000t\000r\000i\000b\000u\000t\000i\000o\000n\000s}{chapter.21}% 938
\BOOKMARK [1][-]{section.21.7}{\376\377\0002\000.\000\040\000T\000h\000e\000\040\000N\000u\000m\000b\000e\000r\000\040\000L\000i\000n\000e\000\040\000O\000r\000a\000c\000l\000e}{chapter.21}% 939
\BOOKMARK [1][-]{section.21.8}{\376\377\0002\000.\0001\000\040\000D\000e\000f\000i\000n\000i\000t\000i\000o\000n}{chapter.21}% 940
\BOOKMARK [1][-]{section.21.9}{\376\377\0002\000.\0002\000\040\000T\000h\000e\000\040\000O\000r\000a\000c\000l\000e\000\040\000R\000e\000a\000l}{chapter.21}% 941
\BOOKMARK [1][-]{section.21.10}{\376\377\0002\000.\0003\000\040\000G\000\366\000d\000e\000l\000\040\000C\000o\000n\000n\000e\000c\000t\000i\000o\000n}{chapter.21}% 942
\BOOKMARK [1][-]{section.21.11}{\376\377\0003\000.\000\040\000B\000o\000o\000l\000e\000a\000n\000\040\000A\000l\000g\000e\000b\000r\000a\000\040\000o\000f\000\040\000O\000r\000a\000c\000l\000e\000s}{chapter.21}% 943
\BOOKMARK [1][-]{section.21.12}{\376\377\0003\000.\0001\000\040\000O\000p\000e\000r\000a\000t\000i\000o\000n\000s}{chapter.21}% 944
\BOOKMARK [1][-]{section.21.13}{\376\377\0003\000.\0002\000\040\000V\000e\000r\000i\000f\000i\000e\000d\000\040\000L\000a\000w\000s}{chapter.21}% 945
\BOOKMARK [1][-]{section.21.14}{\376\377\0003\000.\0003\000\040\000E\000x\000p\000e\000r\000i\000m\000e\000n\000t\000a\000l\000\040\000V\000e\000r\000i\000f\000i\000c\000a\000t\000i\000o\000n}{chapter.21}% 946
\BOOKMARK [1][-]{section.21.15}{\376\377\0004\000.\000\040\000T\000r\000u\000t\000h\000\040\000D\000e\000n\000s\000i\000t\000y\000\040\000T\000h\000e\000o\000r\000y}{chapter.21}% 947
\BOOKMARK [1][-]{section.21.16}{\376\377\0004\000.\0001\000\040\000D\000e\000f\000i\000n\000i\000t\000i\000o\000n}{chapter.21}% 948
\BOOKMARK [1][-]{section.21.17}{\376\377\0004\000.\0002\000\040\000V\000e\000r\000i\000f\000i\000e\000d\000\040\000P\000r\000o\000p\000e\000r\000t\000i\000e\000s}{chapter.21}% 949
\BOOKMARK [1][-]{section.21.18}{\376\377\0004\000.\0003\000\040\000D\000e\000n\000s\000i\000t\000y\000\040\000C\000o\000m\000p\000o\000s\000i\000t\000i\000o\000n\000\040\000L\000a\000w\000s}{chapter.21}% 950
\BOOKMARK [1][-]{section.21.19}{\376\377\0005\000.\000\040\000I\000m\000p\000o\000s\000s\000i\000b\000i\000l\000i\000t\000y\000\040\000T\000h\000e\000o\000r\000e\000m\000s}{chapter.21}% 951
\BOOKMARK [1][-]{section.21.20}{\376\377\0005\000.\0001\000\040\000C\000a\000n\000t\000o\000r\000\040\000D\000i\000a\000g\000o\000n\000a\000l\000i\000z\000a\000t\000i\000o\000n}{chapter.21}% 952
\BOOKMARK [1][-]{section.21.21}{\376\377\0005\000.\0002\000\040\000N\000o\000\040\000U\000n\000i\000v\000e\000r\000s\000a\000l\000\040\000D\000e\000c\000i\000d\000e\000r}{chapter.21}% 953
\BOOKMARK [1][-]{section.21.22}{\376\377\0005\000.\0003\000\040\000I\000m\000p\000l\000i\000c\000a\000t\000i\000o\000n\000s}{chapter.21}% 954
\BOOKMARK [1][-]{section.21.23}{\376\377\0006\000.\000\040\000T\000h\000e\000\040\000A\000p\000p\000r\000o\000x\000i\000m\000a\000t\000i\000o\000n\000\040\000H\000i\000e\000r\000a\000r\000c\000h\000y}{chapter.21}% 955
\BOOKMARK [1][-]{section.21.24}{\376\377\0006\000.\0001\000\040\000C\000o\000n\000v\000e\000r\000g\000i\000n\000g\000\040\000t\000o\000\040\000T\000r\000u\000t\000h}{chapter.21}% 956
\BOOKMARK [1][-]{section.21.25}{\376\377\0006\000.\0002\000\040\000C\000o\000n\000n\000e\000c\000t\000i\000o\000n\000\040\000t\000o\000\040\000C\000h\000a\000i\000t\000i\000n\000'\000s\000\040}{chapter.21}% 957
\BOOKMARK [1][-]{section.21.26}{\376\377\0007\000.\000\040\000T\000h\000e\000\040\000O\000r\000a\000c\000l\000e\000\040\000L\000a\000t\000t\000i\000c\000e}{chapter.21}% 958
\BOOKMARK [1][-]{section.21.27}{\376\377\0007\000.\0001\000\040\000P\000a\000r\000t\000i\000a\000l\000\040\000O\000r\000d\000e\000r}{chapter.21}% 959
\BOOKMARK [1][-]{section.21.28}{\376\377\0007\000.\0002\000\040\000L\000a\000t\000t\000i\000c\000e\000\040\000V\000i\000s\000u\000a\000l\000i\000z\000a\000t\000i\000o\000n}{chapter.21}% 960
\BOOKMARK [1][-]{section.21.29}{\376\377\0008\000.\000\040\000H\000y\000p\000o\000t\000h\000e\000s\000e\000s\000\040\000a\000n\000d\000\040\000E\000x\000p\000e\000r\000i\000m\000e\000n\000t\000a\000l\000\040\000V\000a\000l\000i\000d\000a\000t\000i\000o\000n}{chapter.21}% 961
\BOOKMARK [1][-]{section.21.30}{\376\377\000H\0001\000:\000\040\000O\000r\000a\000c\000l\000e\000\040\000D\000e\000n\000s\000i\000t\000y\000\040\000D\000e\000c\000a\000y\000\040\000"\0004\0005\0008\000\040\000C\000O\000N\000F\000I\000R\000M\000E\000D}{chapter.21}% 962
\BOOKMARK [1][-]{section.21.31}{\376\377\000H\0002\000:\000\040\000C\000o\000m\000p\000r\000e\000s\000s\000i\000o\000n\000\040\000P\000r\000i\000n\000c\000i\000p\000l\000e\000\040\000"\0004\0005\0008\000\040\000C\000O\000N\000F\000I\000R\000M\000E\000D}{chapter.21}% 963
\BOOKMARK [1][-]{section.21.32}{\376\377\000H\0003\000:\000\040\000H\000i\000e\000r\000a\000r\000c\000h\000y\000\040\000C\000o\000l\000l\000a\000p\000s\000e\000\040\000I\000m\000p\000o\000s\000s\000i\000b\000i\000l\000i\000t\000y\000\040\000"\0004\0005\0008\000\040\000P\000R\000O\000V\000E\000D}{chapter.21}% 964
\BOOKMARK [1][-]{section.21.33}{\376\377\000H\0004\000:\000\040\000C\000o\000m\000p\000o\000s\000i\000t\000i\000o\000n\000\040\000C\000r\000e\000a\000t\000e\000s\000\040\000P\000o\000w\000e\000r\000\040\000G\000a\000i\000n\000s\000\040\000"\0004\0005\0008\000\040\000C\000O\000N\000F\000I\000R\000M\000E\000D}{chapter.21}% 965
\BOOKMARK [1][-]{section.21.34}{\376\377\000H\0005\000:\000\040\000U\000n\000i\000v\000e\000r\000s\000a\000l\000\040\000S\000c\000a\000l\000i\000n\000g\000\040\000L\000a\000w\000\040\000\176\000\040\000P\000A\000R\000T\000I\000A\000L}{chapter.21}% 966
\BOOKMARK [1][-]{section.21.35}{\376\377\0009\000.\000\040\000A\000p\000p\000l\000i\000c\000a\000t\000i\000o\000n\000s}{chapter.21}% 967
\BOOKMARK [1][-]{section.21.36}{\376\377\0009\000.\0001\000\040\000A\000I\000\040\000T\000h\000e\000o\000r\000e\000m\000\040\000P\000r\000o\000v\000i\000n\000g\000\040\000a\000s\000\040\000B\000i\000a\000s\000e\000d\000\040\000O\000r\000a\000c\000l\000e\000s}{chapter.21}% 968
\BOOKMARK [1][-]{section.21.37}{\376\377\0009\000.\0002\000\040\000C\000o\000n\000j\000e\000c\000t\000u\000r\000e\000\040\000G\000e\000n\000e\000r\000a\000t\000i\000o\000n}{chapter.21}% 969
\BOOKMARK [1][-]{section.21.38}{\376\377\0009\000.\0003\000\040\000V\000e\000r\000i\000f\000i\000c\000a\000t\000i\000o\000n\000\040\000C\000e\000r\000t\000i\000f\000i\000c\000a\000t\000e\000s}{chapter.21}% 970
\BOOKMARK [1][-]{section.21.39}{\376\377\0009\000.\0004\000\040\000C\000r\000y\000p\000t\000o\000g\000r\000a\000p\000h\000i\000c\000\040\000A\000p\000p\000l\000i\000c\000a\000t\000i\000o\000n\000s}{chapter.21}% 971
\BOOKMARK [1][-]{section.21.40}{\376\377\0001\0000\000.\000\040\000C\000o\000n\000c\000l\000u\000s\000i\000o\000n}{chapter.21}% 972
\BOOKMARK [1][-]{section.21.41}{\376\377\000A\000p\000p\000e\000n\000d\000i\000x\000:\000\040\000F\000i\000l\000e\000\040\000I\000n\000v\000e\000n\000t\000o\000r\000y}{chapter.21}% 973
\BOOKMARK [1][-]{section.21.42}{\376\377\000R\000e\000f\000e\000r\000e\000n\000c\000e\000s}{chapter.21}% 974
\BOOKMARK [1][-]{section.21.43}{\376\377\000S\000c\000i\000e\000n\000t\000i\000f\000i\000c\000\040\000A\000m\000e\000r\000i\000c\000a\000n\000\040\000A\000r\000t\000i\000c\000l\000e}{chapter.21}% 975
\BOOKMARK [1][-]{section.21.44}{\376\377\000H\000o\000w\000\040\000a\000\040\000s\000i\000n\000g\000l\000e\000\040\000n\000u\000m\000b\000e\000r\000\040\000o\000n\000\040\000a\000\040\000l\000i\000n\000e\000\040\000c\000o\000u\000l\000d\000\040\000c\000o\000n\000t\000a\000i\000n\000\040\000e\000v\000e\000r\000y\000\040\000m\000a\000t\000h\000e\000m\000a\000t\000i\000c\000a\000l\000\040\000t\000r\000u\000t\000h\000\040\040\024\000\040\000a\000n\000d\000\040\000w\000h\000y\000\040\000i\000t\000\040\000c\000a\000n\000\040\000n\000e\000v\000e\000r\000\040\000b\000e\000\040\000f\000o\000u\000n\000d}{chapter.21}% 976
\BOOKMARK [1][-]{section.21.45}{\376\377\000A\000\040\000L\000i\000b\000r\000a\000r\000y\000\040\000W\000r\000i\000t\000t\000e\000n\000\040\000i\000n\000\040\000B\000i\000n\000a\000r\000y}{chapter.21}% 977
\BOOKMARK [1][-]{section.21.46}{\376\377\000F\000r\000o\000m\000\040\000Q\000u\000e\000s\000t\000i\000o\000n\000s\000\040\000t\000o\000\040\000N\000u\000m\000b\000e\000r\000s}{chapter.21}% 978
\BOOKMARK [1][-]{section.21.47}{\376\377\000A\000n\000\040\000A\000l\000g\000e\000b\000r\000a\000\040\000o\000f\000\040\000K\000n\000o\000w\000l\000e\000d\000g\000e}{chapter.21}% 979
\BOOKMARK [1][-]{section.21.48}{\376\377\000T\000h\000e\000\040\000D\000e\000n\000s\000i\000t\000y\000\040\000o\000f\000\040\000T\000r\000u\000t\000h}{chapter.21}% 980
\BOOKMARK [1][-]{section.21.49}{\376\377\000T\000h\000e\000\040\000O\000r\000a\000c\000l\000e\000\040\000R\000e\000a\000l\000\040\000f\000o\000r\000\040\000S\000i\000m\000p\000l\000e\000\040\000S\000e\000t\000s}{chapter.21}% 981
\BOOKMARK [1][-]{section.21.50}{\376\377\000W\000h\000y\000\040\000t\000h\000e\000\040\000D\000r\000e\000a\000m\000\040\000I\000s\000\040\000U\000n\000r\000e\000a\000c\000h\000a\000b\000l\000e}{chapter.21}% 982
\BOOKMARK [1][-]{section.21.51}{\376\377\000T\000h\000e\000\040\000G\000u\000i\000d\000a\000n\000c\000e\000\040\000F\000u\000n\000c\000t\000i\000o\000n\000:\000\040\000W\000h\000e\000r\000e\000\040\000T\000a\000s\000t\000e\000\040\000L\000i\000v\000e\000s}{chapter.21}% 983
\BOOKMARK [1][-]{section.21.52}{\376\377\000F\000i\000v\000e\000\040\000P\000r\000e\000d\000i\000c\000t\000i\000o\000n\000s\000,\000\040\000T\000e\000s\000t\000e\000d}{chapter.21}% 984
\BOOKMARK [1][-]{section.21.53}{\376\377\000W\000h\000a\000t\000\040\000I\000t\000\040\000M\000e\000a\000n\000s}{chapter.21}% 985
\BOOKMARK [1][-]{section.21.54}{\376\377\000T\000r\000y\000\040\000I\000t\000\040\000Y\000o\000u\000r\000s\000e\000l\000f}{chapter.21}% 986
\BOOKMARK [0][-]{chapter.22}{\376\377\000O\000r\000a\000c\000l\000e\000\040\000B\000o\000o\000t\000s\000t\000r\000a\000p\000\040\000F\000r\000o\000n\000t\000i\000e\000r}{part.4}% 987
\BOOKMARK [1][-]{section.22.1}{\376\377\000R\000e\000s\000e\000a\000r\000c\000h\000\040\000P\000a\000p\000e\000r}{chapter.22}% 988
\BOOKMARK [1][-]{section.22.2}{\376\377\000A\000b\000s\000t\000r\000a\000c\000t}{chapter.22}% 989
\BOOKMARK [1][-]{section.22.3}{\376\377\0001\000.\000\040\000I\000n\000t\000r\000o\000d\000u\000c\000t\000i\000o\000n}{chapter.22}% 990
\BOOKMARK [1][-]{section.22.4}{\376\377\0001\000.\0001\000\040\000S\000u\000m\000m\000a\000r\000y\000\040\000o\000f\000\040\000H\000y\000p\000o\000t\000h\000e\000s\000e\000s}{chapter.22}% 991
\BOOKMARK [1][-]{section.22.5}{\376\377\0002\000.\000\040\000H\0009\000:\000\040\000O\000r\000a\000c\000l\000e\000\040\000J\000u\000l\000i\000a\000\040\000S\000e\000t\000s\000\040\040\024\000\040\000T\000h\000e\000\040\000F\000r\000a\000c\000t\000a\000l\000\040\000B\000o\000u\000n\000d\000a\000r\000y\000\040\000o\000f\000\040\000C\000e\000r\000t\000a\000i\000n\000t\000y}{chapter.22}% 992
\BOOKMARK [1][-]{section.22.6}{\376\377\0002\000.\0001\000\040\000T\000h\000e\000o\000r\000e\000t\000i\000c\000a\000l\000\040\000F\000r\000a\000m\000e\000w\000o\000r\000k}{chapter.22}% 993
\BOOKMARK [1][-]{section.22.7}{\376\377\0002\000.\0002\000\040\000C\000o\000m\000p\000u\000t\000a\000t\000i\000o\000n\000a\000l\000\040\000R\000e\000s\000u\000l\000t\000s}{chapter.22}% 994
\BOOKMARK [1][-]{section.22.8}{\376\377\0002\000.\0003\000\040\000I\000n\000t\000e\000r\000p\000r\000e\000t\000a\000t\000i\000o\000n}{chapter.22}% 995
\BOOKMARK [1][-]{section.22.9}{\376\377\0003\000.\000\040\000H\0008\000:\000\040\000N\000e\000u\000r\000a\000l\000\040\000N\000e\000t\000w\000o\000r\000k\000\040\000B\000o\000o\000t\000s\000t\000r\000a\000p\000\040\000a\000n\000d\000\040\000t\000h\000e\000\040\000L\000o\000t\000t\000e\000r\000y\000\040\000T\000i\000c\000k\000e\000t}{chapter.22}% 996
\BOOKMARK [1][-]{section.22.10}{\376\377\0003\000.\0001\000\040\000S\000e\000t\000u\000p}{chapter.22}% 997
\BOOKMARK [1][-]{section.22.11}{\376\377\0003\000.\0002\000\040\000C\000o\000n\000n\000e\000c\000t\000i\000o\000n\000\040\000t\000o\000\040\000L\000o\000t\000t\000e\000r\000y\000\040\000T\000i\000c\000k\000e\000t\000s}{chapter.22}% 998
\BOOKMARK [1][-]{section.22.12}{\376\377\0003\000.\0003\000\040\000E\000x\000p\000e\000r\000i\000m\000e\000n\000t\000a\000l\000\040\000R\000e\000s\000u\000l\000t\000s}{chapter.22}% 999
\BOOKMARK [1][-]{section.22.13}{\376\377\0003\000.\0004\000\040\000C\000o\000m\000p\000a\000r\000i\000s\000o\000n\000\040\000w\000i\000t\000h\000\040\000O\000t\000h\000e\000r\000\040\000M\000e\000t\000h\000o\000d\000s}{chapter.22}% 1000
\BOOKMARK [1][-]{section.22.14}{\376\377\0004\000.\000\040\000H\0001\0000\000:\000\040\000M\000e\000t\000a\000-\000B\000o\000o\000t\000s\000t\000r\000a\000p\000\040\040\024\000\040\000A\000d\000a\000p\000t\000i\000v\000e\000\040\000C\000o\000n\000v\000e\000r\000g\000e\000n\000c\000e}{chapter.22}% 1001
\BOOKMARK [1][-]{section.22.15}{\376\377\0004\000.\0001\000\040\000T\000h\000e\000\040\000B\000o\000o\000t\000s\000t\000r\000a\000p\000\040\000F\000a\000m\000i\000l\000y}{chapter.22}% 1002
\BOOKMARK [1][-]{section.22.16}{\376\377\0004\000.\0002\000\040\000A\000d\000a\000p\000t\000i\000v\000e\000\040\000S\000t\000r\000a\000t\000e\000g\000y}{chapter.22}% 1003
\BOOKMARK [1][-]{section.22.17}{\376\377\0004\000.\0003\000\040\000R\000e\000s\000u\000l\000t\000s}{chapter.22}% 1004
\BOOKMARK [1][-]{section.22.18}{\376\377\0005\000.\000\040\000H\0001\0001\000:\000\040\000p\000-\000a\000d\000i\000c\000\040\000B\000o\000o\000t\000s\000t\000r\000a\000p\000\040\000a\000n\000d\000\040\000I\000n\000t\000e\000g\000e\000r\000\040\000F\000a\000c\000t\000o\000r\000i\000n\000g}{chapter.22}% 1005
\BOOKMARK [1][-]{section.22.19}{\376\377\0005\000.\0001\000\040\000I\000d\000e\000m\000p\000o\000t\000e\000n\000t\000s\000\040\000a\000n\000d\000\040\000t\000h\000e\000\040\000C\000h\000i\000n\000e\000s\000e\000\040\000R\000e\000m\000a\000i\000n\000d\000e\000r\000\040\000T\000h\000e\000o\000r\000e\000m}{chapter.22}% 1006
\BOOKMARK [1][-]{section.22.20}{\376\377\0005\000.\0002\000\040\000B\000o\000o\000t\000s\000t\000r\000a\000p\000\040\000a\000s\000\040\000F\000a\000c\000t\000o\000r\000i\000n\000g\000\040\000A\000l\000g\000o\000r\000i\000t\000h\000m}{chapter.22}% 1007
\BOOKMARK [1][-]{section.22.21}{\376\377\0005\000.\0003\000\040\000H\000e\000n\000s\000e\000l\000\040\000L\000i\000f\000t\000i\000n\000g}{chapter.22}% 1008
\BOOKMARK [1][-]{section.22.22}{\376\377\0005\000.\0004\000\040\000C\000o\000m\000p\000l\000e\000x\000i\000t\000y\000\040\000A\000n\000a\000l\000y\000s\000i\000s}{chapter.22}% 1009
\BOOKMARK [1][-]{section.22.23}{\376\377\0006\000.\000\040\000H\0001\0002\000:\000\040\000n\000-\000P\000o\000t\000e\000n\000t\000\040\000O\000r\000a\000c\000l\000e\000s\000\040\040\024\000\040\000T\000h\000e\000\040\000H\000i\000e\000r\000a\000r\000c\000h\000y\000\040\000o\000f\000\040\000C\000e\000r\000t\000a\000i\000n\000t\000y}{chapter.22}% 1010
\BOOKMARK [1][-]{section.22.24}{\376\377\0006\000.\0001\000\040\000T\000h\000e\000\040\000S\000p\000e\000c\000t\000r\000u\000m\000\040\000T\000h\000e\000o\000r\000e\000m}{chapter.22}% 1011
\BOOKMARK [1][-]{section.22.25}{\376\377\0006\000.\0002\000\040\000S\000p\000e\000c\000i\000a\000l\000\040\000C\000a\000s\000e\000s}{chapter.22}% 1012
\BOOKMARK [1][-]{section.22.26}{\376\377\0006\000.\0003\000\040\000T\000h\000e\000\040\000H\000i\000e\000r\000a\000r\000c\000h\000y\000\040\000L\000a\000t\000t\000i\000c\000e}{chapter.22}% 1013
\BOOKMARK [1][-]{section.22.27}{\376\377\0006\000.\0004\000\040\000T\000r\000i\000p\000o\000t\000e\000n\000t\000\040\000D\000e\000c\000o\000m\000p\000o\000s\000i\000t\000i\000o\000n}{chapter.22}% 1014
\BOOKMARK [1][-]{section.22.28}{\376\377\0007\000.\000\040\000F\000o\000r\000m\000a\000l\000\040\000V\000e\000r\000i\000f\000i\000c\000a\000t\000i\000o\000n}{chapter.22}% 1015
\BOOKMARK [1][-]{section.22.29}{\376\377\0008\000.\000\040\000A\000p\000p\000l\000i\000c\000a\000t\000i\000o\000n\000s}{chapter.22}% 1016
\BOOKMARK [1][-]{section.22.30}{\376\377\0008\000.\0001\000\040\000M\000u\000l\000t\000i\000-\000V\000a\000l\000u\000e\000d\000\040\000L\000o\000g\000i\000c\000\040\000v\000i\000a\000\040\000n\000-\000P\000o\000t\000e\000n\000c\000y}{chapter.22}% 1017
\BOOKMARK [1][-]{section.22.31}{\376\377\0008\000.\0002\000\040\000Q\000u\000a\000n\000t\000u\000m\000\040\000C\000o\000m\000p\000u\000t\000i\000n\000g\000\040\000w\000i\000t\000h\000\040\000Q\000u\000t\000r\000i\000t\000s}{chapter.22}% 1018
\BOOKMARK [1][-]{section.22.32}{\376\377\0008\000.\0003\000\040\000C\000r\000y\000p\000t\000o\000g\000r\000a\000p\000h\000i\000c\000\040\000I\000m\000p\000l\000i\000c\000a\000t\000i\000o\000n\000s}{chapter.22}% 1019
\BOOKMARK [1][-]{section.22.33}{\376\377\0008\000.\0004\000\040\000S\000i\000g\000n\000a\000l\000\040\000P\000r\000o\000c\000e\000s\000s\000i\000n\000g}{chapter.22}% 1020
\BOOKMARK [1][-]{section.22.34}{\376\377\0009\000.\000\040\000N\000e\000w\000\040\000H\000y\000p\000o\000t\000h\000e\000s\000e\000s}{chapter.22}% 1021
\BOOKMARK [1][-]{section.22.35}{\376\377\0001\0000\000.\000\040\000C\000o\000n\000c\000l\000u\000s\000i\000o\000n}{chapter.22}% 1022
\BOOKMARK [1][-]{section.22.36}{\376\377\000R\000e\000f\000e\000r\000e\000n\000c\000e\000s}{chapter.22}% 1023
\BOOKMARK [1][-]{section.22.37}{\376\377\000S\000c\000i\000e\000n\000t\000i\000f\000i\000c\000\040\000A\000m\000e\000r\000i\000c\000a\000n\000\040\000A\000r\000t\000i\000c\000l\000e}{chapter.22}% 1024
\BOOKMARK [1][-]{section.22.38}{\376\377\000H\000o\000w\000\040\000a\000\040\000s\000i\000m\000p\000l\000e\000\040\000e\000q\000u\000a\000t\000i\000o\000n\000\040\000r\000e\000v\000e\000a\000l\000s\000\040\000t\000h\000e\000\040\000b\000o\000u\000n\000d\000a\000r\000y\000\040\000b\000e\000t\000w\000e\000e\000n\000\040\000c\000e\000r\000t\000a\000i\000n\000t\000y\000\040\000a\000n\000d\000\040\000c\000h\000a\000o\000s\000\040\040\024\000\040\000a\000n\000d\000\040\000c\000r\000a\000c\000k\000s\000\040\000o\000p\000e\000n\000\040\000t\000h\000e\000\040\000s\000e\000c\000r\000e\000t\000s\000\040\000o\000f\000\040\000p\000r\000i\000m\000e\000\040\000n\000u\000m\000b\000e\000r\000s}{chapter.22}% 1025
\BOOKMARK [1][-]{section.22.39}{\376\377\000T\000h\000e\000\040\000Q\000u\000e\000s\000t\000i\000o\000n\000\040\000T\000h\000a\000t\000\040\000S\000t\000a\000r\000t\000e\000d\000\040\000I\000t\000\040\000A\000l\000l}{chapter.22}% 1026
\BOOKMARK [1][-]{section.22.40}{\376\377\000D\000i\000s\000c\000o\000v\000e\000r\000y\000\040\0001\000:\000\040\000T\000h\000e\000\040\000F\000r\000a\000c\000t\000a\000l\000\040\000E\000d\000g\000e\000\040\000o\000f\000\040\000C\000e\000r\000t\000a\000i\000n\000t\000y}{chapter.22}% 1027
\BOOKMARK [1][-]{section.22.41}{\376\377\000D\000i\000s\000c\000o\000v\000e\000r\000y\000\040\0002\000:\000\040\000A\000\040\000N\000e\000w\000\040\000W\000a\000y\000\040\000t\000o\000\040\000F\000a\000c\000t\000o\000r\000\040\000N\000u\000m\000b\000e\000r\000s}{chapter.22}% 1028
\BOOKMARK [1][-]{section.22.42}{\376\377\000D\000i\000s\000c\000o\000v\000e\000r\000y\000\040\0003\000:\000\040\000B\000e\000y\000o\000n\000d\000\040\000Y\000e\000s\000\040\000a\000n\000d\000\040\000N\000o\000\040\040\024\000\040\000T\000h\000e\000\040\000O\000r\000a\000c\000l\000e\000\040\000H\000i\000e\000r\000a\000r\000c\000h\000y}{chapter.22}% 1029
\BOOKMARK [1][-]{section.22.43}{\376\377\000D\000i\000s\000c\000o\000v\000e\000r\000y\000\040\0004\000:\000\040\000T\000u\000n\000i\000n\000g\000\040\000t\000h\000e\000\040\000O\000r\000a\000c\000l\000e}{chapter.22}% 1030
\BOOKMARK [1][-]{section.22.44}{\376\377\000D\000i\000s\000c\000o\000v\000e\000r\000y\000\040\0005\000:\000\040\000P\000r\000u\000n\000i\000n\000g\000\040\000N\000e\000u\000r\000a\000l\000\040\000N\000e\000t\000w\000o\000r\000k\000s}{chapter.22}% 1031
\BOOKMARK [1][-]{section.22.45}{\376\377\000T\000h\000e\000\040\000B\000i\000g\000g\000e\000r\000\040\000P\000i\000c\000t\000u\000r\000e}{chapter.22}% 1032
\BOOKMARK [0][-]{chapter.23}{\376\377\000C\000o\000s\000m\000i\000c\000\040\000B\000o\000o\000t\000s\000t\000r\000a\000p}{part.4}% 1033
\BOOKMARK [1][-]{section.23.1}{\376\377\000F\000i\000g\000u\000r\000e\000s}{chapter.23}% 1034
\BOOKMARK [1][-]{section.23.2}{\376\377\000R\000e\000s\000e\000a\000r\000c\000h\000\040\000P\000a\000p\000e\000r}{chapter.23}% 1035
\BOOKMARK [1][-]{section.23.3}{\376\377\0001\000.\000\040\000I\000n\000t\000r\000o\000d\000u\000c\000t\000i\000o\000n}{chapter.23}% 1036
\BOOKMARK [1][-]{section.23.4}{\376\377\0001\000.\0001\000\040\000C\000o\000n\000t\000r\000i\000b\000u\000t\000i\000o\000n\000s}{chapter.23}% 1037
\BOOKMARK [1][-]{section.23.5}{\376\377\0002\000.\000\040\000F\000i\000x\000e\000d\000\040\000P\000o\000i\000n\000t\000\040\000A\000n\000a\000l\000y\000s\000i\000s}{chapter.23}% 1038
\BOOKMARK [1][-]{section.23.6}{\376\377\0002\000.\0001\000\040\000F\000i\000x\000e\000d\000\040\000P\000o\000i\000n\000t\000\040\000C\000l\000a\000s\000s\000i\000f\000i\000c\000a\000t\000i\000o\000n}{chapter.23}% 1039
\BOOKMARK [1][-]{section.23.7}{\376\377\0002\000.\0002\000\040\000B\000a\000s\000i\000n\000\040\000S\000t\000r\000u\000c\000t\000u\000r\000e}{chapter.23}% 1040
\BOOKMARK [1][-]{section.23.8}{\376\377\0002\000.\0003\000\040\000C\000o\000n\000v\000e\000r\000g\000e\000n\000c\000e\000\040\000R\000a\000t\000e}{chapter.23}% 1041
\BOOKMARK [1][-]{section.23.9}{\376\377\0003\000.\000\040\000C\000o\000m\000p\000l\000e\000x\000\040\000D\000y\000n\000a\000m\000i\000c\000s}{chapter.23}% 1042
\BOOKMARK [1][-]{section.23.10}{\376\377\0003\000.\0001\000\040\000J\000u\000l\000i\000a\000\040\000S\000e\000t}{chapter.23}% 1043
\BOOKMARK [1][-]{section.23.11}{\376\377\0003\000.\0002\000\040\000F\000r\000a\000c\000t\000a\000l\000\040\000D\000i\000m\000e\000n\000s\000i\000o\000n}{chapter.23}% 1044
\BOOKMARK [1][-]{section.23.12}{\376\377\0003\000.\0003\000\040\000L\000y\000a\000p\000u\000n\000o\000v\000\040\000E\000x\000p\000o\000n\000e\000n\000t\000\040\000L\000a\000n\000d\000s\000c\000a\000p\000e}{chapter.23}% 1045
\BOOKMARK [1][-]{section.23.13}{\376\377\0004\000.\000\040\000G\000r\000a\000d\000i\000e\000n\000t\000\040\000F\000l\000o\000w\000\040\000I\000n\000t\000e\000r\000p\000r\000e\000t\000a\000t\000i\000o\000n}{chapter.23}% 1046
\BOOKMARK [1][-]{section.23.14}{\376\377\0004\000.\0001\000\040\000T\000h\000e\000\040\000B\000o\000o\000t\000s\000t\000r\000a\000p\000\040\000P\000o\000t\000e\000n\000t\000i\000a\000l}{chapter.23}% 1047
\BOOKMARK [1][-]{section.23.15}{\376\377\0004\000.\0002\000\040\000P\000h\000y\000s\000i\000c\000a\000l\000\040\000I\000n\000t\000e\000r\000p\000r\000e\000t\000a\000t\000i\000o\000n}{chapter.23}% 1048
\BOOKMARK [1][-]{section.23.16}{\376\377\0005\000.\000\040\000N\000u\000m\000b\000e\000r\000-\000T\000h\000e\000o\000r\000e\000t\000i\000c\000\040\000A\000p\000p\000l\000i\000c\000a\000t\000i\000o\000n\000s}{chapter.23}% 1049
\BOOKMARK [1][-]{section.23.17}{\376\377\0005\000.\0001\000\040\000I\000d\000e\000m\000p\000o\000t\000e\000n\000t\000\040\000C\000o\000n\000v\000e\000r\000g\000e\000n\000c\000e}{chapter.23}% 1050
\BOOKMARK [1][-]{section.23.18}{\376\377\0005\000.\0002\000\040\000F\000a\000c\000t\000o\000r\000i\000n\000g\000\040\000v\000i\000a\000\040\000B\000o\000o\000t\000s\000t\000r\000a\000p}{chapter.23}% 1051
\BOOKMARK [1][-]{section.23.19}{\376\377\0005\000.\0003\000\040\000p\000-\000a\000d\000i\000c\000\040\000B\000o\000o\000t\000s\000t\000r\000a\000p}{chapter.23}% 1052
\BOOKMARK [1][-]{section.23.20}{\376\377\0006\000.\000\040\000C\000o\000s\000m\000o\000l\000o\000g\000i\000c\000a\000l\000\040\000A\000n\000a\000l\000o\000g\000y}{chapter.23}% 1053
\BOOKMARK [1][-]{section.23.21}{\376\377\0006\000.\0001\000\040\000T\000h\000e\000\040\000C\000o\000s\000m\000i\000c\000\040\000B\000o\000o\000t\000s\000t\000r\000a\000p\000\040\000S\000y\000s\000t\000e\000m}{chapter.23}% 1054
\BOOKMARK [1][-]{section.23.22}{\376\377\0006\000.\0002\000\040\000C\000o\000m\000p\000a\000r\000i\000s\000o\000n\000\040\000w\000i\000t\000h\000\040\000O\000b\000s\000e\000r\000v\000a\000t\000i\000o\000n\000s}{chapter.23}% 1055
\BOOKMARK [1][-]{section.23.23}{\376\377\0006\000.\0003\000\040\000T\000h\000e\000\040\000C\000o\000s\000m\000i\000c\000\040\000B\000o\000o\000t\000s\000t\000r\000a\000p\000\040\000H\000y\000p\000o\000t\000h\000e\000s\000i\000s}{chapter.23}% 1056
\BOOKMARK [1][-]{section.23.24}{\376\377\0007\000.\000\040\000H\000y\000p\000o\000t\000h\000e\000s\000e\000s\000\040\000a\000n\000d\000\040\000E\000x\000p\000e\000r\000i\000m\000e\000n\000t\000a\000l\000\040\000V\000a\000l\000i\000d\000a\000t\000i\000o\000n}{chapter.23}% 1057
\BOOKMARK [1][-]{section.23.25}{\376\377\0008\000.\000\040\000A\000p\000p\000l\000i\000c\000a\000t\000i\000o\000n\000s}{chapter.23}% 1058
\BOOKMARK [1][-]{section.23.26}{\376\377\0008\000.\0001\000\040\000S\000i\000g\000n\000a\000l\000\040\000P\000r\000o\000c\000e\000s\000s\000i\000n\000g}{chapter.23}% 1059
\BOOKMARK [1][-]{section.23.27}{\376\377\0008\000.\0002\000\040\000M\000a\000c\000h\000i\000n\000e\000\040\000L\000e\000a\000r\000n\000i\000n\000g}{chapter.23}% 1060
\BOOKMARK [1][-]{section.23.28}{\376\377\0008\000.\0003\000\040\000N\000u\000m\000e\000r\000i\000c\000a\000l\000\040\000M\000e\000t\000h\000o\000d\000s}{chapter.23}% 1061
\BOOKMARK [1][-]{section.23.29}{\376\377\0008\000.\0004\000\040\000C\000r\000y\000p\000t\000a\000n\000a\000l\000y\000s\000i\000s}{chapter.23}% 1062
\BOOKMARK [1][-]{section.23.30}{\376\377\0009\000.\000\040\000F\000o\000r\000m\000a\000l\000\040\000V\000e\000r\000i\000f\000i\000c\000a\000t\000i\000o\000n\000\040\000D\000e\000t\000a\000i\000l\000s}{chapter.23}% 1063
\BOOKMARK [1][-]{section.23.31}{\376\377\0001\0000\000.\000\040\000C\000o\000n\000c\000l\000u\000s\000i\000o\000n}{chapter.23}% 1064
\BOOKMARK [1][-]{section.23.32}{\376\377\000R\000e\000f\000e\000r\000e\000n\000c\000e\000s}{chapter.23}% 1065
\BOOKMARK [1][-]{section.23.33}{\376\377\000S\000c\000i\000e\000n\000t\000i\000f\000i\000c\000\040\000A\000m\000e\000r\000i\000c\000a\000n\000\040\000A\000r\000t\000i\000c\000l\000e}{chapter.23}% 1066
\BOOKMARK [1][-]{section.23.34}{\376\377\000H\000o\000w\000\040\000a\000\040\000s\000i\000m\000p\000l\000e\000\040\000c\000u\000b\000i\000c\000\040\000p\000o\000l\000y\000n\000o\000m\000i\000a\000l\000\040\000r\000e\000v\000e\000a\000l\000s\000\040\000t\000h\000e\000\040\000h\000i\000d\000d\000e\000n\000\040\000a\000r\000c\000h\000i\000t\000e\000c\000t\000u\000r\000e\000\040\000o\000f\000\040\000c\000o\000s\000m\000i\000c\000\040\000v\000o\000i\000d\000s\000,\000\040\000g\000a\000l\000a\000x\000y\000\040\000c\000l\000u\000s\000t\000e\000r\000s\000,\000\040\000a\000n\000d\000\040\000f\000r\000a\000c\000t\000a\000l\000\040\000b\000o\000u\000n\000d\000a\000r\000i\000e\000s\000\040\040\024\000\040\000a\000n\000d\000\040\000w\000h\000y\000\040\000A\000I\000\040\000f\000o\000u\000n\000d\000\040\000i\000t\000\040\000f\000i\000r\000s\000t}{chapter.23}% 1067
\BOOKMARK [1][-]{section.23.35}{\376\377\000A\000\040\000F\000o\000r\000m\000u\000l\000a\000\040\000W\000i\000t\000h\000\040\000T\000h\000r\000e\000e\000\040\000F\000a\000t\000e\000s}{chapter.23}% 1068
\BOOKMARK [1][-]{section.23.36}{\376\377\000T\000h\000e\000\040\000C\000o\000s\000m\000i\000c\000\040\000C\000o\000n\000n\000e\000c\000t\000i\000o\000n}{chapter.23}% 1069
\BOOKMARK [1][-]{section.23.37}{\376\377\000T\000h\000e\000\040\000J\000u\000l\000i\000a\000\040\000S\000e\000t\000:\000\040\000N\000a\000t\000u\000r\000e\000'\000s\000\040\000H\000i\000d\000d\000e\000n\000\040\000W\000e\000b}{chapter.23}% 1070
\BOOKMARK [1][-]{section.23.38}{\376\377\000S\000u\000p\000e\000r\000l\000i\000n\000e\000a\000r\000\040\000C\000o\000n\000v\000e\000r\000g\000e\000n\000c\000e\000:\000\040\000W\000h\000y\000\040\000t\000h\000e\000\040\000U\000n\000i\000v\000e\000r\000s\000e\000\040\000G\000e\000t\000s\000\040\000M\000o\000r\000e\000\040\000E\000x\000t\000r\000e\000m\000e}{chapter.23}% 1071
\BOOKMARK [1][-]{section.23.39}{\376\377\000B\000r\000e\000a\000k\000i\000n\000g\000\040\000C\000o\000d\000e\000s\000\040\000w\000i\000t\000h\000\040\000F\000i\000x\000e\000d\000\040\000P\000o\000i\000n\000t\000s}{chapter.23}% 1072
\BOOKMARK [1][-]{section.23.40}{\376\377\000T\000h\000e\000\040\000G\000r\000a\000d\000i\000e\000n\000t\000\040\000F\000l\000o\000w\000:\000\040\000P\000h\000y\000s\000i\000c\000s\000\040\000i\000n\000\040\000D\000i\000s\000g\000u\000i\000s\000e}{chapter.23}% 1073
\BOOKMARK [1][-]{section.23.41}{\376\377\000M\000a\000c\000h\000i\000n\000e\000-\000V\000e\000r\000i\000f\000i\000e\000d\000\040\000T\000r\000u\000t\000h}{chapter.23}% 1074
\BOOKMARK [1][-]{section.23.42}{\376\377\000N\000e\000w\000\040\000H\000y\000p\000o\000t\000h\000e\000s\000e\000s\000\040\000a\000n\000d\000\040\000O\000p\000e\000n\000\040\000Q\000u\000e\000s\000t\000i\000o\000n\000s}{chapter.23}% 1075
\BOOKMARK [1][-]{section.23.43}{\376\377\000T\000h\000e\000\040\000O\000r\000a\000c\000l\000e\000\040\000B\000o\000o\000t\000s\000t\000r\000a\000p\000\040\000P\000r\000i\000n\000c\000i\000p\000l\000e}{chapter.23}% 1076
\BOOKMARK [0][-]{chapter.24}{\376\377\000O\000r\000a\000c\000l\000e\000\040\000P\000h\000a\000s\000e\000\040\000T\000r\000a\000n\000s\000i\000t\000i\000o\000n}{part.4}% 1077
\BOOKMARK [1][-]{section.24.1}{\376\377\000F\000i\000g\000u\000r\000e\000s}{chapter.24}% 1078
\BOOKMARK [1][-]{section.24.2}{\376\377\000R\000e\000s\000e\000a\000r\000c\000h\000\040\000P\000a\000p\000e\000r}{chapter.24}% 1079
\BOOKMARK [1][-]{section.24.3}{\376\377\000A\000b\000s\000t\000r\000a\000c\000t}{chapter.24}% 1080
\BOOKMARK [1][-]{section.24.4}{\376\377\0001\000.\000\040\000I\000n\000t\000r\000o\000d\000u\000c\000t\000i\000o\000n}{chapter.24}% 1081
\BOOKMARK [1][-]{section.24.5}{\376\377\000C\000o\000n\000t\000r\000i\000b\000u\000t\000i\000o\000n\000s}{chapter.24}% 1082
\BOOKMARK [1][-]{section.24.6}{\376\377\0002\000.\000\040\000M\000a\000t\000h\000e\000m\000a\000t\000i\000c\000a\000l\000\040\000F\000r\000a\000m\000e\000w\000o\000r\000k}{chapter.24}% 1083
\BOOKMARK [1][-]{section.24.7}{\376\377\0002\000.\0001\000\040\000O\000r\000a\000c\000l\000e\000\040\000D\000e\000f\000i\000n\000i\000t\000i\000o\000n}{chapter.24}% 1084
\BOOKMARK [1][-]{section.24.8}{\376\377\0002\000.\0002\000\040\000T\000h\000e\000\040\000G\000e\000n\000e\000r\000a\000l\000i\000z\000e\000d\000\040\000B\000o\000o\000t\000s\000t\000r\000a\000p\000\040\000M\000a\000p}{chapter.24}% 1085
\BOOKMARK [1][-]{section.24.9}{\376\377\0002\000.\0003\000\040\000S\000t\000a\000b\000i\000l\000i\000t\000y\000\040\000A\000n\000a\000l\000y\000s\000i\000s}{chapter.24}% 1086
\BOOKMARK [1][-]{section.24.10}{\376\377\0002\000.\0004\000\040\000O\000r\000a\000c\000l\000e\000\040\000C\000o\000m\000p\000o\000s\000i\000t\000i\000o\000n}{chapter.24}% 1087
\BOOKMARK [1][-]{section.24.11}{\376\377\0002\000.\0005\000\040\000H\000e\000r\000m\000i\000t\000e\000\040\000C\000h\000a\000r\000a\000c\000t\000e\000r\000i\000z\000a\000t\000i\000o\000n}{chapter.24}% 1088
\BOOKMARK [1][-]{section.24.12}{\376\377\0003\000.\000\040\000F\000o\000r\000m\000a\000l\000\040\000V\000e\000r\000i\000f\000i\000c\000a\000t\000i\000o\000n}{chapter.24}% 1089
\BOOKMARK [1][-]{section.24.13}{\376\377\0004\000.\000\040\000E\000x\000p\000e\000r\000i\000m\000e\000n\000t\000a\000l\000\040\000V\000a\000l\000i\000d\000a\000t\000i\000o\000n}{chapter.24}% 1090
\BOOKMARK [1][-]{section.24.14}{\376\377\0004\000.\0001\000\040\000S\000p\000e\000c\000t\000r\000a\000l\000\040\000G\000a\000p\000\040\000E\000m\000e\000r\000g\000e\000n\000c\000e\000\040\000\050\000H\0002\000\051}{chapter.24}% 1091
\BOOKMARK [1][-]{section.24.15}{\376\377\0004\000.\0002\000\040\000C\000o\000m\000p\000o\000s\000i\000t\000i\000o\000n\000\040\000N\000o\000n\000-\000C\000o\000m\000m\000u\000t\000a\000t\000i\000v\000i\000t\000y\000\040\000\050\000H\0003\000\051}{chapter.24}% 1092
\BOOKMARK [1][-]{section.24.16}{\376\377\0004\000.\0003\000\040\000L\000a\000y\000e\000r\000w\000i\000s\000e\000\040\000S\000e\000n\000s\000i\000t\000i\000v\000i\000t\000y\000\040\000\050\000H\0004\000\051}{chapter.24}% 1093
\BOOKMARK [1][-]{section.24.17}{\376\377\0004\000.\0004\000\040\000P\000e\000r\000c\000o\000l\000a\000t\000i\000o\000n\000\040\000T\000r\000a\000n\000s\000i\000t\000i\000o\000n\000\040\000\050\000H\0005\000\051}{chapter.24}% 1094
\BOOKMARK [1][-]{section.24.18}{\376\377\0004\000.\0005\000\040\000E\000n\000t\000r\000o\000p\000y\000-\000C\000o\000m\000p\000r\000e\000s\000s\000i\000b\000i\000l\000i\000t\000y\000\040\000D\000u\000a\000l\000i\000t\000y\000\040\000\050\000H\0006\000\051}{chapter.24}% 1095
\BOOKMARK [1][-]{section.24.19}{\376\377\0005\000.\000\040\000A\000p\000p\000l\000i\000c\000a\000t\000i\000o\000n\000s}{chapter.24}% 1096
\BOOKMARK [1][-]{section.24.20}{\376\377\0005\000.\0001\000\040\000C\000o\000m\000p\000r\000e\000s\000s\000i\000o\000n\000\040\000D\000e\000c\000i\000s\000i\000o\000n\000\040\000R\000u\000l\000e}{chapter.24}% 1097
\BOOKMARK [1][-]{section.24.21}{\376\377\0005\000.\0002\000\040\000T\000e\000m\000p\000e\000r\000a\000t\000u\000r\000e\000\040\000A\000n\000n\000e\000a\000l\000i\000n\000g}{chapter.24}% 1098
\BOOKMARK [1][-]{section.24.22}{\376\377\0005\000.\0003\000\040\000L\000a\000y\000e\000r\000w\000i\000s\000e\000\040\000A\000d\000a\000p\000t\000i\000v\000e\000\040\000C\000o\000m\000p\000r\000e\000s\000s\000i\000o\000n}{chapter.24}% 1099
\BOOKMARK [1][-]{section.24.23}{\376\377\0005\000.\0004\000\040\000E\000d\000g\000e\000\040\000D\000e\000p\000l\000o\000y\000m\000e\000n\000t}{chapter.24}% 1100
\BOOKMARK [1][-]{section.24.24}{\376\377\0006\000.\000\040\000N\000e\000w\000\040\000H\000y\000p\000o\000t\000h\000e\000s\000e\000s\000\040\000a\000n\000d\000\040\000F\000u\000t\000u\000r\000e\000\040\000D\000i\000r\000e\000c\000t\000i\000o\000n\000s}{chapter.24}% 1101
\BOOKMARK [1][-]{section.24.25}{\376\377\0007\000.\000\040\000C\000o\000n\000c\000l\000u\000s\000i\000o\000n}{chapter.24}% 1102
\BOOKMARK [1][-]{section.24.26}{\376\377\000R\000e\000f\000e\000r\000e\000n\000c\000e\000s}{chapter.24}% 1103
\BOOKMARK [1][-]{section.24.27}{\376\377\000S\000c\000i\000e\000n\000t\000i\000f\000i\000c\000\040\000A\000m\000e\000r\000i\000c\000a\000n\000\040\000A\000r\000t\000i\000c\000l\000e}{chapter.24}% 1104
\BOOKMARK [1][-]{section.24.28}{\376\377\000T\000h\000e\000\040\000T\000r\000i\000l\000l\000i\000o\000n\000-\000P\000a\000r\000a\000m\000e\000t\000e\000r\000\040\000P\000r\000o\000b\000l\000e\000m}{chapter.24}% 1105
\BOOKMARK [1][-]{section.24.29}{\376\377\000C\000o\000m\000p\000r\000e\000s\000s\000i\000o\000n\000\040\000I\000s\000\040\000P\000r\000o\000j\000e\000c\000t\000i\000o\000n}{chapter.24}% 1106
\BOOKMARK [1][-]{section.24.30}{\376\377\000T\000h\000e\000\040\000S\000m\000o\000o\000t\000h\000s\000t\000e\000p\000\040\000S\000e\000c\000r\000e\000t}{chapter.24}% 1107
\BOOKMARK [1][-]{section.24.31}{\376\377\000T\000h\000e\000\040\000P\000h\000a\000s\000e\000\040\000T\000r\000a\000n\000s\000i\000t\000i\000o\000n}{chapter.24}% 1108
\BOOKMARK [1][-]{section.24.32}{\376\377\000T\000h\000e\000\040\000T\000e\000m\000p\000e\000r\000a\000t\000u\000r\000e\000\040\000K\000n\000o\000b}{chapter.24}% 1109
\BOOKMARK [1][-]{section.24.33}{\376\377\000P\000r\000o\000v\000e\000n\000\040\000b\000y\000\040\000M\000a\000c\000h\000i\000n\000e}{chapter.24}% 1110
\BOOKMARK [1][-]{section.24.34}{\376\377\000W\000h\000a\000t\000\040\000t\000h\000e\000\040\000E\000x\000p\000e\000r\000i\000m\000e\000n\000t\000s\000\040\000R\000e\000v\000e\000a\000l\000e\000d}{chapter.24}% 1111
\BOOKMARK [1][-]{section.24.35}{\376\377\000P\000r\000a\000c\000t\000i\000c\000a\000l\000\040\000I\000m\000p\000l\000i\000c\000a\000t\000i\000o\000n\000s}{chapter.24}% 1112
\BOOKMARK [1][-]{section.24.36}{\376\377\000T\000h\000e\000\040\000B\000i\000g\000g\000e\000r\000\040\000P\000i\000c\000t\000u\000r\000e}{chapter.24}% 1113
\BOOKMARK [0][-]{chapter.25}{\376\377\000O\000r\000a\000c\000l\000e\000'\000s\000\040\000S\000e\000c\000r\000e\000t}{part.4}% 1114
\BOOKMARK [1][-]{section.25.1}{\376\377\000F\000i\000g\000u\000r\000e\000s}{chapter.25}% 1115
\BOOKMARK [1][-]{section.25.2}{\376\377\000R\000e\000s\000e\000a\000r\000c\000h\000\040\000P\000a\000p\000e\000r}{chapter.25}% 1116
\BOOKMARK [1][-]{section.25.3}{\376\377\000A\000b\000s\000t\000r\000a\000c\000t}{chapter.25}% 1117
\BOOKMARK [1][-]{section.25.4}{\376\377\0001\000.\000\040\000T\000h\000e\000\040\000D\000i\000v\000i\000s\000o\000r\000\040\000D\000e\000c\000o\000m\000p\000o\000s\000i\000t\000i\000o\000n\000\040\000L\000a\000w}{chapter.25}% 1118
\BOOKMARK [1][-]{section.25.5}{\376\377\0001\000.\0001\000\040\000S\000t\000a\000t\000e\000m\000e\000n\000t}{chapter.25}% 1119
\BOOKMARK [1][-]{section.25.6}{\376\377\0001\000.\0002\000\040\000C\000o\000m\000p\000u\000t\000a\000t\000i\000o\000n\000a\000l\000\040\000E\000v\000i\000d\000e\000n\000c\000e}{chapter.25}% 1120
\BOOKMARK [1][-]{section.25.7}{\376\377\0001\000.\0003\000\040\000T\000h\000e\000\040\000M\000u\000l\000t\000i\000p\000l\000i\000c\000a\000t\000i\000v\000i\000t\000y\000\040\000Q\000u\000e\000s\000t\000i\000o\000n}{chapter.25}% 1121
\BOOKMARK [1][-]{section.25.8}{\376\377\0001\000.\0004\000\040\000R\000e\000f\000i\000n\000e\000d\000\040\000H\000y\000p\000o\000t\000h\000e\000s\000i\000s}{chapter.25}% 1122
\BOOKMARK [1][-]{section.25.9}{\376\377\0001\000.\0005\000\040\000A\000p\000p\000l\000i\000c\000a\000t\000i\000o\000n\000s}{chapter.25}% 1123
\BOOKMARK [1][-]{section.25.10}{\376\377\0002\000.\000\040\000T\000h\000e\000\040\000D\000e\000c\000i\000d\000a\000b\000i\000l\000i\000t\000y\000-\000R\000e\000g\000u\000l\000a\000r\000i\000t\000y\000\040\000P\000r\000i\000n\000c\000i\000p\000l\000e}{chapter.25}% 1124
\BOOKMARK [1][-]{section.25.11}{\376\377\0002\000.\0001\000\040\000S\000t\000a\000t\000e\000m\000e\000n\000t}{chapter.25}% 1125
\BOOKMARK [1][-]{section.25.12}{\376\377\0002\000.\0002\000\040\000E\000v\000i\000d\000e\000n\000c\000e\000\040\000f\000r\000o\000m\000\040\000P\000D\000E\000\040\000C\000l\000a\000s\000s\000i\000f\000i\000c\000a\000t\000i\000o\000n}{chapter.25}% 1126
\BOOKMARK [1][-]{section.25.13}{\376\377\0002\000.\0003\000\040\000T\000h\000e\000\040\000K\000e\000y\000\040\000I\000n\000s\000i\000g\000h\000t}{chapter.25}% 1127
\BOOKMARK [1][-]{section.25.14}{\376\377\0002\000.\0004\000\040\000A\000\040\000F\000o\000r\000m\000a\000l\000i\000z\000e\000d\000\040\000C\000o\000m\000p\000o\000n\000e\000n\000t}{chapter.25}% 1128
\BOOKMARK [1][-]{section.25.15}{\376\377\0002\000.\0005\000\040\000A\000p\000p\000l\000i\000c\000a\000t\000i\000o\000n\000s}{chapter.25}% 1129
\BOOKMARK [1][-]{section.25.16}{\376\377\0003\000.\000\040\000T\000h\000e\000\040\000d\000e\000\040\000B\000r\000u\000i\000j\000n\040\023\000N\000e\000w\000m\000a\000n\000\040\000/\000\040\000Y\000a\000n\000g\000-\000M\000i\000l\000l\000s\000\040\000B\000r\000i\000d\000g\000e}{chapter.25}% 1130
\BOOKMARK [1][-]{section.25.17}{\376\377\0003\000.\0001\000\040\000S\000t\000a\000t\000e\000m\000e\000n\000t}{chapter.25}% 1131
\BOOKMARK [1][-]{section.25.18}{\376\377\0003\000.\0002\000\040\000C\000o\000n\000t\000e\000x\000t}{chapter.25}% 1132
\BOOKMARK [1][-]{section.25.19}{\376\377\0003\000.\0003\000\040\000W\000h\000y\000\040\000T\000h\000i\000s\000\040\000M\000i\000g\000h\000t\000\040\000W\000o\000r\000k\000:\000\040\000D\000i\000m\000e\000n\000s\000i\000o\000n\000a\000l\000\040\000A\000n\000a\000l\000y\000s\000i\000s}{chapter.25}% 1133
\BOOKMARK [1][-]{section.25.20}{\376\377\0003\000.\0004\000\040\000L\000a\000t\000t\000i\000c\000e\000\040\000S\000i\000m\000u\000l\000a\000t\000i\000o\000n\000s}{chapter.25}% 1134
\BOOKMARK [1][-]{section.25.21}{\376\377\0003\000.\0005\000\040\000T\000h\000e\000\040\000D\000e\000e\000p\000e\000r\000\040\000C\000o\000n\000n\000e\000c\000t\000i\000o\000n}{chapter.25}% 1135
\BOOKMARK [1][-]{section.25.22}{\376\377\0003\000.\0006\000\040\000S\000t\000a\000t\000u\000s\000\040\000a\000n\000d\000\040\000F\000a\000l\000s\000i\000f\000i\000a\000b\000i\000l\000i\000t\000y}{chapter.25}% 1136
\BOOKMARK [1][-]{section.25.23}{\376\377\0004\000.\000\040\000N\000e\000w\000\040\000H\000y\000p\000o\000t\000h\000e\000s\000e\000s\000\040\000G\000e\000n\000e\000r\000a\000t\000e\000d}{chapter.25}% 1137
\BOOKMARK [1][-]{section.25.24}{\376\377\000H\000y\000p\000o\000t\000h\000e\000s\000i\000s\000\040\0001\000:\000\040\000S\000u\000b\000-\000M\000u\000l\000t\000i\000p\000l\000i\000c\000a\000t\000i\000v\000i\000t\000y\000\040\000o\000f\000\040\000E\000g\000y\000p\000t\000i\000a\000n\000\040\000F\000r\000a\000c\000t\000i\000o\000n\000\040\000C\000o\000u\000n\000t\000s}{chapter.25}% 1138
\BOOKMARK [1][-]{section.25.25}{\376\377\000H\000y\000p\000o\000t\000h\000e\000s\000i\000s\000\040\0002\000:\000\040\000T\000h\000e\000\040\000B\000l\000o\000w\000-\000U\000p\000\040\000H\000i\000e\000r\000a\000r\000c\000h\000y\000\040\000T\000h\000e\000o\000r\000e\000m}{chapter.25}% 1139
\BOOKMARK [1][-]{section.25.26}{\376\377\000H\000y\000p\000o\000t\000h\000e\000s\000i\000s\000\040\0003\000:\000\040\000S\000p\000e\000c\000t\000r\000a\000l\000\040\000G\000a\000p\000\040\000U\000n\000i\000v\000e\000r\000s\000a\000l\000i\000t\000y}{chapter.25}% 1140
\BOOKMARK [1][-]{section.25.27}{\376\377\0005\000.\000\040\000F\000o\000r\000m\000a\000l\000\040\000V\000e\000r\000i\000f\000i\000c\000a\000t\000i\000o\000n}{chapter.25}% 1141
\BOOKMARK [1][-]{section.25.28}{\376\377\0006\000.\000\040\000C\000o\000n\000c\000l\000u\000s\000i\000o\000n\000s}{chapter.25}% 1142
\BOOKMARK [1][-]{section.25.29}{\376\377\000A\000p\000p\000e\000n\000d\000i\000x\000:\000\040\000R\000u\000n\000n\000i\000n\000g\000\040\000t\000h\000e\000\040\000D\000e\000m\000o\000s}{chapter.25}% 1143
\BOOKMARK [1][-]{section.25.30}{\376\377\000R\000e\000f\000e\000r\000e\000n\000c\000e\000s}{chapter.25}% 1144
\BOOKMARK [0][-]{chapter.26}{\376\377\000O\000r\000a\000c\000l\000e\000G\000P\000T\0002}{part.4}% 1145
\BOOKMARK [1][-]{section.26.1}{\376\377\000R\000e\000s\000e\000a\000r\000c\000h\000\040\000P\000a\000p\000e\000r}{chapter.26}% 1146
\BOOKMARK [1][-]{section.26.2}{\376\377\0001\000.\000\040\000I\000n\000t\000r\000o\000d\000u\000c\000t\000i\000o\000n}{chapter.26}% 1147
\BOOKMARK [1][-]{section.26.3}{\376\377\000C\000o\000n\000t\000r\000i\000b\000u\000t\000i\000o\000n\000s}{chapter.26}% 1148
\BOOKMARK [1][-]{section.26.4}{\376\377\0002\000.\000\040\000M\000a\000t\000h\000e\000m\000a\000t\000i\000c\000a\000l\000\040\000F\000r\000a\000m\000e\000w\000o\000r\000k}{chapter.26}% 1149
\BOOKMARK [1][-]{section.26.5}{\376\377\0002\000.\0001\000\040\000O\000r\000a\000c\000l\000e\000s\000\040\000a\000s\000\040\000I\000d\000e\000m\000p\000o\000t\000e\000n\000t\000\040\000O\000p\000e\000r\000a\000t\000o\000r\000s}{chapter.26}% 1150
\BOOKMARK [1][-]{section.26.6}{\376\377\0002\000.\0002\000\040\000T\000h\000e\000\040\000B\000o\000o\000t\000s\000t\000r\000a\000p\000\040\000M\000a\000p}{chapter.26}% 1151
\BOOKMARK [1][-]{section.26.7}{\376\377\0002\000.\0003\000\040\000T\000h\000e\000\040\000P\000h\000a\000s\000e\000\040\000T\000r\000a\000n\000s\000i\000t\000i\000o\000n\000\040\000T\000h\000e\000o\000r\000e\000m}{chapter.26}% 1152
\BOOKMARK [1][-]{section.26.8}{\376\377\0002\000.\0004\000\040\000G\000P\000T\000-\0002\000\040\000A\000r\000c\000h\000i\000t\000e\000c\000t\000u\000r\000e\000\040\000C\000o\000n\000s\000t\000a\000n\000t\000s}{chapter.26}% 1153
\BOOKMARK [1][-]{section.26.9}{\376\377\0003\000.\000\040\000C\000o\000m\000p\000r\000e\000s\000s\000i\000o\000n\000\040\000P\000i\000p\000e\000l\000i\000n\000e}{chapter.26}% 1154
\BOOKMARK [1][-]{section.26.10}{\376\377\0003\000.\0001\000\040\000S\000e\000r\000i\000a\000l\000i\000z\000a\000t\000i\000o\000n\000\040\000F\000o\000r\000m\000a\000t}{chapter.26}% 1155
\BOOKMARK [1][-]{section.26.11}{\376\377\0004\000.\000\040\000E\000x\000p\000e\000r\000i\000m\000e\000n\000t\000a\000l\000\040\000R\000e\000s\000u\000l\000t\000s}{chapter.26}% 1156
\BOOKMARK [1][-]{section.26.12}{\376\377\0004\000.\0001\000\040\000P\000h\000a\000s\000e\000\040\000T\000r\000a\000n\000s\000i\000t\000i\000o\000n\000\040\000V\000a\000l\000i\000d\000a\000t\000i\000o\000n}{chapter.26}% 1157
\BOOKMARK [1][-]{section.26.13}{\376\377\0004\000.\0002\000\040\000O\000r\000a\000c\000l\000e\000\040\000I\000d\000e\000m\000p\000o\000t\000e\000n\000c\000y}{chapter.26}% 1158
\BOOKMARK [1][-]{section.26.14}{\376\377\0004\000.\0003\000\040\000B\000o\000o\000t\000s\000t\000r\000a\000p\000\040\000C\000o\000n\000v\000e\000r\000g\000e\000n\000c\000e}{chapter.26}% 1159
\BOOKMARK [1][-]{section.26.15}{\376\377\0005\000.\000\040\000N\000e\000w\000\040\000H\000y\000p\000o\000t\000h\000e\000s\000e\000s}{chapter.26}% 1160
\BOOKMARK [1][-]{section.26.16}{\376\377\000H\0001\0003\000:\000\040\000L\000a\000y\000e\000r\000w\000i\000s\000e\000\040\000P\000h\000a\000s\000e\000\040\000T\000r\000a\000n\000s\000i\000t\000i\000o\000n}{chapter.26}% 1161
\BOOKMARK [1][-]{section.26.17}{\376\377\000H\0001\0004\000:\000\040\000B\000o\000o\000t\000s\000t\000r\000a\000p\000\040\000C\000o\000m\000p\000o\000s\000i\000t\000i\000o\000n\000\040\000L\000a\000w}{chapter.26}% 1162
\BOOKMARK [1][-]{section.26.18}{\376\377\000H\0001\0005\000:\000\040\000S\000p\000e\000c\000t\000r\000a\000l\000\040\000C\000o\000m\000p\000r\000e\000s\000s\000i\000o\000n\000\040\000G\000a\000p}{chapter.26}% 1163
\BOOKMARK [1][-]{section.26.19}{\376\377\000H\0001\0006\000:\000\040\000B\000o\000o\000t\000s\000t\000r\000a\000p\000\040\000T\000e\000m\000p\000e\000r\000a\000t\000u\000r\000e}{chapter.26}% 1164
\BOOKMARK [1][-]{section.26.20}{\376\377\0006\000.\000\040\000F\000o\000r\000m\000a\000l\000\040\000V\000e\000r\000i\000f\000i\000c\000a\000t\000i\000o\000n\000\040\000S\000u\000m\000m\000a\000r\000y}{chapter.26}% 1165
\BOOKMARK [1][-]{section.26.21}{\376\377\0007\000.\000\040\000A\000p\000p\000l\000i\000c\000a\000t\000i\000o\000n\000s}{chapter.26}% 1166
\BOOKMARK [1][-]{section.26.22}{\376\377\0008\000.\000\040\000C\000o\000n\000c\000l\000u\000s\000i\000o\000n}{chapter.26}% 1167
\BOOKMARK [1][-]{section.26.23}{\376\377\000R\000e\000f\000e\000r\000e\000n\000c\000e\000s}{chapter.26}% 1168
\BOOKMARK [1][-]{section.26.24}{\376\377\000S\000c\000i\000e\000n\000t\000i\000f\000i\000c\000\040\000A\000m\000e\000r\000i\000c\000a\000n\000\040\000A\000r\000t\000i\000c\000l\000e}{chapter.26}% 1169
\BOOKMARK [1][-]{section.26.25}{\376\377\000T\000h\000e\000\040\000P\000r\000o\000b\000l\000e\000m\000:\000\040\000A\000I\000\040\000M\000o\000d\000e\000l\000s\000\040\000A\000r\000e\000\040\000T\000o\000o\000\040\000B\000i\000g}{chapter.26}% 1170
\BOOKMARK [1][-]{section.26.26}{\376\377\000T\000h\000e\000\040\000O\000r\000a\000c\000l\000e\000\040\000C\000o\000n\000n\000e\000c\000t\000i\000o\000n}{chapter.26}% 1171
\BOOKMARK [1][-]{section.26.27}{\376\377\000T\000h\000e\000\040\000B\000o\000o\000t\000s\000t\000r\000a\000p\000\040\000M\000a\000p}{chapter.26}% 1172
\BOOKMARK [1][-]{section.26.28}{\376\377\000T\000h\000e\000\040\000P\000h\000a\000s\000e\000\040\000T\000r\000a\000n\000s\000i\000t\000i\000o\000n}{chapter.26}% 1173
\BOOKMARK [1][-]{section.26.29}{\376\377\000P\000r\000o\000v\000e\000n\000\040\000b\000y\000\040\000C\000o\000m\000p\000u\000t\000e\000r}{chapter.26}% 1174
\BOOKMARK [1][-]{section.26.30}{\376\377\000W\000h\000a\000t\000\040\000I\000t\000\040\000M\000e\000a\000n\000s\000\040\000i\000n\000\040\000P\000r\000a\000c\000t\000i\000c\000e}{chapter.26}% 1175
\BOOKMARK [1][-]{section.26.31}{\376\377\000N\000e\000w\000\040\000F\000r\000o\000n\000t\000i\000e\000r\000s}{chapter.26}% 1176
\BOOKMARK [1][-]{section.26.32}{\376\377\000T\000h\000e\000\040\000B\000i\000g\000g\000e\000r\000\040\000P\000i\000c\000t\000u\000r\000e}{chapter.26}% 1177
\BOOKMARK [0][-]{chapter.27}{\376\377\000G\000e\000o\000d\000e\000s\000i\000c\000\040\000S\000e\000e\000k\000e\000r\000\040\000O\000r\000a\000c\000l\000e}{part.4}% 1178
\BOOKMARK [1][-]{section.27.1}{\376\377\000R\000e\000s\000e\000a\000r\000c\000h\000\040\000P\000a\000p\000e\000r}{chapter.27}% 1179
\BOOKMARK [1][-]{section.27.2}{\376\377\0001\000.\000\040\000I\000n\000t\000r\000o\000d\000u\000c\000t\000i\000o\000n}{chapter.27}% 1180
\BOOKMARK [1][-]{section.27.3}{\376\377\0001\000.\0001\000\040\000T\000h\000e\000\040\000P\000r\000o\000b\000l\000e\000m\000\040\000o\000f\000\040\000P\000r\000o\000b\000l\000e\000m\000-\000S\000o\000l\000v\000i\000n\000g}{chapter.27}% 1181
\BOOKMARK [1][-]{section.27.4}{\376\377\0001\000.\0002\000\040\000T\000h\000e\000\040\000G\000e\000o\000d\000e\000s\000i\000c\000\040\000O\000r\000a\000c\000l\000e\000\040\000I\000n\000s\000i\000g\000h\000t}{chapter.27}% 1182
\BOOKMARK [1][-]{section.27.5}{\376\377\0001\000.\0003\000\040\000O\000r\000a\000c\000l\000e\000\040\000I\000d\000e\000m\000p\000o\000t\000e\000n\000c\000y}{chapter.27}% 1183
\BOOKMARK [1][-]{section.27.6}{\376\377\0002\000.\000\040\000M\000a\000t\000h\000e\000m\000a\000t\000i\000c\000a\000l\000\040\000F\000r\000a\000m\000e\000w\000o\000r\000k}{chapter.27}% 1184
\BOOKMARK [1][-]{section.27.7}{\376\377\0002\000.\0001\000\040\000I\000n\000v\000e\000r\000s\000e\000\040\000S\000t\000e\000r\000e\000o\000g\000r\000a\000p\000h\000i\000c\000\040\000P\000r\000o\000j\000e\000c\000t\000i\000o\000n}{chapter.27}% 1185
\BOOKMARK [1][-]{section.27.8}{\376\377\0002\000.\0002\000\040\000T\000h\000e\000\040\000G\000e\000o\000d\000e\000s\000i\000c\000\040\000O\000r\000a\000c\000l\000e\000\040\000S\000t\000r\000u\000c\000t\000u\000r\000e}{chapter.27}% 1186
\BOOKMARK [1][-]{section.27.9}{\376\377\0002\000.\0003\000\040\000L\000i\000f\000t\000e\000d\000\040\000O\000r\000a\000c\000l\000e\000s}{chapter.27}% 1187
\BOOKMARK [1][-]{section.27.10}{\376\377\0002\000.\0004\000\040\000G\000e\000o\000d\000e\000s\000i\000c\000\040\000D\000i\000s\000t\000a\000n\000c\000e}{chapter.27}% 1188
\BOOKMARK [1][-]{section.27.11}{\376\377\0003\000.\000\040\000I\000n\000f\000o\000r\000m\000a\000t\000i\000o\000n\000-\000G\000e\000o\000m\000e\000t\000r\000i\000c\000\040\000I\000n\000t\000e\000r\000p\000r\000e\000t\000a\000t\000i\000o\000n}{chapter.27}% 1189
\BOOKMARK [1][-]{section.27.12}{\376\377\0003\000.\0001\000\040\000I\000n\000f\000o\000r\000m\000a\000t\000i\000o\000n\000\040\000G\000a\000i\000n}{chapter.27}% 1190
\BOOKMARK [1][-]{section.27.13}{\376\377\0003\000.\0002\000\040\000F\000i\000s\000h\000e\000r\000\040\000I\000n\000f\000o\000r\000m\000a\000t\000i\000o\000n}{chapter.27}% 1191
\BOOKMARK [1][-]{section.27.14}{\376\377\0003\000.\0003\000\040\000O\000r\000a\000c\000l\000e\000-\000E\000n\000t\000r\000o\000p\000y\000\040\000D\000u\000a\000l\000i\000t\000y}{chapter.27}% 1192
\BOOKMARK [1][-]{section.27.15}{\376\377\0004\000.\000\040\000H\000i\000g\000h\000e\000r\000-\000D\000i\000m\000e\000n\000s\000i\000o\000n\000a\000l\000\040\000T\000h\000e\000o\000r\000y}{chapter.27}% 1193
\BOOKMARK [1][-]{section.27.16}{\376\377\0004\000.\0001\000\040\000N\000-\000D\000i\000m\000e\000n\000s\000i\000o\000n\000a\000l\000\040\000I\000n\000v\000e\000r\000s\000e\000\040\000S\000t\000e\000r\000e\000o\000g\000r\000a\000p\000h\000i\000c\000\040\000P\000r\000o\000j\000e\000c\000t\000i\000o\000n}{chapter.27}% 1194
\BOOKMARK [1][-]{section.27.17}{\376\377\0004\000.\0002\000\040\000M\000\366\000b\000i\000u\000s\000\040\000C\000o\000v\000a\000r\000i\000a\000n\000c\000e}{chapter.27}% 1195
\BOOKMARK [1][-]{section.27.18}{\376\377\0004\000.\0003\000\040\000T\000h\000e\000\040\000M\000e\000t\000a\000-\000G\000e\000o\000d\000e\000s\000i\000c\000\040\000O\000r\000a\000c\000l\000e}{chapter.27}% 1196
\BOOKMARK [1][-]{section.27.19}{\376\377\0005\000.\000\040\000O\000r\000a\000c\000l\000e\000\040\000L\000a\000t\000t\000i\000c\000e\000\040\000S\000t\000r\000u\000c\000t\000u\000r\000e}{chapter.27}% 1197
\BOOKMARK [1][-]{section.27.20}{\376\377\0005\000.\0001\000\040\000R\000e\000f\000i\000n\000e\000m\000e\000n\000t\000\040\000O\000r\000d\000e\000r}{chapter.27}% 1198
\BOOKMARK [1][-]{section.27.21}{\376\377\0005\000.\0002\000\040\000O\000r\000a\000c\000l\000e\000\040\000P\000a\000r\000t\000i\000t\000i\000o\000n\000i\000n\000g}{chapter.27}% 1199
\BOOKMARK [1][-]{section.27.22}{\376\377\0006\000.\000\040\000H\000y\000p\000o\000t\000h\000e\000s\000e\000s\000,\000\040\000E\000x\000p\000e\000r\000i\000m\000e\000n\000t\000s\000,\000\040\000a\000n\000d\000\040\000V\000a\000l\000i\000d\000a\000t\000i\000o\000n}{chapter.27}% 1200
\BOOKMARK [1][-]{section.27.23}{\376\377\0006\000.\0001\000\040\000H\000y\000p\000o\000t\000h\000e\000s\000e\000s\000\040\000G\000e\000n\000e\000r\000a\000t\000e\000d}{chapter.27}% 1201
\BOOKMARK [1][-]{section.27.24}{\376\377\0006\000.\0002\000\040\000E\000x\000p\000e\000r\000i\000m\000e\000n\000t\000a\000l\000\040\000V\000a\000l\000i\000d\000a\000t\000i\000o\000n}{chapter.27}% 1202
\BOOKMARK [1][-]{section.27.25}{\376\377\0006\000.\0003\000\040\000U\000p\000d\000a\000t\000e\000d\000\040\000K\000n\000o\000w\000l\000e\000d\000g\000e}{chapter.27}% 1203
\BOOKMARK [1][-]{section.27.26}{\376\377\0007\000.\000\040\000A\000p\000p\000l\000i\000c\000a\000t\000i\000o\000n\000s}{chapter.27}% 1204
\BOOKMARK [1][-]{section.27.27}{\376\377\0007\000.\0001\000\040\000M\000a\000c\000h\000i\000n\000e\000\040\000L\000e\000a\000r\000n\000i\000n\000g\000:\000\040\000S\000p\000h\000e\000r\000i\000c\000a\000l\000\040\000O\000p\000t\000i\000m\000i\000z\000a\000t\000i\000o\000n}{chapter.27}% 1205
\BOOKMARK [1][-]{section.27.28}{\376\377\0007\000.\0002\000\040\000C\000r\000y\000p\000t\000o\000g\000r\000a\000p\000h\000y\000:\000\040\000O\000r\000a\000c\000l\000e\000-\000G\000u\000i\000d\000e\000d\000\040\000K\000e\000y\000\040\000S\000e\000a\000r\000c\000h}{chapter.27}% 1206
\BOOKMARK [1][-]{section.27.29}{\376\377\0007\000.\0003\000\040\000Q\000u\000a\000n\000t\000u\000m\000\040\000C\000o\000m\000p\000u\000t\000i\000n\000g\000:\000\040\000O\000r\000a\000c\000l\000e\000\040\000C\000i\000r\000c\000u\000i\000t\000s}{chapter.27}% 1207
\BOOKMARK [1][-]{section.27.30}{\376\377\0007\000.\0004\000\040\000C\000o\000n\000t\000r\000o\000l\000\040\000T\000h\000e\000o\000r\000y\000:\000\040\000R\000o\000b\000u\000s\000t\000\040\000S\000t\000a\000t\000e\000\040\000E\000s\000t\000i\000m\000a\000t\000i\000o\000n}{chapter.27}% 1208
\BOOKMARK [1][-]{section.27.31}{\376\377\0007\000.\0005\000\040\000I\000n\000f\000o\000r\000m\000a\000t\000i\000o\000n\000\040\000R\000e\000t\000r\000i\000e\000v\000a\000l}{chapter.27}% 1209
\BOOKMARK [1][-]{section.27.32}{\376\377\0008\000.\000\040\000C\000o\000n\000c\000l\000u\000s\000i\000o\000n\000s}{chapter.27}% 1210
\BOOKMARK [1][-]{section.27.33}{\376\377\000R\000e\000f\000e\000r\000e\000n\000c\000e\000s}{chapter.27}% 1211
\BOOKMARK [1][-]{section.27.34}{\376\377\000S\000c\000i\000e\000n\000t\000i\000f\000i\000c\000\040\000A\000m\000e\000r\000i\000c\000a\000n\000\040\000A\000r\000t\000i\000c\000l\000e}{chapter.27}% 1212
\BOOKMARK [1][-]{section.27.35}{\376\377\000T\000h\000e\000\040\000P\000r\000o\000b\000l\000e\000m\000\040\000w\000i\000t\000h\000\040\000P\000r\000o\000b\000l\000e\000m\000-\000S\000o\000l\000v\000i\000n\000g}{chapter.27}% 1213
\BOOKMARK [1][-]{section.27.36}{\376\377\000A\000s\000k\000i\000n\000g\000\040\000t\000h\000e\000\040\000O\000r\000a\000c\000l\000e}{chapter.27}% 1214
\BOOKMARK [1][-]{section.27.37}{\376\377\000W\000r\000a\000p\000p\000i\000n\000g\000\040\000P\000r\000o\000b\000l\000e\000m\000s\000\040\000A\000r\000o\000u\000n\000d\000\040\000a\000\040\000B\000a\000l\000l}{chapter.27}% 1215
\BOOKMARK [1][-]{section.27.38}{\376\377\000F\000o\000l\000l\000o\000w\000i\000n\000g\000\040\000t\000h\000e\000\040\000G\000r\000e\000a\000t\000\040\000C\000i\000r\000c\000l\000e\000s}{chapter.27}% 1216
\BOOKMARK [1][-]{section.27.39}{\376\377\000I\000n\000f\000o\000r\000m\000a\000t\000i\000o\000n\000\040\000E\000q\000u\000a\000l\000s\000\040\000D\000i\000s\000t\000a\000n\000c\000e}{chapter.27}% 1217
\BOOKMARK [1][-]{section.27.40}{\376\377\000M\000a\000c\000h\000i\000n\000e\000-\000V\000e\000r\000i\000f\000i\000e\000d\000\040\000T\000r\000u\000t\000h}{chapter.27}% 1218
\BOOKMARK [1][-]{section.27.41}{\376\377\000W\000h\000a\000t\000\040\000I\000t\000\040\000M\000e\000a\000n\000s\000\040\000i\000n\000\040\000P\000r\000a\000c\000t\000i\000c\000e}{chapter.27}% 1219
\BOOKMARK [1][-]{section.27.42}{\376\377\000T\000h\000e\000\040\000M\000e\000t\000a\000-\000O\000r\000a\000c\000l\000e\000:\000\040\000A\000n\000\040\000O\000r\000a\000c\000l\000e\000\040\000o\000f\000\040\000O\000r\000a\000c\000l\000e\000s}{chapter.27}% 1220
\BOOKMARK [1][-]{section.27.43}{\376\377\000T\000h\000e\000\040\000T\000a\000k\000e\000a\000w\000a\000y}{chapter.27}% 1221
\BOOKMARK [0][-]{chapter.28}{\376\377\000O\000r\000a\000c\000l\000e\000\040\000E\000x\000p\000l\000o\000r\000a\000t\000i\000o\000n}{part.4}% 1222
\BOOKMARK [1][-]{section.28.1}{\376\377\000R\000e\000s\000e\000a\000r\000c\000h\000\040\000P\000a\000p\000e\000r}{chapter.28}% 1223
\BOOKMARK [1][-]{section.28.2}{\376\377\0001\000.\000\040\000I\000n\000t\000r\000o\000d\000u\000c\000t\000i\000o\000n}{chapter.28}% 1224
\BOOKMARK [1][-]{section.28.3}{\376\377\0001\000.\0001\000\040\000T\000h\000e\000\040\000O\000r\000a\000c\000l\000e\000\040\000B\000o\000o\000t\000s\000t\000r\000a\000p\000\040\000M\000a\000p}{chapter.28}% 1225
\BOOKMARK [1][-]{section.28.4}{\376\377\0002\000.\000\040\000H\0001\0003\000:\000\040\000J\000u\000l\000i\000a\000\040\000S\000e\000t\000\040\000H\000a\000u\000s\000d\000o\000r\000f\000f\000\040\000D\000i\000m\000e\000n\000s\000i\000o\000n}{chapter.28}% 1226
\BOOKMARK [1][-]{section.28.5}{\376\377\0002\000.\0001\000\040\000S\000t\000a\000t\000e\000m\000e\000n\000t}{chapter.28}% 1227
\BOOKMARK [1][-]{section.28.6}{\376\377\0002\000.\0002\000\040\000E\000x\000p\000e\000r\000i\000m\000e\000n\000t\000a\000l\000\040\000S\000e\000t\000u\000p}{chapter.28}% 1228
\BOOKMARK [1][-]{section.28.7}{\376\377\0002\000.\0003\000\040\000R\000e\000s\000u\000l\000t\000s}{chapter.28}% 1229
\BOOKMARK [1][-]{section.28.8}{\376\377\0002\000.\0004\000\040\000B\000a\000s\000i\000n\000\040\000A\000n\000a\000l\000y\000s\000i\000s}{chapter.28}% 1230
\BOOKMARK [1][-]{section.28.9}{\376\377\0002\000.\0005\000\040\000V\000e\000r\000d\000i\000c\000t}{chapter.28}% 1231
\BOOKMARK [1][-]{section.28.10}{\376\377\0003\000.\000\040\000H\0001\0004\000:\000\040\000B\000o\000o\000t\000s\000t\000r\000a\000p\000\040\000F\000a\000m\000i\000l\000y\000\040\000P\000h\000a\000s\000e\000\040\000T\000r\000a\000n\000s\000i\000t\000i\000o\000n}{chapter.28}% 1232
\BOOKMARK [1][-]{section.28.11}{\376\377\0003\000.\0001\000\040\000S\000t\000a\000t\000e\000m\000e\000n\000t}{chapter.28}% 1233
\BOOKMARK [1][-]{section.28.12}{\376\377\0003\000.\0002\000\040\000T\000h\000e\000\040\000B\000o\000o\000t\000s\000t\000r\000a\000p\000\040\000F\000a\000m\000i\000l\000y}{chapter.28}% 1234
\BOOKMARK [1][-]{section.28.13}{\376\377\0003\000.\0003\000\040\000E\000x\000p\000e\000r\000i\000m\000e\000n\000t\000a\000l\000\040\000R\000e\000s\000u\000l\000t\000s}{chapter.28}% 1235
\BOOKMARK [1][-]{section.28.14}{\376\377\0003\000.\0004\000\040\000M\000a\000n\000d\000e\000l\000b\000r\000o\000t\000\040\000D\000i\000c\000h\000o\000t\000o\000m\000y\000\040\000A\000n\000a\000l\000y\000s\000i\000s}{chapter.28}% 1236
\BOOKMARK [1][-]{section.28.15}{\376\377\0003\000.\0005\000\040\000R\000e\000v\000i\000s\000e\000d\000\040\000H\000y\000p\000o\000t\000h\000e\000s\000i\000s}{chapter.28}% 1237
\BOOKMARK [1][-]{section.28.16}{\376\377\0003\000.\0006\000\040\000V\000e\000r\000d\000i\000c\000t}{chapter.28}% 1238
\BOOKMARK [1][-]{section.28.17}{\376\377\0004\000.\000\040\000H\0001\0005\000:\000\040\000B\000o\000o\000t\000s\000t\000r\000a\000p\000\040\000F\000a\000c\000t\000o\000r\000i\000n\000g\000\040\000w\000i\000t\000h\000\040\000L\000a\000t\000t\000i\000c\000e\000\040\000R\000e\000d\000u\000c\000t\000i\000o\000n}{chapter.28}% 1239
\BOOKMARK [1][-]{section.28.18}{\376\377\0004\000.\0001\000\040\000S\000t\000a\000t\000e\000m\000e\000n\000t}{chapter.28}% 1240
\BOOKMARK [1][-]{section.28.19}{\376\377\0004\000.\0002\000\040\000B\000o\000o\000t\000s\000t\000r\000a\000p\000\040\000F\000a\000c\000t\000o\000r\000i\000n\000g\000:\000\040\000T\000h\000e\000\040\000I\000d\000e\000m\000p\000o\000t\000e\000n\000t\000\040\000A\000p\000p\000r\000o\000a\000c\000h}{chapter.28}% 1241
\BOOKMARK [1][-]{section.28.20}{\376\377\0004\000.\0003\000\040\000E\000x\000p\000e\000r\000i\000m\000e\000n\000t\000a\000l\000\040\000R\000e\000s\000u\000l\000t\000s}{chapter.28}% 1242
\BOOKMARK [1][-]{section.28.21}{\376\377\0004\000.\0004\000\040\000C\000o\000m\000p\000l\000e\000x\000i\000t\000y\000\040\000A\000n\000a\000l\000y\000s\000i\000s}{chapter.28}% 1243
\BOOKMARK [1][-]{section.28.22}{\376\377\0004\000.\0005\000\040\000K\000e\000y\000\040\000I\000n\000s\000i\000g\000h\000t}{chapter.28}% 1244
\BOOKMARK [1][-]{section.28.23}{\376\377\0004\000.\0006\000\040\000V\000e\000r\000d\000i\000c\000t}{chapter.28}% 1245
\BOOKMARK [1][-]{section.28.24}{\376\377\0005\000.\000\040\000H\0001\0006\000:\000\040\000N\000-\000P\000o\000t\000e\000n\000t\000\040\000C\000a\000t\000e\000g\000o\000r\000i\000c\000a\000l\000\040\000F\000u\000n\000c\000t\000o\000r}{chapter.28}% 1246
\BOOKMARK [1][-]{section.28.25}{\376\377\0005\000.\0001\000\040\000S\000t\000a\000t\000e\000m\000e\000n\000t}{chapter.28}% 1247
\BOOKMARK [1][-]{section.28.26}{\376\377\0005\000.\0002\000\040\000T\000h\000e\000\040\000N\000-\000P\000o\000t\000e\000n\000t\000\040\000H\000i\000e\000r\000a\000r\000c\000h\000y}{chapter.28}% 1248
\BOOKMARK [1][-]{section.28.27}{\376\377\0005\000.\0003\000\040\000T\000h\000e\000\040\000F\000u\000n\000c\000t\000o\000r}{chapter.28}% 1249
\BOOKMARK [1][-]{section.28.28}{\376\377\0005\000.\0004\000\040\000L\000a\000t\000t\000i\000c\000e\000\040\000S\000t\000r\000u\000c\000t\000u\000r\000e}{chapter.28}% 1250
\BOOKMARK [1][-]{section.28.29}{\376\377\0005\000.\0005\000\040\000S\000p\000e\000c\000t\000r\000u\000m\000\040\000F\000u\000n\000c\000t\000o\000r}{chapter.28}% 1251
\BOOKMARK [1][-]{section.28.30}{\376\377\0005\000.\0006\000\040\000K\000e\000y\000\040\000R\000e\000f\000i\000n\000e\000m\000e\000n\000t}{chapter.28}% 1252
\BOOKMARK [1][-]{section.28.31}{\376\377\0005\000.\0007\000\040\000V\000e\000r\000d\000i\000c\000t}{chapter.28}% 1253
\BOOKMARK [1][-]{section.28.32}{\376\377\0006\000.\000\040\000H\0001\0007\000:\000\040\000N\000-\000P\000o\000t\000e\000n\000t\000\040\000F\000i\000l\000t\000r\000a\000t\000i\000o\000n\000\040\000\050\000G\000e\000n\000e\000r\000a\000l\000i\000z\000e\000d\000\040\000W\000e\000d\000d\000e\000r\000b\000u\000r\000n\000\051}{chapter.28}% 1254
\BOOKMARK [1][-]{section.28.33}{\376\377\0006\000.\0001\000\040\000S\000t\000a\000t\000e\000m\000e\000n\000t}{chapter.28}% 1255
\BOOKMARK [1][-]{section.28.34}{\376\377\0006\000.\0002\000\040\000T\000h\000e\000\040\000F\000i\000l\000t\000r\000a\000t\000i\000o\000n}{chapter.28}% 1256
\BOOKMARK [1][-]{section.28.35}{\376\377\0006\000.\0003\000\040\000R\000e\000l\000a\000t\000i\000o\000n\000s\000h\000i\000p\000\040\000t\000o\000\040\000W\000e\000d\000d\000e\000r\000b\000u\000r\000n}{chapter.28}% 1257
\BOOKMARK [1][-]{section.28.36}{\376\377\0006\000.\0004\000\040\000R\000a\000d\000i\000c\000a\000l\000\040\000D\000e\000t\000e\000c\000t\000i\000o\000n}{chapter.28}% 1258
\BOOKMARK [1][-]{section.28.37}{\376\377\0006\000.\0005\000\040\000C\000o\000m\000p\000u\000t\000a\000t\000i\000o\000n\000a\000l\000\040\000V\000e\000r\000i\000f\000i\000c\000a\000t\000i\000o\000n}{chapter.28}% 1259
\BOOKMARK [1][-]{section.28.38}{\376\377\0006\000.\0006\000\040\000V\000e\000r\000d\000i\000c\000t}{chapter.28}% 1260
\BOOKMARK [1][-]{section.28.39}{\376\377\0007\000.\000\040\000F\000o\000r\000m\000a\000l\000\040\000V\000e\000r\000i\000f\000i\000c\000a\000t\000i\000o\000n\000\040\000S\000u\000m\000m\000a\000r\000y}{chapter.28}% 1261
\BOOKMARK [1][-]{section.28.40}{\376\377\0008\000.\000\040\000A\000p\000p\000l\000i\000c\000a\000t\000i\000o\000n\000s}{chapter.28}% 1262
\BOOKMARK [1][-]{section.28.41}{\376\377\0008\000.\0001\000\040\000Q\000u\000a\000n\000t\000u\000m\000\040\000C\000o\000m\000p\000u\000t\000i\000n\000g}{chapter.28}% 1263
\BOOKMARK [1][-]{section.28.42}{\376\377\0008\000.\0002\000\040\000S\000i\000g\000n\000a\000l\000\040\000P\000r\000o\000c\000e\000s\000s\000i\000n\000g}{chapter.28}% 1264
\BOOKMARK [1][-]{section.28.43}{\376\377\0008\000.\0003\000\040\000C\000r\000y\000p\000t\000o\000g\000r\000a\000p\000h\000y}{chapter.28}% 1265
\BOOKMARK [1][-]{section.28.44}{\376\377\0008\000.\0004\000\040\000C\000o\000n\000t\000r\000o\000l\000\040\000T\000h\000e\000o\000r\000y}{chapter.28}% 1266
\BOOKMARK [1][-]{section.28.45}{\376\377\0008\000.\0005\000\040\000E\000r\000r\000o\000r\000-\000C\000o\000r\000r\000e\000c\000t\000i\000n\000g\000\040\000C\000o\000d\000e\000s}{chapter.28}% 1267
\BOOKMARK [1][-]{section.28.46}{\376\377\0009\000.\000\040\000N\000e\000w\000\040\000H\000y\000p\000o\000t\000h\000e\000s\000e\000s\000\040\000G\000e\000n\000e\000r\000a\000t\000e\000d}{chapter.28}% 1268
\BOOKMARK [1][-]{section.28.47}{\376\377\0001\0000\000.\000\040\000C\000o\000n\000c\000l\000u\000s\000i\000o\000n}{chapter.28}% 1269
\BOOKMARK [1][-]{section.28.48}{\376\377\000R\000e\000f\000e\000r\000e\000n\000c\000e\000s}{chapter.28}% 1270
\BOOKMARK [1][-]{section.28.49}{\376\377\000S\000c\000i\000e\000n\000t\000i\000f\000i\000c\000\040\000A\000m\000e\000r\000i\000c\000a\000n\000\040\000A\000r\000t\000i\000c\000l\000e}{chapter.28}% 1271
\BOOKMARK [1][-]{section.28.50}{\376\377\000T\000h\000e\000\040\000E\000q\000u\000a\000t\000i\000o\000n\000\040\000T\000h\000a\000t\000\040\000F\000i\000x\000e\000s\000\040\000I\000t\000s\000e\000l\000f}{chapter.28}% 1272
\BOOKMARK [1][-]{section.28.51}{\376\377\000A\000\040\000F\000r\000a\000c\000t\000a\000l\000\040\000B\000e\000t\000w\000e\000e\000n\000\040\000D\000i\000m\000e\000n\000s\000i\000o\000n\000s}{chapter.28}% 1273
\BOOKMARK [1][-]{section.28.52}{\376\377\000C\000r\000a\000c\000k\000i\000n\000g\000\040\000C\000o\000d\000e\000s\000\040\000w\000i\000t\000h\000\040\000S\000e\000l\000f\000-\000I\000m\000p\000r\000o\000v\000e\000m\000e\000n\000t}{chapter.28}% 1274
\BOOKMARK [1][-]{section.28.53}{\376\377\000A\000n\000\040\000X\000-\000R\000a\000y\000\040\000f\000o\000r\000\040\000A\000l\000g\000e\000b\000r\000a}{chapter.28}% 1275
\BOOKMARK [1][-]{section.28.54}{\376\377\000T\000h\000e\000\040\000F\000u\000n\000c\000t\000o\000r\000:\000\040\000A\000\040\000B\000r\000i\000d\000g\000e\000\040\000B\000e\000t\000w\000e\000e\000n\000\040\000N\000u\000m\000b\000e\000r\000\040\000T\000h\000e\000o\000r\000y\000\040\000a\000n\000d\000\040\000A\000l\000g\000e\000b\000r\000a}{chapter.28}% 1276
\BOOKMARK [1][-]{section.28.55}{\376\377\000W\000h\000a\000t\000\040\000t\000h\000e\000\040\000M\000a\000c\000h\000i\000n\000e\000s\000\040\000P\000r\000o\000v\000e\000d}{chapter.28}% 1277
\BOOKMARK [1][-]{section.28.56}{\376\377\000D\000r\000e\000a\000m\000s\000\040\000f\000o\000r\000\040\000t\000h\000e\000\040\000F\000u\000t\000u\000r\000e}{chapter.28}% 1278
\BOOKMARK [-1][-]{part.5}{\376\377\000V\000\040\000D\000r\000e\000a\000m\000s\000\040\000\046\000\040\000V\000i\000s\000i\000o\000n\000s}{}% 1279
\BOOKMARK [0][-]{chapter.29}{\376\377\000F\000i\000v\000e\000\040\000D\000r\000e\000a\000m\000s}{part.5}% 1280
\BOOKMARK [1][-]{section.29.1}{\376\377\000R\000e\000s\000e\000a\000r\000c\000h\000\040\000P\000a\000p\000e\000r}{chapter.29}% 1281
\BOOKMARK [0][-]{chapter.30}{\376\377\000A\000\040\000F\000o\000r\000m\000a\000l\000\040\000F\000r\000a\000m\000e\000w\000o\000r\000k\000\040\000f\000o\000r\000\040\000O\000r\000a\000c\000l\000e\000-\000B\000a\000s\000e\000d\000\040\000T\000h\000e\000o\000r\000e\000m\000\040\000E\000n\000u\000m\000e\000r\000a\000t\000i\000o\000n}{part.5}% 1282
\BOOKMARK [1][-]{section.30.1}{\376\377\000A\000b\000s\000t\000r\000a\000c\000t}{chapter.30}% 1283
\BOOKMARK [1][-]{section.30.2}{\376\377\0001\000.\000\040\000I\000n\000t\000r\000o\000d\000u\000c\000t\000i\000o\000n}{chapter.30}% 1284
\BOOKMARK [1][-]{section.30.3}{\376\377\0001\000.\0001\000\040\000M\000o\000t\000i\000v\000a\000t\000i\000o\000n}{chapter.30}% 1285
\BOOKMARK [1][-]{section.30.4}{\376\377\0001\000.\0002\000\040\000T\000h\000e\000\040\000O\000r\000a\000c\000l\000e\000\040\000M\000o\000d\000e\000l}{chapter.30}% 1286
\BOOKMARK [1][-]{section.30.5}{\376\377\0001\000.\0003\000\040\000R\000e\000l\000a\000t\000e\000d\000\040\000W\000o\000r\000k}{chapter.30}% 1287
\BOOKMARK [1][-]{section.30.6}{\376\377\0002\000.\000\040\000D\000r\000e\000a\000m\000\040\0001\000:\000\040\000T\000h\000e\000\040\000D\000e\000n\000s\000i\000t\000y\000\040\000D\000e\000c\000a\000y\000\040\000L\000a\000w}{chapter.30}% 1288
\BOOKMARK [1][-]{section.30.7}{\376\377\0002\000.\0001\000\040\000S\000t\000a\000t\000e\000m\000e\000n\000t}{chapter.30}% 1289
\BOOKMARK [1][-]{section.30.8}{\376\377\0002\000.\0002\000\040\000P\000r\000o\000o\000f\000\040\000\050\000F\000o\000r\000m\000a\000l\000i\000z\000e\000d\000\040\000i\000n\000\040\000L\000e\000a\000n\000\040\0004\000\051}{chapter.30}% 1290
\BOOKMARK [1][-]{section.30.9}{\376\377\0002\000.\0003\000\040\000C\000o\000r\000o\000l\000l\000a\000r\000y\000:\000\040\000E\000x\000p\000o\000n\000e\000n\000t\000i\000a\000l\000\040\000D\000e\000n\000s\000i\000t\000y\000\040\000B\000o\000u\000n\000d}{chapter.30}% 1291
\BOOKMARK [1][-]{section.30.10}{\376\377\0002\000.\0004\000\040\000E\000x\000p\000e\000r\000i\000m\000e\000n\000t\000a\000l\000\040\000V\000a\000l\000i\000d\000a\000t\000i\000o\000n}{chapter.30}% 1292
\BOOKMARK [1][-]{section.30.11}{\376\377\0003\000.\000\040\000D\000r\000e\000a\000m\000\040\0002\000:\000\040\000T\000h\000e\000\040\000C\000o\000m\000p\000r\000e\000s\000s\000i\000o\000n\000\040\000P\000r\000i\000n\000c\000i\000p\000l\000e}{chapter.30}% 1293
\BOOKMARK [1][-]{section.30.12}{\376\377\0003\000.\0001\000\040\000S\000t\000a\000t\000e\000m\000e\000n\000t}{chapter.30}% 1294
\BOOKMARK [1][-]{section.30.13}{\376\377\0003\000.\0002\000\040\000F\000o\000r\000m\000a\000l\000\040\000R\000e\000s\000u\000l\000t\000s}{chapter.30}% 1295
\BOOKMARK [1][-]{section.30.14}{\376\377\0003\000.\0003\000\040\000I\000n\000f\000o\000r\000m\000a\000t\000i\000o\000n\000-\000T\000h\000e\000o\000r\000e\000t\000i\000c\000\040\000I\000n\000t\000e\000r\000p\000r\000e\000t\000a\000t\000i\000o\000n}{chapter.30}% 1296
\BOOKMARK [1][-]{section.30.15}{\376\377\0003\000.\0004\000\040\000Q\000u\000a\000n\000t\000i\000t\000a\000t\000i\000v\000e\000\040\000B\000o\000u\000n\000d}{chapter.30}% 1297
\BOOKMARK [1][-]{section.30.16}{\376\377\0004\000.\000\040\000D\000r\000e\000a\000m\000\040\0003\000:\000\040\000T\000h\000e\000\040\000H\000i\000e\000r\000a\000r\000c\000h\000y\000\040\000C\000a\000n\000n\000o\000t\000\040\000C\000o\000l\000l\000a\000p\000s\000e}{chapter.30}% 1298
\BOOKMARK [1][-]{section.30.17}{\376\377\0004\000.\0001\000\040\000S\000t\000a\000t\000e\000m\000e\000n\000t}{chapter.30}% 1299
\BOOKMARK [1][-]{section.30.18}{\376\377\0004\000.\0002\000\040\000P\000r\000o\000o\000f}{chapter.30}% 1300
\BOOKMARK [1][-]{section.30.19}{\376\377\0004\000.\0003\000\040\000S\000t\000r\000o\000n\000g\000e\000r\000\040\000R\000e\000s\000u\000l\000t\000s}{chapter.30}% 1301
\BOOKMARK [1][-]{section.30.20}{\376\377\0004\000.\0004\000\040\000C\000o\000n\000n\000e\000c\000t\000i\000o\000n\000\040\000t\000o\000\040\000G\000\366\000d\000e\000l\000'\000s\000\040\000I\000n\000c\000o\000m\000p\000l\000e\000t\000e\000n\000e\000s\000s}{chapter.30}% 1302
\BOOKMARK [1][-]{section.30.21}{\376\377\0005\000.\000\040\000D\000r\000e\000a\000m\000\040\0004\000:\000\040\000C\000o\000m\000p\000o\000s\000i\000t\000i\000o\000n\000\040\000C\000r\000e\000a\000t\000e\000s\000\040\000P\000o\000w\000e\000r}{chapter.30}% 1303
\BOOKMARK [1][-]{section.30.22}{\376\377\0005\000.\0001\000\040\000S\000t\000a\000t\000e\000m\000e\000n\000t}{chapter.30}% 1304
\BOOKMARK [1][-]{section.30.23}{\376\377\0005\000.\0002\000\040\000A\000l\000g\000e\000b\000r\000a\000i\000c\000\040\000S\000t\000r\000u\000c\000t\000u\000r\000e}{chapter.30}% 1305
\BOOKMARK [1][-]{section.30.24}{\376\377\0005\000.\0003\000\040\000Q\000u\000a\000n\000t\000i\000t\000a\000t\000i\000v\000e\000\040\000P\000o\000w\000e\000r\000\040\000G\000a\000i\000n}{chapter.30}% 1306
\BOOKMARK [1][-]{section.30.25}{\376\377\0005\000.\0004\000\040\000I\000m\000p\000l\000i\000c\000a\000t\000i\000o\000n\000s\000\040\000f\000o\000r\000\040\000A\000I\000\040\000R\000e\000s\000e\000a\000r\000c\000h}{chapter.30}% 1307
\BOOKMARK [1][-]{section.30.26}{\376\377\0006\000.\000\040\000D\000r\000e\000a\000m\000\040\0005\000:\000\040\000U\000n\000i\000v\000e\000r\000s\000a\000l\000\040\000S\000c\000a\000l\000i\000n\000g\000\040\000L\000a\000w}{chapter.30}% 1308
\BOOKMARK [1][-]{section.30.27}{\376\377\0006\000.\0001\000\040\000S\000t\000a\000t\000e\000m\000e\000n\000t}{chapter.30}% 1309
\BOOKMARK [1][-]{section.30.28}{\376\377\0006\000.\0002\000\040\000P\000r\000o\000o\000f}{chapter.30}% 1310
\BOOKMARK [1][-]{section.30.29}{\376\377\0006\000.\0003\000\040\000C\000o\000n\000n\000e\000c\000t\000i\000o\000n\000\040\000t\000o\000\040\000t\000h\000e\000\040\000C\000o\000u\000p\000o\000n\000\040\000C\000o\000l\000l\000e\000c\000t\000o\000r\000\040\000P\000r\000o\000b\000l\000e\000m}{chapter.30}% 1311
\BOOKMARK [1][-]{section.30.30}{\376\377\0006\000.\0004\000\040\000E\000x\000p\000e\000r\000i\000m\000e\000n\000t\000a\000l\000\040\000E\000v\000i\000d\000e\000n\000c\000e}{chapter.30}% 1312
\BOOKMARK [1][-]{section.30.31}{\376\377\0007\000.\000\040\000S\000y\000n\000t\000h\000e\000s\000i\000s\000:\000\040\000T\000h\000e\000\040\000F\000i\000v\000e\000\040\000D\000r\000e\000a\000m\000s\000\040\000a\000s\000\040\000a\000\040\000C\000o\000m\000p\000l\000e\000t\000e\000\040\000T\000h\000e\000o\000r\000y}{chapter.30}% 1313
\BOOKMARK [1][-]{section.30.32}{\376\377\0007\000.\0001\000\040\000M\000u\000t\000u\000a\000l\000\040\000C\000o\000n\000s\000i\000s\000t\000e\000n\000c\000y}{chapter.30}% 1314
\BOOKMARK [1][-]{section.30.33}{\376\377\0007\000.\0002\000\040\000C\000o\000m\000p\000l\000e\000t\000e\000n\000e\000s\000s\000\040\000o\000f\000\040\000t\000h\000e\000\040\000F\000r\000a\000m\000e\000w\000o\000r\000k}{chapter.30}% 1315
\BOOKMARK [1][-]{section.30.34}{\376\377\0007\000.\0003\000\040\000T\000h\000e\000\040\000D\000i\000s\000c\000o\000v\000e\000r\000y\000\040\000L\000a\000n\000d\000s\000c\000a\000p\000e}{chapter.30}% 1316
\BOOKMARK [1][-]{section.30.35}{\376\377\0008\000.\000\040\000A\000p\000p\000l\000i\000c\000a\000t\000i\000o\000n\000s}{chapter.30}% 1317
\BOOKMARK [1][-]{section.30.36}{\376\377\0008\000.\0001\000\040\000A\000u\000t\000o\000m\000a\000t\000e\000d\000\040\000T\000h\000e\000o\000r\000e\000m\000\040\000P\000r\000o\000v\000e\000r\000\040\000D\000e\000s\000i\000g\000n}{chapter.30}% 1318
\BOOKMARK [1][-]{section.30.37}{\376\377\0008\000.\0002\000\040\000R\000e\000s\000e\000a\000r\000c\000h\000\040\000P\000o\000r\000t\000f\000o\000l\000i\000o\000\040\000O\000p\000t\000i\000m\000i\000z\000a\000t\000i\000o\000n}{chapter.30}% 1319
\BOOKMARK [1][-]{section.30.38}{\376\377\0008\000.\0003\000\040\000A\000I\000\040\000S\000a\000f\000e\000t\000y}{chapter.30}% 1320
\BOOKMARK [1][-]{section.30.39}{\376\377\0008\000.\0004\000\040\000R\000e\000s\000o\000u\000r\000c\000e\000\040\000A\000l\000l\000o\000c\000a\000t\000i\000o\000n}{chapter.30}% 1321
\BOOKMARK [1][-]{section.30.40}{\376\377\0009\000.\000\040\000N\000e\000w\000\040\000H\000y\000p\000o\000t\000h\000e\000s\000e\000s\000\040\000a\000n\000d\000\040\000F\000u\000t\000u\000r\000e\000\040\000W\000o\000r\000k}{chapter.30}% 1322
\BOOKMARK [1][-]{section.30.41}{\376\377\0009\000.\0001\000\040\000D\000r\000e\000a\000m\000\040\0006\000\040\000\050\000P\000r\000o\000p\000o\000s\000e\000d\000\051\000:\000\040\000T\000h\000e\000\040\000I\000n\000t\000e\000r\000f\000e\000r\000e\000n\000c\000e\000\040\000P\000r\000i\000n\000c\000i\000p\000l\000e}{chapter.30}% 1323
\BOOKMARK [1][-]{section.30.42}{\376\377\0009\000.\0002\000\040\000D\000r\000e\000a\000m\000\040\0007\000\040\000\050\000P\000r\000o\000p\000o\000s\000e\000d\000\051\000:\000\040\000T\000h\000e\000\040\000D\000e\000p\000t\000h\000-\000V\000a\000l\000u\000e\000\040\000D\000u\000a\000l\000i\000t\000y}{chapter.30}% 1324
\BOOKMARK [1][-]{section.30.43}{\376\377\0009\000.\0003\000\040\000D\000r\000e\000a\000m\000\040\0008\000\040\000\050\000P\000r\000o\000p\000o\000s\000e\000d\000\051\000:\000\040\000T\000h\000e\000\040\000O\000r\000a\000c\000l\000e\000\040\000U\000n\000c\000e\000r\000t\000a\000i\000n\000t\000y\000\040\000P\000r\000i\000n\000c\000i\000p\000l\000e}{chapter.30}% 1325
\BOOKMARK [1][-]{section.30.44}{\376\377\0001\0000\000.\000\040\000C\000o\000n\000c\000l\000u\000s\000i\000o\000n}{chapter.30}% 1326
\BOOKMARK [1][-]{section.30.45}{\376\377\000R\000e\000f\000e\000r\000e\000n\000c\000e\000s}{chapter.30}% 1327
\BOOKMARK [1][-]{section.30.46}{\376\377\000S\000c\000i\000e\000n\000t\000i\000f\000i\000c\000\040\000A\000m\000e\000r\000i\000c\000a\000n\000\040\000A\000r\000t\000i\000c\000l\000e}{chapter.30}% 1328
\BOOKMARK [1][-]{section.30.47}{\376\377\000H\000o\000w\000\040\000C\000o\000m\000p\000u\000t\000e\000r\000s\000\040\000R\000e\000v\000e\000a\000l\000\040\000t\000h\000e\000\040\000H\000i\000d\000d\000e\000n\000\040\000S\000t\000r\000u\000c\000t\000u\000r\000e\000\040\000o\000f\000\040\000F\000i\000n\000d\000i\000n\000g\000\040\000N\000e\000w\000\040\000T\000r\000u\000t\000h\000s}{chapter.30}% 1329
\BOOKMARK [1][-]{section.30.48}{\376\377\000D\000r\000e\000a\000m\000\040\0001\000:\000\040\000T\000h\000e\000\040\000D\000e\000e\000p\000e\000r\000\040\000Y\000o\000u\000\040\000G\000o\000,\000\040\000t\000h\000e\000\040\000R\000a\000r\000e\000r\000\040\000t\000h\000e\000\040\000G\000e\000m\000s}{chapter.30}% 1330
\BOOKMARK [1][-]{section.30.49}{\376\377\000D\000r\000e\000a\000m\000\040\0002\000:\000\040\000O\000r\000d\000e\000r\000\040\000I\000s\000\040\000E\000v\000e\000r\000y\000t\000h\000i\000n\000g}{chapter.30}% 1331
\BOOKMARK [1][-]{section.30.50}{\376\377\000D\000r\000e\000a\000m\000\040\0003\000:\000\040\000Y\000o\000u\000\040\000C\000a\000n\000\040\000N\000e\000v\000e\000r\000\040\000K\000n\000o\000w\000\040\000E\000v\000e\000r\000y\000t\000h\000i\000n\000g}{chapter.30}% 1332
\BOOKMARK [1][-]{section.30.51}{\376\377\000D\000r\000e\000a\000m\000\040\0004\000:\000\040\000T\000e\000a\000m\000w\000o\000r\000k\000\040\000M\000a\000k\000e\000s\000\040\000t\000h\000e\000\040\000D\000r\000e\000a\000m\000\040\000W\000o\000r\000k}{chapter.30}% 1333
\BOOKMARK [1][-]{section.30.52}{\376\377\000D\000r\000e\000a\000m\000\040\0005\000:\000\040\000E\000v\000e\000r\000y\000o\000n\000e\000\040\000S\000l\000o\000w\000s\000\040\000D\000o\000w\000n\000\040\000t\000h\000e\000\040\000S\000a\000m\000e\000\040\000W\000a\000y}{chapter.30}% 1334
\BOOKMARK [1][-]{section.30.53}{\376\377\000T\000h\000e\000\040\000B\000i\000g\000\040\000P\000i\000c\000t\000u\000r\000e\000:\000\040\000A\000\040\000C\000o\000m\000p\000l\000e\000t\000e\000\040\000T\000h\000e\000o\000r\000y\000\040\000o\000f\000\040\000M\000a\000t\000h\000e\000m\000a\000t\000i\000c\000a\000l\000\040\000D\000i\000s\000c\000o\000v\000e\000r\000y}{chapter.30}% 1335
\BOOKMARK [1][-]{section.30.54}{\376\377\000M\000a\000c\000h\000i\000n\000e\000-\000V\000e\000r\000i\000f\000i\000e\000d\000\040\000M\000a\000t\000h\000e\000m\000a\000t\000i\000c\000s}{chapter.30}% 1336
\BOOKMARK [1][-]{section.30.55}{\376\377\000W\000h\000a\000t\000\040\000C\000o\000m\000e\000s\000\040\000N\000e\000x\000t\000?}{chapter.30}% 1337
\BOOKMARK [1][-]{section.30.56}{\376\377\000T\000r\000y\000\040\000I\000t\000\040\000Y\000o\000u\000r\000s\000e\000l\000f}{chapter.30}% 1338
\BOOKMARK [0][-]{chapter.31}{\376\377\000F\000i\000v\000e\000\040\000Q\000u\000e\000s\000t\000i\000o\000n\000s}{part.5}% 1339
\BOOKMARK [1][-]{section.31.1}{\376\377\000F\000i\000g\000u\000r\000e\000s}{chapter.31}% 1340
\BOOKMARK [1][-]{section.31.2}{\376\377\000R\000e\000s\000e\000a\000r\000c\000h\000\040\000P\000a\000p\000e\000r}{chapter.31}% 1341
\BOOKMARK [1][-]{section.31.3}{\376\377\000A\000\040\000U\000n\000i\000f\000i\000e\000d\000\040\000F\000r\000a\000m\000e\000w\000o\000r\000k\000\040\000f\000o\000r\000\040\000S\000e\000l\000f\000-\000I\000m\000p\000r\000o\000v\000i\000n\000g\000\040\000M\000a\000t\000h\000e\000m\000a\000t\000i\000c\000a\000l\000\040\000S\000y\000s\000t\000e\000m\000s}{chapter.31}% 1342
\BOOKMARK [1][-]{section.31.4}{\376\377\0001\000.\000\040\000I\000n\000t\000r\000o\000d\000u\000c\000t\000i\000o\000n}{chapter.31}% 1343
\BOOKMARK [1][-]{section.31.5}{\376\377\0001\000.\0001\000\040\000M\000o\000t\000i\000v\000a\000t\000i\000o\000n}{chapter.31}% 1344
\BOOKMARK [1][-]{section.31.6}{\376\377\0001\000.\0002\000\040\000T\000h\000e\000\040\000F\000i\000v\000e\000\040\000Q\000u\000e\000s\000t\000i\000o\000n\000s}{chapter.31}% 1345
\BOOKMARK [1][-]{section.31.7}{\376\377\0001\000.\0003\000\040\000K\000e\000y\000\040\000C\000o\000n\000t\000r\000i\000b\000u\000t\000i\000o\000n\000s}{chapter.31}% 1346
\BOOKMARK [1][-]{section.31.8}{\376\377\0002\000.\000\040\000M\000a\000t\000h\000e\000m\000a\000t\000i\000c\000a\000l\000\040\000P\000r\000e\000l\000i\000m\000i\000n\000a\000r\000i\000e\000s}{chapter.31}% 1347
\BOOKMARK [1][-]{section.31.9}{\376\377\0002\000.\0001\000\040\000T\000h\000e\000\040\000T\000r\000o\000p\000i\000c\000a\000l\000\040\000S\000e\000m\000i\000r\000i\000n\000g}{chapter.31}% 1348
\BOOKMARK [1][-]{section.31.10}{\376\377\0002\000.\0002\000\040\000O\000n\000e\000-\000P\000o\000i\000n\000t\000\040\000C\000o\000m\000p\000a\000c\000t\000i\000f\000i\000c\000a\000t\000i\000o\000n}{chapter.31}% 1349
\BOOKMARK [1][-]{section.31.11}{\376\377\0002\000.\0003\000\040\000O\000r\000a\000c\000l\000e\000\040\000S\000y\000s\000t\000e\000m\000s}{chapter.31}% 1350
\BOOKMARK [1][-]{section.31.12}{\376\377\0003\000.\000\040\000T\000h\000e\000o\000r\000e\000m\000\040\000D\000i\000s\000c\000o\000v\000e\000r\000y\000\040\000v\000i\000a\000\040\000M\000e\000t\000a\000-\000O\000r\000a\000c\000l\000e\000\040\000F\000i\000x\000e\000d\000\040\000P\000o\000i\000n\000t\000s}{chapter.31}% 1351
\BOOKMARK [1][-]{section.31.13}{\376\377\0003\000.\0001\000\040\000T\000h\000e\000\040\000C\000o\000n\000j\000e\000c\000t\000u\000r\000e\000\040\000L\000a\000t\000t\000i\000c\000e}{chapter.31}% 1352
\BOOKMARK [1][-]{section.31.14}{\376\377\0003\000.\0002\000\040\000T\000h\000e\000\040\000T\000h\000e\000o\000r\000e\000m\000\040\000D\000i\000s\000c\000o\000v\000e\000r\000y\000\040\000T\000h\000e\000o\000r\000e\000m}{chapter.31}% 1353
\BOOKMARK [1][-]{section.31.15}{\376\377\0003\000.\0003\000\040\000P\000r\000a\000c\000t\000i\000c\000a\000l\000\040\000I\000m\000p\000l\000i\000c\000a\000t\000i\000o\000n\000s}{chapter.31}% 1354
\BOOKMARK [1][-]{section.31.16}{\376\377\0004\000.\000\040\000Q\000u\000a\000n\000t\000u\000m\000\040\000S\000p\000e\000e\000d\000u\000p\000\040\000f\000o\000r\000\040\000T\000r\000o\000p\000i\000c\000a\000l\000\040\000O\000p\000t\000i\000m\000i\000z\000a\000t\000i\000o\000n}{chapter.31}% 1355
\BOOKMARK [1][-]{section.31.17}{\376\377\0004\000.\0001\000\040\000T\000r\000o\000p\000i\000c\000a\000l\000\040\000O\000p\000t\000i\000m\000i\000z\000a\000t\000i\000o\000n\000\040\000o\000n\000\040\000t\000h\000e\000\040\000S\000p\000h\000e\000r\000e}{chapter.31}% 1356
\BOOKMARK [1][-]{section.31.18}{\376\377\0004\000.\0002\000\040\000T\000h\000e\000\040\000T\000r\000o\000p\000i\000c\000a\000l\000\040\000G\000r\000o\000v\000e\000r\000\040\000B\000o\000u\000n\000d}{chapter.31}% 1357
\BOOKMARK [1][-]{section.31.19}{\376\377\0004\000.\0003\000\040\000B\000e\000y\000o\000n\000d\000\040\000G\000r\000o\000v\000e\000r\000:\000\040\000E\000x\000p\000l\000o\000i\000t\000i\000n\000g\000\040\000T\000r\000o\000p\000i\000c\000a\000l\000\040\000S\000t\000r\000u\000c\000t\000u\000r\000e}{chapter.31}% 1358
\BOOKMARK [1][-]{section.31.20}{\376\377\0005\000.\000\040\000O\000r\000a\000c\000l\000e\000\040\000E\000n\000t\000r\000o\000p\000y\000\040\000a\000n\000d\000\040\000C\000h\000a\000n\000n\000e\000l\000\040\000C\000a\000p\000a\000c\000i\000t\000y}{chapter.31}% 1359
\BOOKMARK [1][-]{section.31.21}{\376\377\0005\000.\0001\000\040\000T\000h\000e\000\040\000S\000e\000l\000f\000-\000E\000v\000a\000l\000u\000a\000t\000i\000o\000n\000\040\000C\000h\000a\000n\000n\000e\000l}{chapter.31}% 1360
\BOOKMARK [1][-]{section.31.22}{\376\377\0005\000.\0002\000\040\000T\000h\000e\000\040\000O\000r\000a\000c\000l\000e\000\040\000E\000n\000t\000r\000o\000p\000y\000\040\000T\000h\000e\000o\000r\000e\000m}{chapter.31}% 1361
\BOOKMARK [1][-]{section.31.23}{\376\377\0005\000.\0003\000\040\000I\000m\000p\000l\000i\000c\000a\000t\000i\000o\000n\000s}{chapter.31}% 1362
\BOOKMARK [1][-]{section.31.24}{\376\377\0006\000.\000\040\000N\000P\000-\000H\000a\000r\000d\000\040\000P\000r\000o\000b\000l\000e\000m\000s\000\040\000a\000n\000d\000\040\000t\000h\000e\000\040\000S\000p\000h\000e\000r\000i\000c\000a\000l\000\040\000S\000t\000r\000u\000c\000t\000u\000r\000e}{chapter.31}% 1363
\BOOKMARK [1][-]{section.31.25}{\376\377\0006\000.\0001\000\040\000C\000o\000m\000p\000a\000c\000t\000i\000f\000i\000c\000a\000t\000i\000o\000n\000\040\000P\000r\000e\000s\000e\000r\000v\000e\000s\000\040\000S\000o\000l\000u\000t\000i\000o\000n\000s}{chapter.31}% 1364
\BOOKMARK [1][-]{section.31.26}{\376\377\0006\000.\0002\000\040\000T\000h\000e\000\040\000S\000p\000h\000e\000r\000i\000c\000a\000l\000\040\000S\000h\000o\000r\000t\000c\000u\000t}{chapter.31}% 1365
\BOOKMARK [1][-]{section.31.27}{\376\377\0006\000.\0003\000\040\000L\000i\000m\000i\000t\000a\000t\000i\000o\000n\000s}{chapter.31}% 1366
\BOOKMARK [1][-]{section.31.28}{\376\377\0007\000.\000\040\000T\000h\000e\000\040\000O\000m\000e\000g\000a\000\040\000P\000o\000i\000n\000t\000:\000\040\000R\000e\000a\000c\000h\000i\000n\000g\000\040\000I\000n\000f\000i\000n\000i\000t\000y\000\040\000i\000n\000\040\000F\000i\000n\000i\000t\000e\000\040\000S\000t\000e\000p\000s}{chapter.31}% 1367
\BOOKMARK [1][-]{section.31.29}{\376\377\0007\000.\0001\000\040\000F\000i\000n\000i\000t\000e\000\040\000A\000p\000p\000r\000o\000x\000i\000m\000a\000t\000i\000o\000n\000\040\000o\000f\000\040\000t\000h\000e\000\040\000O\000m\000e\000g\000a\000\040\000P\000o\000i\000n\000t}{chapter.31}% 1368
\BOOKMARK [1][-]{section.31.30}{\376\377\0007\000.\0002\000\040\000T\000h\000e\000\040\000-\000O\000m\000e\000g\000a\000\040\000P\000o\000i\000n\000t}{chapter.31}% 1369
\BOOKMARK [1][-]{section.31.31}{\376\377\0007\000.\0003\000\040\000P\000h\000y\000s\000i\000c\000a\000l\000\040\000I\000n\000t\000e\000r\000p\000r\000e\000t\000a\000t\000i\000o\000n}{chapter.31}% 1370
\BOOKMARK [1][-]{section.31.32}{\376\377\0008\000.\000\040\000T\000h\000e\000\040\000U\000n\000i\000f\000i\000e\000d\000\040\000P\000i\000c\000t\000u\000r\000e\000:\000\040\000T\000h\000e\000\040\000M\000e\000t\000a\000-\000O\000r\000a\000c\000l\000e\000\040\000D\000i\000a\000m\000o\000n\000d}{chapter.31}% 1371
\BOOKMARK [1][-]{section.31.33}{\376\377\0009\000.\000\040\000E\000x\000p\000e\000r\000i\000m\000e\000n\000t\000a\000l\000\040\000V\000a\000l\000i\000d\000a\000t\000i\000o\000n}{chapter.31}% 1372
\BOOKMARK [1][-]{section.31.34}{\376\377\0009\000.\0001\000\040\000N\000u\000m\000e\000r\000i\000c\000a\000l\000\040\000E\000x\000p\000e\000r\000i\000m\000e\000n\000t\000s}{chapter.31}% 1373
\BOOKMARK [1][-]{section.31.35}{\376\377\0009\000.\0002\000\040\000L\000e\000a\000n\000\040\000F\000o\000r\000m\000a\000l\000i\000z\000a\000t\000i\000o\000n}{chapter.31}% 1374
\BOOKMARK [1][-]{section.31.36}{\376\377\0001\0000\000.\000\040\000N\000e\000w\000\040\000H\000y\000p\000o\000t\000h\000e\000s\000e\000s\000\040\000a\000n\000d\000\040\000F\000u\000t\000u\000r\000e\000\040\000D\000i\000r\000e\000c\000t\000i\000o\000n\000s}{chapter.31}% 1375
\BOOKMARK [1][-]{section.31.37}{\376\377\000H\000y\000p\000o\000t\000h\000e\000s\000i\000s\000\040\000H\0001\000:\000\040\000T\000h\000e\000\040\000T\000r\000o\000p\000i\000c\000a\000l\000\040\000K\000o\000l\000m\000o\000g\000o\000r\000o\000v\000\040\000C\000o\000m\000p\000l\000e\000x\000i\000t\000y\000\040\000B\000o\000u\000n\000d}{chapter.31}% 1376
\BOOKMARK [1][-]{section.31.38}{\376\377\000H\000y\000p\000o\000t\000h\000e\000s\000i\000s\000\040\000H\0002\000:\000\040\000O\000r\000a\000c\000l\000e\000\040\000P\000h\000a\000s\000e\000\040\000T\000r\000a\000n\000s\000i\000t\000i\000o\000n\000s}{chapter.31}% 1377
\BOOKMARK [1][-]{section.31.39}{\376\377\000H\000y\000p\000o\000t\000h\000e\000s\000i\000s\000\040\000H\0003\000:\000\040\000T\000h\000e\000\040\000H\000o\000l\000o\000g\000r\000a\000p\000h\000i\000c\000\040\000O\000r\000a\000c\000l\000e\000\040\000P\000r\000i\000n\000c\000i\000p\000l\000e}{chapter.31}% 1378
\BOOKMARK [1][-]{section.31.40}{\376\377\000H\000y\000p\000o\000t\000h\000e\000s\000i\000s\000\040\000H\0004\000:\000\040\000T\000r\000o\000p\000i\000c\000a\000l\000\040\000N\000e\000u\000r\000a\000l\000\040\000A\000r\000c\000h\000i\000t\000e\000c\000t\000u\000r\000e\000\040\000S\000e\000a\000r\000c\000h}{chapter.31}% 1379
\BOOKMARK [1][-]{section.31.41}{\376\377\000H\000y\000p\000o\000t\000h\000e\000s\000i\000s\000\040\000H\0005\000:\000\040\000Q\000u\000a\000n\000t\000u\000m\000\040\000O\000r\000a\000c\000l\000e\000\040\000E\000n\000t\000a\000n\000g\000l\000e\000m\000e\000n\000t}{chapter.31}% 1380
\BOOKMARK [1][-]{section.31.42}{\376\377\0001\0001\000.\000\040\000C\000o\000n\000c\000l\000u\000s\000i\000o\000n}{chapter.31}% 1381
\BOOKMARK [1][-]{section.31.43}{\376\377\000R\000e\000f\000e\000r\000e\000n\000c\000e\000s}{chapter.31}% 1382
\BOOKMARK [1][-]{section.31.44}{\376\377\000S\000c\000i\000e\000n\000t\000i\000f\000i\000c\000\040\000A\000m\000e\000r\000i\000c\000a\000n\000\040\000A\000r\000t\000i\000c\000l\000e}{chapter.31}% 1383
\BOOKMARK [1][-]{section.31.45}{\376\377\000T\000h\000e\000\040\000O\000r\000a\000c\000l\000e\000\040\000T\000h\000a\000t\000\040\000I\000m\000p\000r\000o\000v\000e\000s\000\040\000I\000t\000s\000e\000l\000f}{chapter.31}% 1384
\BOOKMARK [1][-]{section.31.46}{\376\377\000T\000r\000o\000p\000i\000c\000a\000l\000\040\000M\000a\000t\000h\000e\000m\000a\000t\000i\000c\000s\000:\000\040\000W\000h\000e\000r\000e\000\040\000A\000d\000d\000i\000t\000i\000o\000n\000\040\000B\000e\000c\000o\000m\000e\000s\000\040\000M\000a\000x\000i\000m\000u\000m}{chapter.31}% 1385
\BOOKMARK [1][-]{section.31.47}{\376\377\000T\000h\000e\000\040\000Q\000u\000a\000n\000t\000u\000m\000\040\000S\000h\000o\000r\000t\000c\000u\000t}{chapter.31}% 1386
\BOOKMARK [1][-]{section.31.48}{\376\377\000T\000h\000e\000\040\000S\000p\000e\000e\000d\000\040\000L\000i\000m\000i\000t\000\040\000o\000f\000\040\000S\000e\000l\000f\000-\000I\000m\000p\000r\000o\000v\000e\000m\000e\000n\000t}{chapter.31}% 1387
\BOOKMARK [1][-]{section.31.49}{\376\377\000C\000a\000n\000\040\000W\000e\000\040\000S\000o\000l\000v\000e\000\040\000t\000h\000e\000\040\000I\000m\000p\000o\000s\000s\000i\000b\000l\000e\000?}{chapter.31}% 1388
\BOOKMARK [1][-]{section.31.50}{\376\377\000T\000h\000e\000\040\000O\000m\000e\000g\000a\000\040\000P\000o\000i\000n\000t\000:\000\040\000W\000h\000a\000t\000\040\000H\000a\000p\000p\000e\000n\000s\000\040\000a\000t\000\040\000I\000n\000f\000i\000n\000i\000t\000y\000?}{chapter.31}% 1389
\BOOKMARK [1][-]{section.31.51}{\376\377\000T\000h\000e\000\040\000D\000i\000a\000m\000o\000n\000d\000:\000\040\000H\000o\000w\000\040\000I\000t\000\040\000A\000l\000l\000\040\000C\000o\000n\000n\000e\000c\000t\000s}{chapter.31}% 1390
\BOOKMARK [1][-]{section.31.52}{\376\377\000W\000h\000a\000t\000\040\000T\000h\000i\000s\000\040\000M\000e\000a\000n\000s\000\040\000f\000o\000r\000\040\000A\000I}{chapter.31}% 1391
\BOOKMARK [1][-]{section.31.53}{\376\377\000L\000o\000o\000k\000i\000n\000g\000\040\000F\000o\000r\000w\000a\000r\000d}{chapter.31}% 1392
\BOOKMARK [1][-]{section.31.54}{\376\377\000S\000i\000d\000e\000b\000a\000r\000:\000\040\000W\000h\000a\000t\000\040\000I\000s\000\040\000a\000\040\000P\000r\000o\000o\000f\000\040\000A\000s\000s\000i\000s\000t\000a\000n\000t\000?}{chapter.31}% 1393
\BOOKMARK [1][-]{section.31.55}{\376\377\000S\000i\000d\000e\000b\000a\000r\000:\000\040\000T\000r\000o\000p\000i\000c\000a\000l\000\040\000G\000e\000o\000m\000e\000t\000r\000y\000\040\000i\000n\000\040\0006\0000\000\040\000S\000e\000c\000o\000n\000d\000s}{chapter.31}% 1394
\BOOKMARK [0][-]{chapter.32}{\376\377\000T\000h\000r\000e\000e\000\040\000D\000r\000e\000a\000m\000s}{part.5}% 1395
\BOOKMARK [1][-]{section.32.1}{\376\377\000F\000i\000g\000u\000r\000e\000s}{chapter.32}% 1396
\BOOKMARK [1][-]{section.32.2}{\376\377\000R\000e\000s\000e\000a\000r\000c\000h\000\040\000P\000a\000p\000e\000r}{chapter.32}% 1397
\BOOKMARK [1][-]{section.32.3}{\376\377\0001\000.\000\040\000I\000n\000t\000r\000o\000d\000u\000c\000t\000i\000o\000n}{chapter.32}% 1398
\BOOKMARK [1][-]{section.32.4}{\376\377\000C\000o\000n\000t\000r\000i\000b\000u\000t\000i\000o\000n\000s}{chapter.32}% 1399
\BOOKMARK [1][-]{section.32.5}{\376\377\0002\000.\000\040\000D\000r\000e\000a\000m\000\040\0006\000:\000\040\000T\000h\000e\000\040\000I\000n\000t\000e\000r\000f\000e\000r\000e\000n\000c\000e\000\040\000P\000r\000i\000n\000c\000i\000p\000l\000e}{chapter.32}% 1400
\BOOKMARK [1][-]{section.32.6}{\376\377\0002\000.\0001\000\040\000F\000o\000r\000m\000a\000l\000\040\000F\000r\000a\000m\000e\000w\000o\000r\000k}{chapter.32}% 1401
\BOOKMARK [1][-]{section.32.7}{\376\377\0002\000.\0002\000\040\000C\000o\000r\000e\000\040\000T\000h\000e\000o\000r\000e\000m\000s}{chapter.32}% 1402
\BOOKMARK [1][-]{section.32.8}{\376\377\0002\000.\0003\000\040\000I\000n\000t\000e\000r\000f\000e\000r\000e\000n\000c\000e\000\040\000G\000r\000o\000w\000t\000h}{chapter.32}% 1403
\BOOKMARK [1][-]{section.32.9}{\376\377\0002\000.\0004\000\040\000E\000x\000p\000e\000r\000i\000m\000e\000n\000t\000a\000l\000\040\000V\000a\000l\000i\000d\000a\000t\000i\000o\000n}{chapter.32}% 1404
\BOOKMARK [1][-]{section.32.10}{\376\377\0002\000.\0005\000\040\000I\000n\000t\000e\000r\000f\000e\000r\000e\000n\000c\000e\000\040\000H\000e\000a\000t\000m\000a\000p}{chapter.32}% 1405
\BOOKMARK [1][-]{section.32.11}{\376\377\0003\000.\000\040\000D\000r\000e\000a\000m\000\040\0007\000:\000\040\000T\000h\000e\000\040\000D\000e\000p\000t\000h\000-\000V\000a\000l\000u\000e\000\040\000D\000u\000a\000l\000i\000t\000y}{chapter.32}% 1406
\BOOKMARK [1][-]{section.32.12}{\376\377\0003\000.\0001\000\040\000T\000h\000e\000\040\000V\000a\000l\000u\000e\000\040\000F\000u\000n\000c\000t\000i\000o\000n}{chapter.32}% 1407
\BOOKMARK [1][-]{section.32.13}{\376\377\0003\000.\0002\000\040\000C\000o\000r\000e\000\040\000T\000h\000e\000o\000r\000e\000m\000s}{chapter.32}% 1408
\BOOKMARK [1][-]{section.32.14}{\376\377\0003\000.\0003\000\040\000E\000x\000p\000e\000r\000i\000m\000e\000n\000t\000a\000l\000\040\000V\000a\000l\000i\000d\000a\000t\000i\000o\000n}{chapter.32}% 1409
\BOOKMARK [1][-]{section.32.15}{\376\377\0003\000.\0004\000\040\000F\000i\000e\000l\000d\000-\000S\000p\000e\000c\000i\000f\000i\000c\000\040\000S\000w\000e\000e\000t\000\040\000S\000p\000o\000t\000s}{chapter.32}% 1410
\BOOKMARK [1][-]{section.32.16}{\376\377\0004\000.\000\040\000D\000r\000e\000a\000m\000\040\0008\000:\000\040\000T\000h\000e\000\040\000O\000r\000a\000c\000l\000e\000\040\000U\000n\000c\000e\000r\000t\000a\000i\000n\000t\000y\000\040\000P\000r\000i\000n\000c\000i\000p\000l\000e}{chapter.32}% 1411
\BOOKMARK [1][-]{section.32.17}{\376\377\0004\000.\0001\000\040\000F\000o\000r\000m\000a\000l\000\040\000F\000r\000a\000m\000e\000w\000o\000r\000k}{chapter.32}% 1412
\BOOKMARK [1][-]{section.32.18}{\376\377\0004\000.\0002\000\040\000C\000o\000r\000e\000\040\000T\000h\000e\000o\000r\000e\000m\000s}{chapter.32}% 1413
\BOOKMARK [1][-]{section.32.19}{\376\377\0004\000.\0003\000\040\000C\000o\000n\000n\000e\000c\000t\000i\000o\000n\000\040\000t\000o\000\040\000H\000e\000i\000s\000e\000n\000b\000e\000r\000g}{chapter.32}% 1414
\BOOKMARK [1][-]{section.32.20}{\376\377\0004\000.\0004\000\040\000B\000u\000d\000g\000e\000t\000\040\000S\000c\000a\000l\000i\000n\000g}{chapter.32}% 1415
\BOOKMARK [1][-]{section.32.21}{\376\377\0005\000.\000\040\000C\000r\000o\000s\000s\000-\000D\000r\000e\000a\000m\000\040\000S\000y\000n\000t\000h\000e\000s\000i\000s}{chapter.32}% 1416
\BOOKMARK [1][-]{section.32.22}{\376\377\0005\000.\0001\000\040\000I\000n\000t\000e\000r\000f\000e\000r\000e\000n\000c\000e\000\040\000P\000e\000a\000k\000s\000\040\000a\000t\000\040\000t\000h\000e\000\040\000S\000w\000e\000e\000t\000\040\000S\000p\000o\000t\000\040\000\050\000D\000r\000e\000a\000m\000s\000\040\0006\000\040\000+\000\040\0007\000\051}{chapter.32}% 1417
\BOOKMARK [1][-]{section.32.23}{\376\377\0005\000.\0002\000\040\000V\000a\000l\000u\000e\000\040\000o\000n\000\040\000t\000h\000e\000\040\000U\000n\000c\000e\000r\000t\000a\000i\000n\000t\000y\000\040\000F\000r\000o\000n\000t\000i\000e\000r\000\040\000\050\000D\000r\000e\000a\000m\000s\000\040\0007\000\040\000+\000\040\0008\000\051}{chapter.32}% 1418
\BOOKMARK [1][-]{section.32.24}{\376\377\0005\000.\0003\000\040\000T\000h\000e\000\040\000G\000r\000a\000n\000d\000\040\000U\000n\000i\000f\000i\000c\000a\000t\000i\000o\000n}{chapter.32}% 1419
\BOOKMARK [1][-]{section.32.25}{\376\377\0006\000.\000\040\000A\000p\000p\000l\000i\000c\000a\000t\000i\000o\000n\000s}{chapter.32}% 1420
\BOOKMARK [1][-]{section.32.26}{\376\377\0006\000.\0001\000\040\000A\000I\000\040\000T\000h\000e\000o\000r\000e\000m\000\040\000P\000r\000o\000v\000i\000n\000g}{chapter.32}% 1421
\BOOKMARK [1][-]{section.32.27}{\376\377\0006\000.\0002\000\040\000R\000e\000s\000e\000a\000r\000c\000h\000\040\000S\000t\000r\000a\000t\000e\000g\000y}{chapter.32}% 1422
\BOOKMARK [1][-]{section.32.28}{\376\377\0006\000.\0003\000\040\000E\000d\000u\000c\000a\000t\000i\000o\000n}{chapter.32}% 1423
\BOOKMARK [1][-]{section.32.29}{\376\377\0006\000.\0004\000\040\000K\000n\000o\000w\000l\000e\000d\000g\000e\000\040\000B\000a\000s\000e\000\040\000C\000o\000n\000s\000t\000r\000u\000c\000t\000i\000o\000n}{chapter.32}% 1424
\BOOKMARK [1][-]{section.32.30}{\376\377\0007\000.\000\040\000N\000e\000w\000\040\000H\000y\000p\000o\000t\000h\000e\000s\000e\000s\000\040\000a\000n\000d\000\040\000E\000x\000p\000e\000r\000i\000m\000e\000n\000t\000s}{chapter.32}% 1425
\BOOKMARK [1][-]{section.32.31}{\376\377\000H\000y\000p\000o\000t\000h\000e\000s\000i\000s\000\040\0007\000.\0001\000\040\000\050\000I\000n\000t\000e\000r\000f\000e\000r\000e\000n\000c\000e\000\040\000T\000h\000r\000e\000s\000h\000o\000l\000d\000\051}{chapter.32}% 1426
\BOOKMARK [1][-]{section.32.32}{\376\377\000H\000y\000p\000o\000t\000h\000e\000s\000i\000s\000\040\0007\000.\0002\000\040\000\050\000S\000w\000e\000e\000t\000\040\000S\000p\000o\000t\000\040\000U\000n\000i\000v\000e\000r\000s\000a\000l\000i\000t\000y\000\051}{chapter.32}% 1427
\BOOKMARK [1][-]{section.32.33}{\376\377\000H\000y\000p\000o\000t\000h\000e\000s\000i\000s\000\040\0007\000.\0003\000\040\000\050\000U\000n\000c\000e\000r\000t\000a\000i\000n\000t\000y\000\040\000E\000x\000p\000o\000n\000e\000n\000t\000\051}{chapter.32}% 1428
\BOOKMARK [1][-]{section.32.34}{\376\377\000H\000y\000p\000o\000t\000h\000e\000s\000i\000s\000\040\0007\000.\0004\000\040\000\050\000I\000n\000t\000e\000r\000f\000e\000r\000e\000n\000c\000e\000-\000U\000n\000c\000e\000r\000t\000a\000i\000n\000t\000y\000\040\000C\000o\000u\000p\000l\000i\000n\000g\000\051}{chapter.32}% 1429
\BOOKMARK [1][-]{section.32.35}{\376\377\0008\000.\000\040\000C\000o\000n\000c\000l\000u\000s\000i\000o\000n}{chapter.32}% 1430
\BOOKMARK [1][-]{section.32.36}{\376\377\000F\000u\000t\000u\000r\000e\000\040\000W\000o\000r\000k}{chapter.32}% 1431
\BOOKMARK [1][-]{section.32.37}{\376\377\000R\000e\000f\000e\000r\000e\000n\000c\000e\000s}{chapter.32}% 1432
\BOOKMARK [1][-]{section.32.38}{\376\377\000S\000c\000i\000e\000n\000t\000i\000f\000i\000c\000\040\000A\000m\000e\000r\000i\000c\000a\000n\000\040\000A\000r\000t\000i\000c\000l\000e}{chapter.32}% 1433
\BOOKMARK [1][-]{section.32.39}{\376\377\000T\000h\000e\000\040\000M\000a\000t\000h\000e\000m\000a\000t\000i\000c\000i\000a\000n\000'\000s\000\040\000U\000n\000c\000e\000r\000t\000a\000i\000n\000t\000y\000\040\000P\000r\000i\000n\000c\000i\000p\000l\000e}{chapter.32}% 1434
\BOOKMARK [1][-]{section.32.40}{\376\377\000W\000h\000e\000n\000\040\0001\000\040\000+\000\040\0001\000\040\000=\000\040\0003\000:\000\040\000T\000h\000e\000\040\000I\000n\000t\000e\000r\000f\000e\000r\000e\000n\000c\000e\000\040\000P\000r\000i\000n\000c\000i\000p\000l\000e}{chapter.32}% 1435
\BOOKMARK [1][-]{section.32.41}{\376\377\000T\000h\000e\000\040\000G\000o\000l\000d\000i\000l\000o\000c\000k\000s\000\040\000Z\000o\000n\000e\000:\000\040\000W\000h\000e\000r\000e\000\040\000V\000a\000l\000u\000a\000b\000l\000e\000\040\000T\000h\000e\000o\000r\000e\000m\000s\000\040\000L\000i\000v\000e}{chapter.32}% 1436
\BOOKMARK [1][-]{section.32.42}{\376\377\000T\000h\000e\000\040\000G\000r\000a\000n\000d\000\040\000S\000y\000n\000t\000h\000e\000s\000i\000s}{chapter.32}% 1437
\BOOKMARK [1][-]{section.32.43}{\376\377\000M\000a\000c\000h\000i\000n\000e\000-\000V\000e\000r\000i\000f\000i\000e\000d\000\040\000M\000a\000t\000h\000e\000m\000a\000t\000i\000c\000s}{chapter.32}% 1438
\BOOKMARK [1][-]{section.32.44}{\376\377\000W\000h\000a\000t\000\040\000T\000h\000i\000s\000\040\000M\000e\000a\000n\000s\000\040\000f\000o\000r\000\040\000A\000I}{chapter.32}% 1439
\BOOKMARK [1][-]{section.32.45}{\376\377\000T\000h\000e\000\040\000R\000o\000a\000d\000\040\000A\000h\000e\000a\000d}{chapter.32}% 1440
\BOOKMARK [-1][-]{part.6}{\376\377\000V\000I\000\040\000S\000t\000e\000r\000e\000o\000g\000r\000a\000p\000h\000i\000c\000\040\000\046\000\040\000C\000o\000n\000f\000o\000r\000m\000a\000l\000\040\000T\000h\000e\000o\000r\000y}{}% 1441
\BOOKMARK [0][-]{chapter.33}{\376\377\000S\000t\000e\000r\000e\000o\000g\000r\000a\000p\000h\000i\000c\000\040\000P\000r\000o\000j\000e\000c\000t\000i\000o\000n\000\040\000\046\000\040\000C\000o\000m\000p\000l\000e\000x\000i\000t\000y}{part.6}% 1442
\BOOKMARK [1][-]{section.33.1}{\376\377\000F\000i\000g\000u\000r\000e\000s}{chapter.33}% 1443
\BOOKMARK [1][-]{section.33.2}{\376\377\000R\000e\000s\000e\000a\000r\000c\000h\000\040\000P\000a\000p\000e\000r}{chapter.33}% 1444
\BOOKMARK [1][-]{section.33.3}{\376\377\000A\000b\000s\000t\000r\000a\000c\000t}{chapter.33}% 1445
\BOOKMARK [1][-]{section.33.4}{\376\377\0001\000.\000\040\000I\000n\000t\000r\000o\000d\000u\000c\000t\000i\000o\000n}{chapter.33}% 1446
\BOOKMARK [1][-]{section.33.5}{\376\377\0002\000.\000\040\000T\000h\000e\000\040\000C\000o\000m\000p\000l\000e\000x\000i\000t\000y\000\040\000C\000l\000a\000s\000s\000\040\000L\000a\000n\000d\000s\000c\000a\000p\000e}{chapter.33}% 1447
\BOOKMARK [1][-]{section.33.6}{\376\377\0002\000.\0001\000\040\000K\000n\000o\000w\000n\000\040\000S\000t\000r\000u\000c\000t\000u\000r\000e}{chapter.33}% 1448
\BOOKMARK [1][-]{section.33.7}{\376\377\0002\000.\0002\000\040\000T\000h\000e\000\040\000B\000a\000r\000r\000i\000e\000r\000\040\000L\000a\000n\000d\000s\000c\000a\000p\000e}{chapter.33}% 1449
\BOOKMARK [1][-]{section.33.8}{\376\377\0003\000.\000\040\000I\000n\000v\000e\000r\000s\000e\000\040\000N\000-\000D\000i\000m\000e\000n\000s\000i\000o\000n\000a\000l\000\040\000S\000t\000e\000r\000e\000o\000g\000r\000a\000p\000h\000i\000c\000\040\000P\000r\000o\000j\000e\000c\000t\000i\000o\000n}{chapter.33}% 1450
\BOOKMARK [1][-]{section.33.9}{\376\377\0003\000.\0001\000\040\000D\000e\000f\000i\000n\000i\000t\000i\000o\000n}{chapter.33}% 1451
\BOOKMARK [1][-]{section.33.10}{\376\377\0003\000.\0002\000\040\000S\000y\000m\000m\000e\000t\000r\000y\000\040\000E\000n\000h\000a\000n\000c\000e\000m\000e\000n\000t}{chapter.33}% 1452
\BOOKMARK [1][-]{section.33.11}{\376\377\0003\000.\0003\000\040\000C\000o\000m\000p\000l\000e\000x\000i\000t\000y\000-\000T\000h\000e\000o\000r\000e\000t\000i\000c\000\040\000A\000n\000a\000l\000y\000s\000i\000s}{chapter.33}% 1453
\BOOKMARK [1][-]{section.33.12}{\376\377\0003\000.\0004\000\040\000T\000h\000e\000\040\000S\000A\000T\000-\000o\000n\000-\000a\000-\000S\000p\000h\000e\000r\000e\000\040\000F\000o\000r\000m\000u\000l\000a\000t\000i\000o\000n}{chapter.33}% 1454
\BOOKMARK [1][-]{section.33.13}{\376\377\0004\000.\000\040\000T\000r\000o\000p\000i\000c\000a\000l\000\040\000S\000e\000m\000i\000r\000i\000n\000g\000s\000\040\000a\000n\000d\000\040\000C\000o\000m\000p\000l\000e\000x\000i\000t\000y\000\040\000T\000r\000a\000n\000s\000m\000u\000t\000a\000t\000i\000o\000n}{chapter.33}% 1455
\BOOKMARK [1][-]{section.33.14}{\376\377\0004\000.\0001\000\040\000T\000h\000e\000\040\000M\000a\000s\000l\000o\000v\000\040\000D\000e\000q\000u\000a\000n\000t\000i\000z\000a\000t\000i\000o\000n}{chapter.33}% 1456
\BOOKMARK [1][-]{section.33.15}{\376\377\0004\000.\0002\000\040\000A\000\040\000T\000a\000x\000o\000n\000o\000m\000y\000\040\000o\000f\000\040\000T\000r\000o\000p\000i\000c\000a\000l\000\040\000S\000e\000m\000i\000r\000i\000n\000g\000\040\000F\000a\000m\000i\000l\000i\000e\000s}{chapter.33}% 1457
\BOOKMARK [1][-]{section.33.16}{\376\377\0004\000.\0003\000\040\000T\000r\000o\000p\000i\000c\000a\000l\000\040\000L\000i\000n\000e\000a\000r\000\040\000A\000l\000g\000e\000b\000r\000a\000\040\000a\000n\000d\000\040\000C\000o\000m\000p\000l\000e\000x\000i\000t\000y}{chapter.33}% 1458
\BOOKMARK [1][-]{section.33.17}{\376\377\0004\000.\0004\000\040\000C\000a\000n\000\040\000T\000r\000o\000p\000i\000c\000a\000l\000\040\000D\000e\000f\000o\000r\000m\000a\000t\000i\000o\000n\000\040\000R\000e\000d\000u\000c\000e\000\040\000C\000o\000m\000p\000l\000e\000x\000i\000t\000y\000?}{chapter.33}% 1459
\BOOKMARK [1][-]{section.33.18}{\376\377\0005\000.\000\040\000C\000u\000s\000t\000o\000m\000\040\000M\000a\000t\000h\000e\000m\000a\000t\000i\000c\000a\000l\000\040\000U\000n\000i\000v\000e\000r\000s\000e\000s}{chapter.33}% 1460
\BOOKMARK [1][-]{section.33.19}{\376\377\0005\000.\0001\000\040\000A\000x\000i\000o\000m\000a\000t\000i\000c\000\040\000F\000r\000e\000e\000d\000o\000m}{chapter.33}% 1461
\BOOKMARK [1][-]{section.33.20}{\376\377\0005\000.\0002\000\040\000E\000a\000c\000h\000\040\000U\000n\000i\000v\000e\000r\000s\000e\000\040\000H\000a\000s\000\040\000I\000t\000s\000\040\000O\000w\000n\000\040\000C\000o\000m\000p\000l\000e\000x\000i\000t\000y}{chapter.33}% 1462
\BOOKMARK [1][-]{section.33.21}{\376\377\0005\000.\0003\000\040\000C\000o\000n\000s\000t\000r\000u\000c\000t\000i\000n\000g\000\040\000a\000\040\000U\000n\000i\000v\000e\000r\000s\000e\000:\000\040\000A\000\040\000R\000e\000c\000i\000p\000e}{chapter.33}% 1463
\BOOKMARK [1][-]{section.33.22}{\376\377\0006\000.\000\040\000D\000e\000f\000e\000c\000t\000\040\000A\000l\000g\000e\000b\000r\000a\000s\000:\000\040\000R\000e\000m\000o\000v\000i\000n\000g\000\040\000a\000n\000\040\000I\000n\000t\000e\000g\000e\000r\000\040\000f\000r\000o\000m\000\040\000t\000h\000e\000\040\000N\000u\000m\000b\000e\000r\000\040\000L\000i\000n\000e}{chapter.33}% 1464
\BOOKMARK [1][-]{section.33.23}{\376\377\0006\000.\0001\000\040\000D\000e\000f\000i\000n\000i\000t\000i\000o\000n\000\040\000a\000n\000d\000\040\000I\000m\000m\000e\000d\000i\000a\000t\000e\000\040\000C\000o\000n\000s\000e\000q\000u\000e\000n\000c\000e\000s}{chapter.33}% 1465
\BOOKMARK [1][-]{section.33.24}{\376\377\0006\000.\0002\000\040\000F\000a\000c\000t\000o\000r\000i\000z\000a\000t\000i\000o\000n\000\040\000C\000o\000l\000l\000a\000p\000s\000e}{chapter.33}% 1466
\BOOKMARK [1][-]{section.33.25}{\376\377\0006\000.\0003\000\040\000T\000o\000p\000o\000l\000o\000g\000i\000c\000a\000l\000\040\000C\000o\000n\000s\000e\000q\000u\000e\000n\000c\000e\000s}{chapter.33}% 1467
\BOOKMARK [1][-]{section.33.26}{\376\377\0006\000.\0004\000\040\000T\000h\000e\000\040\000D\000e\000f\000e\000c\000t\000\040\000A\000l\000g\000e\000b\000r\000a\000\040\000S\000i\000m\000p\000l\000i\000f\000i\000c\000a\000t\000i\000o\000n\000\040\000H\000y\000p\000o\000t\000h\000e\000s\000i\000s}{chapter.33}% 1468
\BOOKMARK [1][-]{section.33.27}{\376\377\0007\000.\000\040\000T\000h\000e\000\040\000G\000r\000a\000n\000d\000\040\000S\000y\000n\000t\000h\000e\000s\000i\000s\000:\000\040\000C\000o\000m\000p\000o\000s\000i\000n\000g\000\040\000T\000r\000a\000n\000s\000f\000o\000r\000m\000a\000t\000i\000o\000n\000s}{chapter.33}% 1469
\BOOKMARK [1][-]{section.33.28}{\376\377\0007\000.\0001\000\040\000T\000h\000e\000\040\000T\000r\000a\000n\000s\000m\000u\000t\000a\000t\000i\000o\000n\000\040\000P\000i\000p\000e\000l\000i\000n\000e}{chapter.33}% 1470
\BOOKMARK [1][-]{section.33.29}{\376\377\0007\000.\0002\000\040\000A\000n\000a\000l\000y\000s\000i\000s\000\040\000o\000f\000\040\000t\000h\000e\000\040\000P\000i\000p\000e\000l\000i\000n\000e}{chapter.33}% 1471
\BOOKMARK [1][-]{section.33.30}{\376\377\0007\000.\0003\000\040\000W\000h\000e\000r\000e\000\040\000H\000o\000p\000e\000\040\000R\000e\000m\000a\000i\000n\000s}{chapter.33}% 1472
\BOOKMARK [1][-]{section.33.31}{\376\377\0008\000.\000\040\000F\000o\000r\000m\000a\000l\000i\000z\000e\000d\000\040\000R\000e\000s\000u\000l\000t\000s}{chapter.33}% 1473
\BOOKMARK [1][-]{section.33.32}{\376\377\0009\000.\000\040\000C\000o\000n\000c\000l\000u\000s\000i\000o\000n\000s\000\040\000a\000n\000d\000\040\000O\000p\000e\000n\000\040\000Q\000u\000e\000s\000t\000i\000o\000n\000s}{chapter.33}% 1474
\BOOKMARK [1][-]{section.33.33}{\376\377\000O\000p\000e\000n\000\040\000Q\000u\000e\000s\000t\000i\000o\000n\000s}{chapter.33}% 1475
\BOOKMARK [1][-]{section.33.34}{\376\377\000R\000e\000f\000e\000r\000e\000n\000c\000e\000s}{chapter.33}% 1476
\BOOKMARK [1][-]{section.33.35}{\376\377\000S\000c\000i\000e\000n\000t\000i\000f\000i\000c\000\040\000A\000m\000e\000r\000i\000c\000a\000n\000\040\000A\000r\000t\000i\000c\000l\000e}{chapter.33}% 1477
\BOOKMARK [1][-]{section.33.36}{\376\377\000*\000S\000c\000i\000e\000n\000t\000i\000s\000t\000s\000\040\000e\000x\000p\000l\000o\000r\000e\000\040\000e\000x\000o\000t\000i\000c\000\040\000n\000u\000m\000b\000e\000r\000\040\000s\000y\000s\000t\000e\000m\000s\000,\000\040\000s\000p\000h\000e\000r\000i\000c\000a\000l\000\040\000p\000r\000o\000j\000e\000c\000t\000i\000o\000n\000s\000,\000\040\000a\000n\000d\000\040\000m\000a\000t\000h\000e\000m\000a\000t\000i\000c\000a\000l\000\040\000u\000n\000i\000v\000e\000r\000s\000e\000s\000\040\000w\000i\000t\000h\000\040\000m\000i\000s\000s\000i\000n\000g\000\040\000i\000n\000t\000e\000g\000e\000r\000s\000\040\000t\000o\000\040\000p\000r\000o\000b\000e\000\040\000t\000h\000e\000\040\000d\000e\000e\000p\000e\000s\000t\000\040\000m\000y\000s\000t\000e\000r\000i\000e\000s\000\040\000o\000f\000\040\000c\000o\000m\000p\000u\000t\000a\000t\000i\000o\000n\000.\000*}{chapter.33}% 1478
\BOOKMARK [1][-]{section.33.37}{\376\377\000T\000h\000e\000\040\000H\000a\000r\000d\000n\000e\000s\000s\000\040\000L\000a\000n\000d\000s\000c\000a\000p\000e}{chapter.33}% 1479
\BOOKMARK [1][-]{section.33.38}{\376\377\000B\000e\000n\000d\000i\000n\000g\000\040\000t\000h\000e\000\040\000W\000o\000r\000l\000d\000:\000\040\000S\000t\000e\000r\000e\000o\000g\000r\000a\000p\000h\000i\000c\000\040\000P\000r\000o\000j\000e\000c\000t\000i\000o\000n}{chapter.33}% 1480
\BOOKMARK [1][-]{section.33.39}{\376\377\000T\000h\000e\000\040\000A\000l\000c\000h\000e\000m\000y\000\040\000o\000f\000\040\000A\000r\000i\000t\000h\000m\000e\000t\000i\000c\000:\000\040\000T\000r\000o\000p\000i\000c\000a\000l\000\040\000S\000e\000m\000i\000r\000i\000n\000g\000s}{chapter.33}% 1481
\BOOKMARK [1][-]{section.33.40}{\376\377\000A\000\040\000Z\000o\000o\000\040\000o\000f\000\040\000M\000a\000t\000h\000e\000m\000a\000t\000i\000c\000a\000l\000\040\000U\000n\000i\000v\000e\000r\000s\000e\000s}{chapter.33}% 1482
\BOOKMARK [1][-]{section.33.41}{\376\377\000W\000h\000a\000t\000\040\000I\000f\000\040\000Y\000o\000u\000\040\000R\000e\000m\000o\000v\000e\000\040\000a\000\040\000N\000u\000m\000b\000e\000r\000?}{chapter.33}% 1483
\BOOKMARK [1][-]{section.33.42}{\376\377\000T\000h\000e\000\040\000T\000h\000r\000e\000e\000\040\000B\000a\000r\000r\000i\000e\000r\000s\000\040\040\024\000\040\000a\000n\000d\000\040\000t\000h\000e\000\040\000W\000a\000y\000\040\000A\000r\000o\000u\000n\000d\000?}{chapter.33}% 1484
\BOOKMARK [1][-]{section.33.43}{\376\377\000B\000u\000i\000l\000d\000i\000n\000g\000\040\000N\000e\000w\000\040\000M\000a\000t\000h\000e\000m\000a\000t\000i\000c\000s}{chapter.33}% 1485
\BOOKMARK [0][-]{chapter.34}{\376\377\000C\000o\000n\000f\000o\000r\000m\000a\000l\000\040\000S\000t\000e\000r\000e\000o\000g\000r\000a\000p\000h\000i\000c\000\040\000T\000h\000e\000o\000r\000y}{part.6}% 1486
\BOOKMARK [1][-]{section.34.1}{\376\377\000F\000i\000g\000u\000r\000e\000s}{chapter.34}% 1487
\BOOKMARK [1][-]{section.34.2}{\376\377\000R\000e\000s\000e\000a\000r\000c\000h\000\040\000P\000a\000p\000e\000r}{chapter.34}% 1488
\BOOKMARK [1][-]{section.34.3}{\376\377\000A\000b\000s\000t\000r\000a\000c\000t}{chapter.34}% 1489
\BOOKMARK [1][-]{section.34.4}{\376\377\0001\000.\000\040\000I\000n\000t\000r\000o\000d\000u\000c\000t\000i\000o\000n}{chapter.34}% 1490
\BOOKMARK [1][-]{section.34.5}{\376\377\0001\000.\0001\000\040\000B\000a\000c\000k\000g\000r\000o\000u\000n\000d}{chapter.34}% 1491
\BOOKMARK [1][-]{section.34.6}{\376\377\0001\000.\0002\000\040\000C\000o\000n\000t\000r\000i\000b\000u\000t\000i\000o\000n}{chapter.34}% 1492
\BOOKMARK [1][-]{section.34.7}{\376\377\0001\000.\0003\000\040\000U\000n\000i\000f\000y\000i\000n\000g\000\040\000T\000h\000e\000m\000e}{chapter.34}% 1493
\BOOKMARK [1][-]{section.34.8}{\376\377\0002\000.\000\040\000L\000a\000n\000d\000s\000c\000a\000p\000e\000\040\0007\000:\000\040\000S\000t\000e\000r\000e\000o\000g\000r\000a\000p\000h\000i\000c\000\040\000D\000y\000n\000a\000m\000i\000c\000s}{chapter.34}% 1494
\BOOKMARK [1][-]{section.34.9}{\376\377\0002\000.\0001\000\040\000P\000u\000l\000l\000b\000a\000c\000k\000\040\000V\000e\000c\000t\000o\000r\000\040\000F\000i\000e\000l\000d\000s}{chapter.34}% 1495
\BOOKMARK [1][-]{section.34.10}{\376\377\0002\000.\0002\000\040\000L\000i\000n\000e\000a\000r\000\040\000F\000l\000o\000w\000s\000\040\000a\000n\000d\000\040\000C\000o\000n\000f\000o\000r\000m\000a\000l\000\040\000D\000a\000m\000p\000i\000n\000g}{chapter.34}% 1496
\BOOKMARK [1][-]{section.34.11}{\376\377\0002\000.\0003\000\040\000T\000h\000e\000\040\000S\000t\000e\000r\000e\000o\000g\000r\000a\000p\000h\000i\000c\000\040\000L\000y\000a\000p\000u\000n\000o\000v\000\040\000E\000x\000p\000o\000n\000e\000n\000t}{chapter.34}% 1497
\BOOKMARK [1][-]{section.34.12}{\376\377\0002\000.\0004\000\040\000C\000o\000m\000p\000a\000c\000t\000i\000f\000i\000e\000d\000\040\000S\000t\000r\000a\000n\000g\000e\000\040\000A\000t\000t\000r\000a\000c\000t\000o\000r\000s}{chapter.34}% 1498
\BOOKMARK [1][-]{section.34.13}{\376\377\0003\000.\000\040\000L\000a\000n\000d\000s\000c\000a\000p\000e\000\040\0008\000:\000\040\000S\000t\000e\000r\000e\000o\000g\000r\000a\000p\000h\000i\000c\000\040\000M\000o\000r\000p\000h\000o\000g\000e\000n\000e\000s\000i\000s}{chapter.34}% 1499
\BOOKMARK [1][-]{section.34.14}{\376\377\0003\000.\0001\000\040\000R\000e\000a\000c\000t\000i\000o\000n\000-\000D\000i\000f\000f\000u\000s\000i\000o\000n\000\040\000i\000n\000\040\000S\000t\000e\000r\000e\000o\000g\000r\000a\000p\000h\000i\000c\000\040\000C\000o\000o\000r\000d\000i\000n\000a\000t\000e\000s}{chapter.34}% 1500
\BOOKMARK [1][-]{section.34.15}{\376\377\0003\000.\0002\000\040\000T\000u\000r\000i\000n\000g\000\040\000P\000a\000t\000t\000e\000r\000n\000s\000\040\000w\000i\000t\000h\000\040\000P\000o\000l\000a\000r\000\040\000B\000i\000a\000s}{chapter.34}% 1501
\BOOKMARK [1][-]{section.34.16}{\376\377\0003\000.\0003\000\040\000L\000a\000t\000t\000i\000c\000e\000\040\000C\000r\000y\000s\000t\000a\000l\000l\000i\000z\000a\000t\000i\000o\000n\000\040\000a\000n\000d\000\040\000t\000h\000e\000\040\000E\000q\000u\000a\000t\000o\000r\000i\000a\000l\000\040\000P\000h\000a\000s\000e\000\040\000T\000r\000a\000n\000s\000i\000t\000i\000o\000n}{chapter.34}% 1502
\BOOKMARK [1][-]{section.34.17}{\376\377\0003\000.\0004\000\040\000T\000h\000e\000\040\000C\000o\000n\000f\000o\000r\000m\000a\000l\000\040\000P\000o\000t\000e\000n\000t\000i\000a\000l\000\040\000a\000n\000d\000\040\000Y\000a\000m\000a\000b\000e\000\040\000F\000l\000o\000w}{chapter.34}% 1503
\BOOKMARK [1][-]{section.34.18}{\376\377\0003\000.\0005\000\040\000H\000e\000x\000a\000g\000o\000n\000a\000l\000\040\000L\000a\000t\000t\000i\000c\000e\000\040\000a\000n\000d\000\040\000t\000h\000e\000\040\000F\000u\000l\000l\000e\000r\000e\000n\000e\000\040\000A\000n\000a\000l\000o\000g\000y}{chapter.34}% 1504
\BOOKMARK [1][-]{section.34.19}{\376\377\0004\000.\000\040\000L\000a\000n\000d\000s\000c\000a\000p\000e\000\040\0009\000:\000\040\000S\000t\000e\000r\000e\000o\000g\000r\000a\000p\000h\000i\000c\000\040\000I\000n\000f\000o\000r\000m\000a\000t\000i\000o\000n\000\040\000G\000e\000o\000m\000e\000t\000r\000y}{chapter.34}% 1505
\BOOKMARK [1][-]{section.34.20}{\376\377\0004\000.\0001\000\040\000S\000t\000a\000t\000i\000s\000t\000i\000c\000a\000l\000\040\000M\000a\000n\000i\000f\000o\000l\000d\000s\000\040\000a\000n\000d\000\040\000t\000h\000e\000\040\000F\000i\000s\000h\000e\000r\000\040\000M\000e\000t\000r\000i\000c}{chapter.34}% 1506
\BOOKMARK [1][-]{section.34.21}{\376\377\0004\000.\0002\000\040\000S\000t\000e\000r\000e\000o\000g\000r\000a\000p\000h\000i\000c\000\040\000C\000o\000m\000p\000a\000c\000t\000i\000f\000i\000c\000a\000t\000i\000o\000n\000\040\000o\000f\000\040\000S\000t\000a\000t\000i\000s\000t\000i\000c\000a\000l\000\040\000M\000a\000n\000i\000f\000o\000l\000d\000s}{chapter.34}% 1507
\BOOKMARK [1][-]{section.34.22}{\376\377\0004\000.\0003\000\040\000T\000h\000e\000\040\000G\000a\000u\000s\000s\000i\000a\000n\000\040\000C\000a\000s\000e}{chapter.34}% 1508
\BOOKMARK [1][-]{section.34.23}{\376\377\0004\000.\0004\000\040\000C\000o\000n\000f\000o\000r\000m\000a\000l\000l\000y\000\040\000W\000e\000i\000g\000h\000t\000e\000d\000\040\000E\000n\000t\000r\000o\000p\000y}{chapter.34}% 1509
\BOOKMARK [1][-]{section.34.24}{\376\377\0005\000.\000\040\000D\000i\000m\000e\000n\000s\000i\000o\000n\000a\000l\000\040\000R\000e\000s\000o\000n\000a\000n\000c\000e}{chapter.34}% 1510
\BOOKMARK [1][-]{section.34.25}{\376\377\0005\000.\0001\000\040\000T\000h\000e\000\040\000D\000i\000v\000i\000s\000i\000o\000n\000\040\000A\000l\000g\000e\000b\000r\000a\000\040\000C\000o\000n\000n\000e\000c\000t\000i\000o\000n}{chapter.34}% 1511
\BOOKMARK [1][-]{section.34.26}{\376\377\0005\000.\0002\000\040\000I\000m\000p\000l\000i\000c\000a\000t\000i\000o\000n\000s\000\040\000f\000o\000r\000\040\000D\000y\000n\000a\000m\000i\000c\000s\000\040\000a\000n\000d\000\040\000M\000o\000r\000p\000h\000o\000g\000e\000n\000e\000s\000i\000s}{chapter.34}% 1512
\BOOKMARK [1][-]{section.34.27}{\376\377\0006\000.\000\040\000T\000h\000e\000\040\000C\000o\000n\000f\000o\000r\000m\000a\000l\000\040\000P\000o\000t\000e\000n\000t\000i\000a\000l\000\040\000a\000s\000\040\000U\000n\000i\000v\000e\000r\000s\000a\000l\000\040\000B\000o\000l\000t\000z\000m\000a\000n\000n\000\040\000W\000e\000i\000g\000h\000t}{chapter.34}% 1513
\BOOKMARK [1][-]{section.34.28}{\376\377\0006\000.\0001\000\040\000T\000h\000e\000\040\000C\000e\000n\000t\000r\000a\000l\000\040\000O\000b\000s\000e\000r\000v\000a\000t\000i\000o\000n}{chapter.34}% 1514
\BOOKMARK [1][-]{section.34.29}{\376\377\0006\000.\0002\000\040\000T\000h\000e\000\040\000S\000t\000e\000r\000e\000o\000g\000r\000a\000p\000h\000i\000c\000\040\000P\000a\000r\000t\000i\000t\000i\000o\000n\000\040\000F\000u\000n\000c\000t\000i\000o\000n}{chapter.34}% 1515
\BOOKMARK [1][-]{section.34.30}{\376\377\0006\000.\0003\000\040\000I\000m\000p\000l\000i\000c\000a\000t\000i\000o\000n\000s}{chapter.34}% 1516
\BOOKMARK [1][-]{section.34.31}{\376\377\0007\000.\000\040\000O\000p\000e\000n\000\040\000P\000r\000o\000b\000l\000e\000m\000s}{chapter.34}% 1517
\BOOKMARK [1][-]{section.34.32}{\376\377\0008\000.\000\040\000C\000o\000m\000p\000u\000t\000a\000t\000i\000o\000n\000a\000l\000\040\000E\000x\000p\000e\000r\000i\000m\000e\000n\000t\000s}{chapter.34}% 1518
\BOOKMARK [1][-]{section.34.33}{\376\377\0009\000.\000\040\000C\000o\000n\000c\000l\000u\000s\000i\000o\000n}{chapter.34}% 1519
\BOOKMARK [1][-]{section.34.34}{\376\377\000R\000e\000f\000e\000r\000e\000n\000c\000e\000s}{chapter.34}% 1520
\BOOKMARK [1][-]{section.34.35}{\376\377\000S\000c\000i\000e\000n\000t\000i\000f\000i\000c\000\040\000A\000m\000e\000r\000i\000c\000a\000n\000\040\000A\000r\000t\000i\000c\000l\000e}{chapter.34}% 1521
\BOOKMARK [1][-]{section.34.36}{\376\377\000A\000\040\0002\000,\0000\0000\0000\000-\000y\000e\000a\000r\000-\000o\000l\000d\000\040\000g\000e\000o\000m\000e\000t\000r\000i\000c\000\040\000t\000r\000i\000c\000k\000\040\000i\000s\000\040\000r\000e\000v\000e\000a\000l\000i\000n\000g\000\040\000h\000i\000d\000d\000e\000n\000\040\000c\000o\000n\000n\000e\000c\000t\000i\000o\000n\000s\000\040\000b\000e\000t\000w\000e\000e\000n\000\040\000c\000h\000a\000o\000s\000,\000\040\000c\000r\000y\000s\000t\000a\000l\000\040\000f\000o\000r\000m\000a\000t\000i\000o\000n\000,\000\040\000a\000r\000t\000i\000f\000i\000c\000i\000a\000l\000\040\000i\000n\000t\000e\000l\000l\000i\000g\000e\000n\000c\000e\000,\000\040\000a\000n\000d\000\040\000t\000h\000e\000\040\000n\000a\000t\000u\000r\000e\000\040\000o\000f\000\040\000i\000n\000f\000o\000r\000m\000a\000t\000i\000o\000n\000\040\000i\000t\000s\000e\000l\000f}{chapter.34}% 1522
\BOOKMARK [1][-]{section.34.37}{\376\377\000T\000h\000e\000\040\000F\000o\000r\000m\000u\000l\000a}{chapter.34}% 1523
\BOOKMARK [1][-]{section.34.38}{\376\377\000T\000h\000e\000\040\000O\000r\000i\000g\000i\000n\000a\000l\000\040\000S\000i\000x\000\040\000W\000o\000r\000l\000d\000s}{chapter.34}% 1524
\BOOKMARK [1][-]{section.34.39}{\376\377\000T\000h\000r\000e\000e\000\040\000N\000e\000w\000\040\000W\000o\000r\000l\000d\000s}{chapter.34}% 1525
\BOOKMARK [1][-]{section.34.40}{\376\377\000T\000h\000e\000\040\000T\000h\000r\000e\000a\000d\000\040\000T\000h\000a\000t\000\040\000C\000o\000n\000n\000e\000c\000t\000s\000\040\000E\000v\000e\000r\000y\000t\000h\000i\000n\000g}{chapter.34}% 1526
\BOOKMARK [1][-]{section.34.41}{\376\377\000T\000h\000e\000\040\000M\000a\000g\000i\000c\000\040\000D\000i\000m\000e\000n\000s\000i\000o\000n\000s\000:\000\040\0001\000,\000\040\0002\000,\000\040\0004\000,\000\040\0008}{chapter.34}% 1527
\BOOKMARK [1][-]{section.34.42}{\376\377\000W\000h\000a\000t\000'\000s\000\040\000N\000e\000x\000t\000?}{chapter.34}% 1528
\BOOKMARK [0][-]{chapter.35}{\376\377\000I\000n\000v\000e\000r\000s\000e\000\040\000N\000-\000D\000i\000m\000e\000n\000s\000i\000o\000n\000a\000l\000\040\000S\000t\000e\000r\000e\000o\000g\000r\000a\000p\000h\000i\000c\000\040\000P\000r\000o\000j\000e\000c\000t\000i\000o\000n}{part.6}% 1529
\BOOKMARK [1][-]{section.35.1}{\376\377\000F\000i\000g\000u\000r\000e\000s}{chapter.35}% 1530
\BOOKMARK [1][-]{section.35.2}{\376\377\000R\000e\000s\000e\000a\000r\000c\000h\000\040\000P\000a\000p\000e\000r}{chapter.35}% 1531
\BOOKMARK [1][-]{section.35.3}{\376\377\000B\000e\000y\000o\000n\000d\000\040\000C\000o\000n\000f\000o\000r\000m\000a\000l\000i\000t\000y\000\040\040\024\000\040\000D\000y\000n\000a\000m\000i\000c\000s\000,\000\040\000I\000n\000f\000o\000r\000m\000a\000t\000i\000o\000n\000,\000\040\000a\000n\000d\000\040\000Q\000u\000a\000n\000t\000u\000m\000\040\000S\000t\000r\000u\000c\000t\000u\000r\000e}{chapter.35}% 1532
\BOOKMARK [1][-]{section.35.4}{\376\377\000A\000b\000s\000t\000r\000a\000c\000t}{chapter.35}% 1533
\BOOKMARK [1][-]{section.35.5}{\376\377\0001\000.\000\040\000I\000n\000t\000r\000o\000d\000u\000c\000t\000i\000o\000n}{chapter.35}% 1534
\BOOKMARK [1][-]{section.35.6}{\376\377\0001\000.\0001\000\040\000M\000o\000t\000i\000v\000a\000t\000i\000o\000n}{chapter.35}% 1535
\BOOKMARK [1][-]{section.35.7}{\376\377\0001\000.\0002\000\040\000S\000u\000m\000m\000a\000r\000y\000\040\000o\000f\000\040\000N\000e\000w\000\040\000L\000a\000n\000d\000s\000c\000a\000p\000e\000s}{chapter.35}% 1536
\BOOKMARK [1][-]{section.35.8}{\376\377\0001\000.\0003\000\040\000M\000e\000t\000h\000o\000d\000o\000l\000o\000g\000y}{chapter.35}% 1537
\BOOKMARK [1][-]{section.35.9}{\376\377\0002\000.\000\040\000L\000a\000n\000d\000s\000c\000a\000p\000e\000\040\0007\000:\000\040\000S\000t\000e\000r\000e\000o\000g\000r\000a\000p\000h\000i\000c\000\040\000D\000y\000n\000a\000m\000i\000c\000s\000\040\040\024\000\040\000T\000h\000e\000\040\000C\000o\000n\000f\000o\000r\000m\000a\000l\000\040\000A\000t\000t\000r\000a\000c\000t\000o\000r}{chapter.35}% 1538
\BOOKMARK [1][-]{section.35.10}{\376\377\0002\000.\0001\000\040\000T\000h\000e\000\040\000I\000t\000e\000r\000a\000t\000i\000o\000n\000\040\000M\000a\000p}{chapter.35}% 1539
\BOOKMARK [1][-]{section.35.11}{\376\377\0002\000.\0002\000\040\000R\000a\000d\000i\000a\000l\000\040\000A\000n\000a\000l\000y\000s\000i\000s}{chapter.35}% 1540
\BOOKMARK [1][-]{section.35.12}{\376\377\0002\000.\0003\000\040\000A\000n\000g\000u\000l\000a\000r\000\040\000D\000y\000n\000a\000m\000i\000c\000s}{chapter.35}% 1541
\BOOKMARK [1][-]{section.35.13}{\376\377\0002\000.\0004\000\040\000T\000h\000e\000\040\000L\000y\000a\000p\000u\000n\000o\000v\000\040\000E\000x\000p\000o\000n\000e\000n\000t}{chapter.35}% 1542
\BOOKMARK [1][-]{section.35.14}{\376\377\0003\000.\000\040\000L\000a\000n\000d\000s\000c\000a\000p\000e\000\040\0008\000:\000\040\000T\000h\000e\000\040\000S\000t\000e\000r\000e\000o\000g\000r\000a\000p\000h\000i\000c\000\040\000E\000n\000e\000r\000g\000y\000\040\000L\000a\000n\000d\000s\000c\000a\000p\000e}{chapter.35}% 1543
\BOOKMARK [1][-]{section.35.15}{\376\377\0003\000.\0001\000\040\000D\000i\000r\000i\000c\000h\000l\000e\000t\000\040\000E\000n\000e\000r\000g\000y\000\040\000o\000f\000\040\000S\000t\000e\000r\000e\000o\000g\000r\000a\000p\000h\000i\000c\000\040\000P\000r\000o\000j\000e\000c\000t\000i\000o\000n}{chapter.35}% 1544
\BOOKMARK [1][-]{section.35.16}{\376\377\0003\000.\0002\000\040\000T\000o\000t\000a\000l\000\040\000E\000n\000e\000r\000g\000y\000\040\000b\000y\000\040\000D\000i\000m\000e\000n\000s\000i\000o\000n}{chapter.35}% 1545
\BOOKMARK [1][-]{section.35.17}{\376\377\0003\000.\0003\000\040\000V\000o\000l\000u\000m\000e\000\040\000C\000o\000n\000c\000e\000n\000t\000r\000a\000t\000i\000o\000n}{chapter.35}% 1546
\BOOKMARK [1][-]{section.35.18}{\376\377\0004\000.\000\040\000L\000a\000n\000d\000s\000c\000a\000p\000e\000\040\0009\000:\000\040\000I\000n\000f\000o\000r\000m\000a\000t\000i\000o\000n\000\040\000G\000e\000o\000m\000e\000t\000r\000y\000\040\040\024\000\040\000T\000h\000e\000\040\000S\000t\000e\000r\000e\000o\000g\000r\000a\000p\000h\000i\000c\000\040\000F\000i\000s\000h\000e\000r\000\040\000C\000o\000r\000r\000e\000s\000p\000o\000n\000d\000e\000n\000c\000e}{chapter.35}% 1547
\BOOKMARK [1][-]{section.35.19}{\376\377\0004\000.\0001\000\040\000T\000h\000e\000\040\000F\000i\000s\000h\000e\000r\000-\000R\000a\000o\000\040\000M\000e\000t\000r\000i\000c}{chapter.35}% 1548
\BOOKMARK [1][-]{section.35.20}{\376\377\0004\000.\0002\000\040\000T\000h\000e\000\040\000S\000t\000e\000r\000e\000o\000g\000r\000a\000p\000h\000i\000c\000\040\000F\000i\000s\000h\000e\000r\000\040\000M\000e\000t\000r\000i\000c}{chapter.35}% 1549
\BOOKMARK [1][-]{section.35.21}{\376\377\0004\000.\0003\000\040\000S\000t\000a\000t\000i\000s\000t\000i\000c\000a\000l\000\040\000I\000m\000p\000l\000i\000c\000a\000t\000i\000o\000n\000s}{chapter.35}% 1550
\BOOKMARK [1][-]{section.35.22}{\376\377\0004\000.\0004\000\040\000E\000n\000t\000r\000o\000p\000y\000\040\000i\000n\000\040\000S\000t\000e\000r\000e\000o\000g\000r\000a\000p\000h\000i\000c\000\040\000C\000o\000o\000r\000d\000i\000n\000a\000t\000e\000s}{chapter.35}% 1551
\BOOKMARK [1][-]{section.35.23}{\376\377\0005\000.\000\040\000L\000a\000n\000d\000s\000c\000a\000p\000e\000\040\0001\0000\000:\000\040\000S\000p\000e\000c\000t\000r\000a\000l\000\040\000G\000e\000o\000m\000e\000t\000r\000y\000\040\040\024\000\040\000H\000a\000r\000m\000o\000n\000i\000c\000s\000\040\000T\000h\000r\000o\000u\000g\000h\000\040\000t\000h\000e\000\040\000L\000e\000n\000s}{chapter.35}% 1552
\BOOKMARK [1][-]{section.35.24}{\376\377\0005\000.\0001\000\040\000S\000p\000h\000e\000r\000i\000c\000a\000l\000\040\000H\000a\000r\000m\000o\000n\000i\000c\000s\000\040\000i\000n\000\040\000S\000t\000e\000r\000e\000o\000g\000r\000a\000p\000h\000i\000c\000\040\000C\000o\000o\000r\000d\000i\000n\000a\000t\000e\000s}{chapter.35}% 1553
\BOOKMARK [1][-]{section.35.25}{\376\377\0005\000.\0002\000\040\000T\000h\000e\000\040\000S\000p\000e\000c\000t\000r\000a\000l\000\040\000Z\000e\000t\000a\000\040\000F\000u\000n\000c\000t\000i\000o\000n}{chapter.35}% 1554
\BOOKMARK [1][-]{section.35.26}{\376\377\0005\000.\0003\000\040\000H\000e\000a\000t\000\040\000K\000e\000r\000n\000e\000l\000\040\000i\000n\000\040\000S\000t\000e\000r\000e\000o\000g\000r\000a\000p\000h\000i\000c\000\040\000C\000o\000o\000r\000d\000i\000n\000a\000t\000e\000s}{chapter.35}% 1555
\BOOKMARK [1][-]{section.35.27}{\376\377\0006\000.\000\040\000L\000a\000n\000d\000s\000c\000a\000p\000e\000\040\0001\0001\000:\000\040\000Q\000u\000a\000n\000t\000u\000m\000\040\000S\000t\000a\000t\000e\000s\000\040\000i\000n\000\040\000S\000t\000e\000r\000e\000o\000g\000r\000a\000p\000h\000i\000c\000\040\000C\000o\000o\000r\000d\000i\000n\000a\000t\000e\000s}{chapter.35}% 1556
\BOOKMARK [1][-]{section.35.28}{\376\377\0006\000.\0001\000\040\000S\000p\000i\000n\000\040\000C\000o\000h\000e\000r\000e\000n\000t\000\040\000S\000t\000a\000t\000e\000s}{chapter.35}% 1557
\BOOKMARK [1][-]{section.35.29}{\376\377\0006\000.\0002\000\040\000T\000h\000e\000\040\000H\000u\000s\000i\000m\000i\000\040\000F\000u\000n\000c\000t\000i\000o\000n}{chapter.35}% 1558
\BOOKMARK [1][-]{section.35.30}{\376\377\0006\000.\0003\000\040\000M\000a\000j\000o\000r\000a\000n\000a\000\040\000S\000t\000a\000r\000s}{chapter.35}% 1559
\BOOKMARK [1][-]{section.35.31}{\376\377\0006\000.\0004\000\040\000E\000n\000t\000a\000n\000g\000l\000e\000m\000e\000n\000t\000\040\000a\000n\000d\000\040\000S\000t\000e\000r\000e\000o\000g\000r\000a\000p\000h\000i\000c\000\040\000S\000y\000m\000m\000e\000t\000r\000y}{chapter.35}% 1560
\BOOKMARK [1][-]{section.35.32}{\376\377\0007\000.\000\040\000L\000a\000n\000d\000s\000c\000a\000p\000e\000\040\0001\0002\000:\000\040\000B\000l\000o\000w\000u\000p\000\040\000G\000e\000o\000m\000e\000t\000r\000y\000\040\000a\000t\000\040\000t\000h\000e\000\040\000N\000o\000r\000t\000h\000\040\000P\000o\000l\000e}{chapter.35}% 1561
\BOOKMARK [1][-]{section.35.33}{\376\377\0007\000.\0001\000\040\000T\000h\000e\000\040\000S\000t\000e\000r\000e\000o\000g\000r\000a\000p\000h\000i\000c\000\040\000S\000i\000n\000g\000u\000l\000a\000r\000i\000t\000y}{chapter.35}% 1562
\BOOKMARK [1][-]{section.35.34}{\376\377\0007\000.\0002\000\040\000T\000h\000e\000\040\000R\000e\000a\000l\000\040\000B\000l\000o\000w\000u\000p}{chapter.35}% 1563
\BOOKMARK [1][-]{section.35.35}{\376\377\0007\000.\0003\000\040\000T\000h\000e\000\040\000C\000o\000m\000p\000l\000e\000x\000\040\000C\000a\000s\000e}{chapter.35}% 1564
\BOOKMARK [1][-]{section.35.36}{\376\377\0007\000.\0004\000\040\000S\000t\000e\000r\000e\000o\000g\000r\000a\000p\000h\000i\000c\000\040\000T\000o\000w\000e\000r\000s}{chapter.35}% 1565
\BOOKMARK [1][-]{section.35.37}{\376\377\0008\000.\000\040\000L\000a\000n\000d\000s\000c\000a\000p\000e\000\040\0001\0003\000:\000\040\000D\000i\000m\000e\000n\000s\000i\000o\000n\000a\000l\000\040\000R\000e\000s\000o\000n\000a\000n\000c\000e\000\040\040\024\000\040\000T\000h\000e\000\040\000N\000\040\000=\000\040\0001\000,\000\040\0002\000,\000\040\0004\000,\000\040\0008\000\040\000P\000h\000e\000n\000o\000m\000e\000n\000o\000n}{chapter.35}% 1566
\BOOKMARK [1][-]{section.35.38}{\376\377\0008\000.\0001\000\040\000T\000h\000e\000\040\000H\000u\000r\000w\000i\000t\000z\000\040\000T\000h\000e\000o\000r\000e\000m}{chapter.35}% 1567
\BOOKMARK [1][-]{section.35.39}{\376\377\0008\000.\0002\000\040\000T\000h\000e\000\040\000R\000e\000s\000o\000n\000a\000n\000c\000e\000\040\000T\000a\000b\000l\000e}{chapter.35}% 1568
\BOOKMARK [1][-]{section.35.40}{\376\377\0008\000.\0003\000\040\000T\000h\000e\000\040\000E\000x\000c\000e\000p\000t\000i\000o\000n\000a\000l\000\040\000D\000i\000m\000e\000n\000s\000i\000o\000n\000\040\000N\000\040\000=\000\040\0008}{chapter.35}% 1569
\BOOKMARK [1][-]{section.35.41}{\376\377\0008\000.\0004\000\040\000S\000p\000e\000c\000u\000l\000a\000t\000i\000v\000e\000\040\000C\000o\000n\000n\000e\000c\000t\000i\000o\000n\000:\000\040\000D\000i\000m\000e\000n\000s\000i\000o\000n\000\040\0002\0004\000\040\000a\000n\000d\000\040\000M\000o\000o\000n\000s\000h\000i\000n\000e}{chapter.35}% 1570
\BOOKMARK [1][-]{section.35.42}{\376\377\0009\000.\000\040\000F\000o\000r\000m\000a\000l\000i\000z\000e\000d\000\040\000R\000e\000s\000u\000l\000t\000s}{chapter.35}% 1571
\BOOKMARK [1][-]{section.35.43}{\376\377\0001\0000\000.\000\040\000O\000p\000e\000n\000\040\000P\000r\000o\000b\000l\000e\000m\000s}{chapter.35}% 1572
\BOOKMARK [1][-]{section.35.44}{\376\377\000T\000i\000e\000r\000\040\0001\000:\000\040\000N\000e\000a\000r\000-\000T\000e\000r\000m}{chapter.35}% 1573
\BOOKMARK [1][-]{section.35.45}{\376\377\000T\000i\000e\000r\000\040\0002\000:\000\040\000M\000e\000d\000i\000u\000m\000-\000T\000e\000r\000m}{chapter.35}% 1574
\BOOKMARK [1][-]{section.35.46}{\376\377\000T\000i\000e\000r\000\040\0003\000:\000\040\000V\000i\000s\000i\000o\000n\000a\000r\000y}{chapter.35}% 1575
\BOOKMARK [1][-]{section.35.47}{\376\377\0001\0001\000.\000\040\000C\000o\000n\000c\000l\000u\000s\000i\000o\000n}{chapter.35}% 1576
\BOOKMARK [1][-]{section.35.48}{\376\377\000R\000e\000f\000e\000r\000e\000n\000c\000e\000s}{chapter.35}% 1577
\BOOKMARK [1][-]{section.35.49}{\376\377\000S\000c\000i\000e\000n\000t\000i\000f\000i\000c\000\040\000A\000m\000e\000r\000i\000c\000a\000n\000\040\000A\000r\000t\000i\000c\000l\000e}{chapter.35}% 1578
\BOOKMARK [1][-]{section.35.50}{\376\377\000H\000o\000w\000\040\000a\000\040\0002\000,\0000\0000\0000\000-\000y\000e\000a\000r\000-\000o\000l\000d\000\040\000g\000e\000o\000m\000e\000t\000r\000i\000c\000\040\000t\000r\000i\000c\000k\000\040\000k\000e\000e\000p\000s\000\040\000r\000e\000v\000e\000a\000l\000i\000n\000g\000\040\000n\000e\000w\000\040\000m\000a\000t\000h\000e\000m\000a\000t\000i\000c\000s\000\040\040\024\000\040\000f\000r\000o\000m\000\040\000q\000u\000a\000n\000t\000u\000m\000\040\000p\000h\000y\000s\000i\000c\000s\000\040\000t\000o\000\040\000a\000r\000t\000i\000f\000i\000c\000i\000a\000l\000\040\000i\000n\000t\000e\000l\000l\000i\000g\000e\000n\000c\000e}{chapter.35}% 1579
\BOOKMARK [1][-]{section.35.51}{\376\377\000T\000h\000e\000\040\000F\000o\000r\000m\000u\000l\000a}{chapter.35}% 1580
\BOOKMARK [1][-]{section.35.52}{\376\377\000A\000\040\000T\000e\000a\000m\000\040\000o\000f\000\040\000O\000r\000a\000c\000l\000e\000s}{chapter.35}% 1581
\BOOKMARK [1][-]{section.35.53}{\376\377\000T\000h\000e\000\040\000A\000t\000t\000r\000a\000c\000t\000o\000r}{chapter.35}% 1582
\BOOKMARK [1][-]{section.35.54}{\376\377\000T\000h\000e\000\040\000P\000r\000o\000b\000a\000b\000i\000l\000i\000t\000y\000\040\000C\000o\000n\000n\000e\000c\000t\000i\000o\000n}{chapter.35}% 1583
\BOOKMARK [1][-]{section.35.55}{\376\377\000Q\000u\000a\000n\000t\000u\000m\000\040\000S\000t\000a\000r\000s}{chapter.35}% 1584
\BOOKMARK [1][-]{section.35.56}{\376\377\000W\000h\000y\000\040\000D\000i\000m\000e\000n\000s\000i\000o\000n\000s\000\040\0001\000,\000\040\0002\000,\000\040\0004\000,\000\040\000a\000n\000d\000\040\0008\000\040\000A\000r\000e\000\040\000M\000a\000g\000i\000c}{chapter.35}% 1585
\BOOKMARK [1][-]{section.35.57}{\376\377\000T\000h\000i\000r\000t\000e\000e\000n\000\040\000L\000a\000n\000d\000s\000c\000a\000p\000e\000s\000,\000\040\000O\000n\000e\000\040\000F\000o\000r\000m\000u\000l\000a}{chapter.35}% 1586
\BOOKMARK [1][-]{section.35.58}{\376\377\000W\000h\000a\000t\000'\000s\000\040\000N\000e\000x\000t\000?}{chapter.35}% 1587
\BOOKMARK [0][-]{chapter.36}{\376\377\000M\000\366\000b\000i\000u\000s\000\040\000C\000o\000v\000a\000r\000i\000a\000n\000c\000e\000\040\000\046\000\040\000I\000n\000t\000e\000g\000e\000r\000\040\000P\000o\000l\000e\000\040\000C\000h\000a\000r\000t\000s}{part.6}% 1588
\BOOKMARK [1][-]{section.36.1}{\376\377\000F\000i\000g\000u\000r\000e\000s}{chapter.36}% 1589
\BOOKMARK [1][-]{section.36.2}{\376\377\000R\000e\000s\000e\000a\000r\000c\000h\000\040\000P\000a\000p\000e\000r}{chapter.36}% 1590
\BOOKMARK [1][-]{section.36.3}{\376\377\000A\000\040\000F\000r\000a\000m\000e\000w\000o\000r\000k\000\040\000f\000o\000r\000\040\000M\000a\000p\000p\000i\000n\000g\000\040\000B\000e\000t\000w\000e\000e\000n\000\040\000C\000o\000o\000r\000d\000i\000n\000a\000t\000e\000\040\000U\000n\000i\000v\000e\000r\000s\000e\000s\000\040\000v\000i\000a\000\040\000P\000a\000r\000a\000m\000e\000t\000e\000r\000i\000z\000e\000d\000\040\000M\000\366\000b\000i\000u\000s\000\040\000C\000h\000a\000r\000t\000s}{chapter.36}% 1591
\BOOKMARK [1][-]{section.36.4}{\376\377\0001\000.\000\040\000I\000n\000t\000r\000o\000d\000u\000c\000t\000i\000o\000n}{chapter.36}% 1592
\BOOKMARK [1][-]{section.36.5}{\376\377\0001\000.\0001\000\040\000C\000l\000a\000s\000s\000i\000c\000a\000l\000\040\000S\000t\000e\000r\000e\000o\000g\000r\000a\000p\000h\000i\000c\000\040\000P\000r\000o\000j\000e\000c\000t\000i\000o\000n}{chapter.36}% 1593
\BOOKMARK [1][-]{section.36.6}{\376\377\0001\000.\0002\000\040\000T\000h\000e\000\040\000I\000n\000v\000e\000r\000s\000e\000\040\000M\000a\000p}{chapter.36}% 1594
\BOOKMARK [1][-]{section.36.7}{\376\377\0001\000.\0003\000\040\000O\000u\000r\000\040\000C\000o\000n\000t\000r\000i\000b\000u\000t\000i\000o\000n}{chapter.36}% 1595
\BOOKMARK [1][-]{section.36.8}{\376\377\0002\000.\000\040\000P\000o\000l\000e\000-\000S\000w\000a\000p\000p\000e\000d\000\040\000S\000t\000e\000r\000e\000o\000g\000r\000a\000p\000h\000i\000c\000\040\000P\000r\000o\000j\000e\000c\000t\000i\000o\000n}{chapter.36}% 1596
\BOOKMARK [1][-]{section.36.9}{\376\377\0002\000.\0001\000\040\000T\000h\000e\000\040\000S\000o\000u\000t\000h\000\040\000P\000o\000l\000e\000\040\000C\000h\000a\000r\000t}{chapter.36}% 1597
\BOOKMARK [1][-]{section.36.10}{\376\377\0002\000.\0002\000\040\000T\000h\000e\000\040\000T\000r\000a\000n\000s\000i\000t\000i\000o\000n\000\040\000M\000a\000p}{chapter.36}% 1598
\BOOKMARK [1][-]{section.36.11}{\376\377\0002\000.\0003\000\040\000T\000h\000e\000\040\000I\000n\000v\000o\000l\000u\000t\000i\000o\000n\000\040\000S\000t\000r\000u\000c\000t\000u\000r\000e}{chapter.36}% 1599
\BOOKMARK [1][-]{section.36.12}{\376\377\0002\000.\0004\000\040\000F\000i\000x\000e\000d\000\040\000P\000o\000i\000n\000t\000s\000\040\000a\000n\000d\000\040\000I\000n\000t\000e\000r\000p\000r\000e\000t\000a\000t\000i\000o\000n}{chapter.36}% 1600
\BOOKMARK [1][-]{section.36.13}{\376\377\0003\000.\000\040\000I\000n\000t\000e\000g\000e\000r\000-\000P\000o\000l\000e\000\040\000S\000t\000e\000r\000e\000o\000g\000r\000a\000p\000h\000i\000c\000\040\000P\000r\000o\000j\000e\000c\000t\000i\000o\000n}{chapter.36}% 1601
\BOOKMARK [1][-]{section.36.14}{\376\377\0003\000.\0001\000\040\000D\000e\000f\000i\000n\000i\000t\000i\000o\000n}{chapter.36}% 1602
\BOOKMARK [1][-]{section.36.15}{\376\377\0003\000.\0002\000\040\000P\000r\000o\000p\000e\000r\000t\000i\000e\000s\000\040\000o\000f\000\040\000t\000h\000e\000\040\000C\000h\000a\000r\000t\000\040\000M\000a\000p}{chapter.36}% 1603
\BOOKMARK [1][-]{section.36.16}{\376\377\0003\000.\0003\000\040\000E\000x\000a\000m\000p\000l\000e\000s}{chapter.36}% 1604
\BOOKMARK [1][-]{section.36.17}{\376\377\0003\000.\0004\000\040\000T\000h\000e\000\040\000I\000n\000t\000e\000g\000e\000r\000\040\000P\000o\000i\000n\000t\000\040\000a\000t\000\040\000\044\000z\000\040\000=\000\040\0001\000\044}{chapter.36}% 1605
\BOOKMARK [1][-]{section.36.18}{\376\377\0004\000.\000\040\000T\000r\000a\000n\000s\000i\000t\000i\000o\000n\000\040\000M\000a\000p\000s\000:\000\040\000T\000h\000e\000\040\000A\000f\000f\000i\000n\000e\000\040\000S\000t\000r\000u\000c\000t\000u\000r\000e}{chapter.36}% 1606
\BOOKMARK [1][-]{section.36.19}{\376\377\0004\000.\0001\000\040\000T\000h\000e\000\040\000M\000a\000i\000n\000\040\000T\000h\000e\000o\000r\000e\000m}{chapter.36}% 1607
\BOOKMARK [1][-]{section.36.20}{\376\377\0004\000.\0002\000\040\000C\000o\000r\000o\000l\000l\000a\000r\000i\000e\000s}{chapter.36}% 1608
\BOOKMARK [1][-]{section.36.21}{\376\377\0004\000.\0003\000\040\000T\000h\000e\000\040\000G\000r\000o\000u\000p\000\040\000S\000t\000r\000u\000c\000t\000u\000r\000e}{chapter.36}% 1609
\BOOKMARK [1][-]{section.36.22}{\376\377\0005\000.\000\040\000P\000r\000o\000b\000l\000e\000m\000\040\000U\000n\000i\000v\000e\000r\000s\000e\000\040\000M\000a\000p\000p\000i\000n\000g}{chapter.36}% 1610
\BOOKMARK [1][-]{section.36.23}{\376\377\0005\000.\0001\000\040\000T\000h\000e\000\040\000C\000o\000r\000e\000\040\000I\000d\000e\000a}{chapter.36}% 1611
\BOOKMARK [1][-]{section.36.24}{\376\377\0005\000.\0002\000\040\000T\000h\000e\000\040\000L\000e\000n\000s\000\040\000P\000r\000i\000n\000c\000i\000p\000l\000e}{chapter.36}% 1612
\BOOKMARK [1][-]{section.36.25}{\376\377\0005\000.\0003\000\040\000T\000h\000e\000\040\000D\000u\000a\000l\000\040\000U\000n\000i\000v\000e\000r\000s\000e\000\040\000T\000h\000e\000o\000r\000e\000m}{chapter.36}% 1613
\BOOKMARK [1][-]{section.36.26}{\376\377\0006\000.\000\040\000A\000r\000i\000t\000h\000m\000e\000t\000i\000c\000\040\000o\000f\000\040\000I\000n\000t\000e\000g\000e\000r\000-\000P\000o\000l\000e\000\040\000C\000h\000a\000r\000t\000s}{chapter.36}% 1614
\BOOKMARK [1][-]{section.36.27}{\376\377\0006\000.\0001\000\040\000T\000h\000e\000\040\000G\000a\000u\000s\000s\000i\000a\000n\000\040\000C\000o\000n\000n\000e\000c\000t\000i\000o\000n}{chapter.36}% 1615
\BOOKMARK [1][-]{section.36.28}{\376\377\0006\000.\0002\000\040\000R\000a\000t\000i\000o\000n\000a\000l\000\040\000P\000o\000i\000n\000t\000s\000\040\000o\000n\000\040\000t\000h\000e\000\040\000S\000p\000h\000e\000r\000e}{chapter.36}% 1616
\BOOKMARK [1][-]{section.36.29}{\376\377\0006\000.\0003\000\040\000T\000h\000e\000\040\000C\000r\000y\000s\000t\000a\000l\000l\000i\000z\000a\000t\000i\000o\000n\000\040\000P\000h\000e\000n\000o\000m\000e\000n\000o\000n}{chapter.36}% 1617
\BOOKMARK [1][-]{section.36.30}{\376\377\0007\000.\000\040\000H\000i\000g\000h\000e\000r\000-\000D\000i\000m\000e\000n\000s\000i\000o\000n\000a\000l\000\040\000G\000e\000n\000e\000r\000a\000l\000i\000z\000a\000t\000i\000o\000n}{chapter.36}% 1618
\BOOKMARK [1][-]{section.36.31}{\376\377\0007\000.\0001\000\040\000T\000h\000e\000\040\000\044\000n\000\044\000-\000S\000p\000h\000e\000r\000e}{chapter.36}% 1619
\BOOKMARK [1][-]{section.36.32}{\376\377\0007\000.\0002\000\040\000M\000u\000l\000t\000i\000-\000P\000o\000l\000e\000\040\000S\000y\000s\000t\000e\000m\000s}{chapter.36}% 1620
\BOOKMARK [1][-]{section.36.33}{\376\377\0008\000.\000\040\000A\000p\000p\000l\000i\000c\000a\000t\000i\000o\000n\000s}{chapter.36}% 1621
\BOOKMARK [1][-]{section.36.34}{\376\377\0008\000.\0001\000\040\000C\000o\000m\000p\000u\000t\000a\000t\000i\000o\000n\000a\000l\000\040\000N\000u\000m\000b\000e\000r\000\040\000T\000h\000e\000o\000r\000y}{chapter.36}% 1622
\BOOKMARK [1][-]{section.36.35}{\376\377\0008\000.\0002\000\040\000S\000i\000g\000n\000a\000l\000\040\000P\000r\000o\000c\000e\000s\000s\000i\000n\000g}{chapter.36}% 1623
\BOOKMARK [1][-]{section.36.36}{\376\377\0008\000.\0003\000\040\000C\000r\000y\000p\000t\000o\000g\000r\000a\000p\000h\000i\000c\000\040\000C\000o\000o\000r\000d\000i\000n\000a\000t\000e\000\040\000C\000h\000a\000n\000g\000e\000s}{chapter.36}% 1624
\BOOKMARK [1][-]{section.36.37}{\376\377\0008\000.\0004\000\040\000N\000e\000u\000r\000a\000l\000\040\000N\000e\000t\000w\000o\000r\000k\000\040\000R\000e\000p\000a\000r\000a\000m\000e\000t\000e\000r\000i\000z\000a\000t\000i\000o\000n}{chapter.36}% 1625
\BOOKMARK [1][-]{section.36.38}{\376\377\0009\000.\000\040\000E\000x\000p\000e\000r\000i\000m\000e\000n\000t\000s\000\040\000a\000n\000d\000\040\000V\000a\000l\000i\000d\000a\000t\000i\000o\000n}{chapter.36}% 1626
\BOOKMARK [1][-]{section.36.39}{\376\377\0009\000.\0001\000\040\000C\000o\000m\000p\000u\000t\000a\000t\000i\000o\000n\000a\000l\000\040\000V\000e\000r\000i\000f\000i\000c\000a\000t\000i\000o\000n}{chapter.36}% 1627
\BOOKMARK [1][-]{section.36.40}{\376\377\0009\000.\0002\000\040\000F\000o\000r\000m\000a\000l\000\040\000V\000e\000r\000i\000f\000i\000c\000a\000t\000i\000o\000n\000\040\000i\000n\000\040\000L\000e\000a\000n\000\040\0004}{chapter.36}% 1628
\BOOKMARK [1][-]{section.36.41}{\376\377\0001\0000\000.\000\040\000N\000e\000w\000\040\000H\000y\000p\000o\000t\000h\000e\000s\000e\000s}{chapter.36}% 1629
\BOOKMARK [1][-]{section.36.42}{\376\377\000H\000y\000p\000o\000t\000h\000e\000s\000i\000s\000\040\000H\0001\000:\000\040\000O\000p\000t\000i\000m\000a\000l\000\040\000C\000h\000a\000r\000t\000\040\000C\000o\000n\000j\000e\000c\000t\000u\000r\000e}{chapter.36}% 1630
\BOOKMARK [1][-]{section.36.43}{\376\377\000H\000y\000p\000o\000t\000h\000e\000s\000i\000s\000\040\000H\0002\000:\000\040\000A\000r\000i\000t\000h\000m\000e\000t\000i\000c\000\040\000R\000e\000s\000o\000n\000a\000n\000c\000e}{chapter.36}% 1631
\BOOKMARK [1][-]{section.36.44}{\376\377\000H\000y\000p\000o\000t\000h\000e\000s\000i\000s\000\040\000H\0003\000:\000\040\000S\000p\000e\000c\000t\000r\000a\000l\000\040\000D\000u\000a\000l\000i\000t\000y}{chapter.36}% 1632
\BOOKMARK [1][-]{section.36.45}{\376\377\0001\0001\000.\000\040\000C\000o\000n\000c\000l\000u\000s\000i\000o\000n}{chapter.36}% 1633
\BOOKMARK [1][-]{section.36.46}{\376\377\000R\000e\000f\000e\000r\000e\000n\000c\000e\000s}{chapter.36}% 1634
\BOOKMARK [1][-]{section.36.47}{\376\377\000S\000c\000i\000e\000n\000t\000i\000f\000i\000c\000\040\000A\000m\000e\000r\000i\000c\000a\000n\000\040\000A\000r\000t\000i\000c\000l\000e}{chapter.36}% 1635
\BOOKMARK [1][-]{section.36.48}{\376\377\000H\000o\000w\000\040\000a\000n\000\040\000a\000n\000c\000i\000e\000n\000t\000\040\000g\000e\000o\000m\000e\000t\000r\000i\000c\000\040\000t\000r\000i\000c\000k\000\040\040\024\000\040\000w\000i\000t\000h\000\040\000a\000\040\000n\000e\000w\000\040\000t\000w\000i\000s\000t\000\040\040\024\000\040\000c\000o\000u\000l\000d\000\040\000t\000r\000a\000n\000s\000f\000o\000r\000m\000\040\000t\000h\000e\000\040\000w\000a\000y\000\040\000w\000e\000\040\000s\000o\000l\000v\000e\000\040\000h\000a\000r\000d\000\040\000p\000r\000o\000b\000l\000e\000m\000s}{chapter.36}% 1636
\BOOKMARK [1][-]{section.36.49}{\376\377\000T\000u\000r\000n\000i\000n\000g\000\040\000t\000h\000e\000\040\000W\000o\000r\000l\000d\000\040\000I\000n\000s\000i\000d\000e\000\040\000O\000u\000t}{chapter.36}% 1637
\BOOKMARK [1][-]{section.36.50}{\376\377\000N\000u\000m\000b\000e\000r\000i\000n\000g\000\040\000t\000h\000e\000\040\000P\000o\000l\000e\000s}{chapter.36}% 1638
\BOOKMARK [1][-]{section.36.51}{\376\377\000O\000n\000e\000\040\000P\000r\000o\000b\000l\000e\000m\000,\000\040\000M\000a\000n\000y\000\040\000F\000a\000c\000e\000s}{chapter.36}% 1639
\BOOKMARK [1][-]{section.36.52}{\376\377\000T\000h\000e\000\040\000D\000u\000a\000l\000\040\000U\000n\000i\000v\000e\000r\000s\000e}{chapter.36}% 1640
\BOOKMARK [1][-]{section.36.53}{\376\377\000C\000r\000y\000s\000t\000a\000l\000s\000\040\000o\000n\000\040\000t\000h\000e\000\040\000C\000i\000r\000c\000l\000e}{chapter.36}% 1641
\BOOKMARK [1][-]{section.36.54}{\376\377\000A\000p\000p\000l\000i\000c\000a\000t\000i\000o\000n\000s\000:\000\040\000F\000r\000o\000m\000\040\000C\000o\000d\000e\000s\000\040\000t\000o\000\040\000B\000r\000a\000i\000n\000s}{chapter.36}% 1642
\BOOKMARK [1][-]{section.36.55}{\376\377\000T\000h\000e\000\040\000B\000i\000g\000g\000e\000r\000\040\000P\000i\000c\000t\000u\000r\000e}{chapter.36}% 1643
\BOOKMARK [1][-]{section.36.56}{\376\377\000S\000i\000d\000e\000b\000a\000r\000:\000\040\000T\000r\000y\000\040\000I\000t\000\040\000Y\000o\000u\000r\000s\000e\000l\000f}{chapter.36}% 1644
\BOOKMARK [0][-]{chapter.37}{\376\377\000N\000-\000D\000i\000m\000e\000n\000s\000i\000o\000n\000a\000l\000\040\000S\000t\000e\000r\000e\000o\000g\000r\000a\000p\000h\000i\000c\000\040\000L\000a\000n\000d\000s\000c\000a\000p\000e\000s}{part.6}% 1645
\BOOKMARK [1][-]{section.37.1}{\376\377\000F\000i\000g\000u\000r\000e\000s}{chapter.37}% 1646
\BOOKMARK [1][-]{section.37.2}{\376\377\000R\000e\000s\000e\000a\000r\000c\000h\000\040\000P\000a\000p\000e\000r}{chapter.37}% 1647
\BOOKMARK [1][-]{section.37.3}{\376\377\000A\000b\000s\000t\000r\000a\000c\000t}{chapter.37}% 1648
\BOOKMARK [1][-]{section.37.4}{\376\377\0001\000.\000\040\000I\000n\000t\000r\000o\000d\000u\000c\000t\000i\000o\000n}{chapter.37}% 1649
\BOOKMARK [1][-]{section.37.5}{\376\377\0001\000.\0001\000\040\000T\000h\000e\000\040\000C\000e\000n\000t\000r\000a\000l\000\040\000O\000b\000j\000e\000c\000t}{chapter.37}% 1650
\BOOKMARK [1][-]{section.37.6}{\376\377\0001\000.\0002\000\040\000T\000h\000e\000s\000i\000s}{chapter.37}% 1651
\BOOKMARK [1][-]{section.37.7}{\376\377\0001\000.\0003\000\040\000M\000e\000t\000h\000o\000d\000o\000l\000o\000g\000y}{chapter.37}% 1652
\BOOKMARK [1][-]{section.37.8}{\376\377\0002\000.\000\040\000L\000a\000n\000d\000s\000c\000a\000p\000e\000\040\0001\000:\000\040\000C\000o\000n\000f\000o\000r\000m\000a\000l\000\040\000S\000t\000r\000u\000c\000t\000u\000r\000e\000\040\000a\000n\000d\000\040\000H\000a\000r\000m\000o\000n\000i\000c\000\040\000T\000r\000a\000n\000s\000p\000o\000r\000t}{chapter.37}% 1653
\BOOKMARK [1][-]{section.37.9}{\376\377\0002\000.\0001\000\040\000T\000h\000e\000\040\000C\000o\000n\000f\000o\000r\000m\000a\000l\000\040\000F\000a\000c\000t\000o\000r}{chapter.37}% 1654
\BOOKMARK [1][-]{section.37.10}{\376\377\0002\000.\0002\000\040\000T\000h\000e\000\040\000U\000n\000i\000t\000\040\000S\000p\000h\000e\000r\000e\000\040\000P\000r\000o\000p\000e\000r\000t\000y}{chapter.37}% 1655
\BOOKMARK [1][-]{section.37.11}{\376\377\0002\000.\0003\000\040\000L\000a\000p\000l\000a\000c\000i\000a\000n\000\040\000T\000r\000a\000n\000s\000p\000o\000r\000t\000\040\000a\000n\000d\000\040\000S\000p\000h\000e\000r\000i\000c\000a\000l\000\040\000H\000a\000r\000m\000o\000n\000i\000c\000s}{chapter.37}% 1656
\BOOKMARK [1][-]{section.37.12}{\376\377\0002\000.\0004\000\040\000V\000o\000l\000u\000m\000e\000\040\000D\000i\000s\000t\000o\000r\000t\000i\000o\000n\000\040\000b\000y\000\040\000D\000i\000m\000e\000n\000s\000i\000o\000n}{chapter.37}% 1657
\BOOKMARK [1][-]{section.37.13}{\376\377\0003\000.\000\040\000L\000a\000n\000d\000s\000c\000a\000p\000e\000\040\0002\000:\000\040\000T\000h\000e\000\040\000M\000\366\000b\000i\000u\000s\000\040\000G\000r\000o\000u\000p\000\040\000a\000n\000d\000\040\000K\000l\000e\000i\000n\000i\000a\000n\000\040\000F\000r\000a\000c\000t\000a\000l\000s}{chapter.37}% 1658
\BOOKMARK [1][-]{section.37.14}{\376\377\0003\000.\0001\000\040\000S\000p\000h\000e\000r\000e\000\040\000I\000n\000v\000e\000r\000s\000i\000o\000n\000\040\000a\000n\000d\000\040\000t\000h\000e\000\040\000M\000\366\000b\000i\000u\000s\000\040\000G\000r\000o\000u\000p}{chapter.37}% 1659
\BOOKMARK [1][-]{section.37.15}{\376\377\0003\000.\0002\000\040\000S\000c\000h\000o\000t\000t\000k\000y\000\040\000G\000r\000o\000u\000p\000s\000\040\000a\000n\000d\000\040\000F\000r\000a\000c\000t\000a\000l\000\040\000L\000i\000m\000i\000t\000\040\000S\000e\000t\000s}{chapter.37}% 1660
\BOOKMARK [1][-]{section.37.16}{\376\377\0003\000.\0003\000\040\000S\000L\000\050\0002\000\051\000\040\000a\000n\000d\000\040\000t\000h\000e\000\040\000M\000o\000d\000u\000l\000a\000r\000\040\000G\000r\000o\000u\000p}{chapter.37}% 1661
\BOOKMARK [1][-]{section.37.17}{\376\377\0004\000.\000\040\000L\000a\000n\000d\000s\000c\000a\000p\000e\000\040\0003\000:\000\040\000N\000u\000m\000b\000e\000r\000\040\000T\000h\000e\000o\000r\000y\000\040\000a\000n\000d\000\040\000P\000y\000t\000h\000a\000g\000o\000r\000e\000a\000n\000\040\000G\000e\000o\000m\000e\000t\000r\000y}{chapter.37}% 1662
\BOOKMARK [1][-]{section.37.18}{\376\377\0004\000.\0001\000\040\000T\000h\000e\000\040\000N\000-\000D\000i\000m\000e\000n\000s\000i\000o\000n\000a\000l\000\040\000P\000y\000t\000h\000a\000g\000o\000r\000e\000a\000n\000\040\000P\000a\000r\000a\000m\000e\000t\000r\000i\000z\000a\000t\000i\000o\000n}{chapter.37}% 1663
\BOOKMARK [1][-]{section.37.19}{\376\377\0004\000.\0002\000\040\000M\000u\000l\000t\000i\000p\000l\000i\000c\000a\000t\000i\000v\000i\000t\000y\000\040\000v\000i\000a\000\040\000D\000i\000v\000i\000s\000i\000o\000n\000\040\000A\000l\000g\000e\000b\000r\000a\000s}{chapter.37}% 1664
\BOOKMARK [1][-]{section.37.20}{\376\377\0004\000.\0003\000\040\000F\000o\000r\000d\000\040\000C\000i\000r\000c\000l\000e\000s\000\040\000a\000n\000d\000\040\000t\000h\000e\000\040\000F\000a\000r\000e\000y\000\040\000S\000e\000q\000u\000e\000n\000c\000e}{chapter.37}% 1665
\BOOKMARK [1][-]{section.37.21}{\376\377\0004\000.\0004\000\040\000C\000o\000n\000n\000e\000c\000t\000i\000o\000n\000\040\000t\000o\000\040\000S\000u\000m\000s\000\040\000o\000f\000\040\000S\000q\000u\000a\000r\000e\000s}{chapter.37}% 1666
\BOOKMARK [1][-]{section.37.22}{\376\377\0005\000.\000\040\000L\000a\000n\000d\000s\000c\000a\000p\000e\000\040\0004\000:\000\040\000H\000o\000p\000f\000\040\000F\000i\000b\000r\000a\000t\000i\000o\000n\000s\000\040\000T\000h\000r\000o\000u\000g\000h\000\040\000t\000h\000e\000\040\000S\000t\000e\000r\000e\000o\000g\000r\000a\000p\000h\000i\000c\000\040\000L\000e\000n\000s}{chapter.37}% 1667
\BOOKMARK [1][-]{section.37.23}{\376\377\0005\000.\0001\000\040\000T\000h\000e\000\040\000H\000o\000p\000f\000\040\000M\000a\000p\000\040\000a\000n\000d\000\040\000I\000t\000s\000\040\000S\000t\000e\000r\000e\000o\000g\000r\000a\000p\000h\000i\000c\000\040\000V\000i\000s\000u\000a\000l\000i\000z\000a\000t\000i\000o\000n}{chapter.37}% 1668
\BOOKMARK [1][-]{section.37.24}{\376\377\0005\000.\0002\000\040\000T\000h\000e\000\040\000Q\000u\000a\000t\000e\000r\000n\000i\000o\000n\000-\000H\000o\000p\000f\000\040\000C\000o\000n\000n\000e\000c\000t\000i\000o\000n}{chapter.37}% 1669
\BOOKMARK [1][-]{section.37.25}{\376\377\0005\000.\0003\000\040\000H\000i\000g\000h\000e\000r\000\040\000H\000o\000p\000f\000\040\000F\000i\000b\000r\000a\000t\000i\000o\000n\000s\000\040\000a\000n\000d\000\040\000D\000i\000v\000i\000s\000i\000o\000n\000\040\000A\000l\000g\000e\000b\000r\000a\000s}{chapter.37}% 1670
\BOOKMARK [1][-]{section.37.26}{\376\377\0006\000.\000\040\000L\000a\000n\000d\000s\000c\000a\000p\000e\000\040\0005\000:\000\040\000L\000o\000r\000e\000n\000t\000z\000i\000a\000n\000\040\000S\000t\000r\000u\000c\000t\000u\000r\000e\000\040\000a\000n\000d\000\040\000C\000o\000n\000f\000o\000r\000m\000a\000l\000\040\000F\000i\000e\000l\000d\000\040\000T\000h\000e\000o\000r\000y}{chapter.37}% 1671
\BOOKMARK [1][-]{section.37.27}{\376\377\0006\000.\0001\000\040\000T\000h\000e\000\040\000N\000u\000l\000l\000\040\000C\000o\000n\000e\000\040\000P\000r\000o\000p\000e\000r\000t\000y}{chapter.37}% 1672
\BOOKMARK [1][-]{section.37.28}{\376\377\0006\000.\0002\000\040\000T\000h\000e\000\040\000C\000o\000n\000f\000o\000r\000m\000a\000l\000-\000L\000o\000r\000e\000n\000t\000z\000\040\000I\000s\000o\000m\000o\000r\000p\000h\000i\000s\000m}{chapter.37}% 1673
\BOOKMARK [1][-]{section.37.29}{\376\377\0006\000.\0003\000\040\000C\000o\000n\000f\000o\000r\000m\000a\000l\000\040\000F\000i\000e\000l\000d\000\040\000T\000h\000e\000o\000r\000y\000\040\000v\000i\000a\000\040\000S\000t\000e\000r\000e\000o\000g\000r\000a\000p\000h\000i\000c\000\040\000C\000o\000o\000r\000d\000i\000n\000a\000t\000e\000s}{chapter.37}% 1674
\BOOKMARK [1][-]{section.37.30}{\376\377\0006\000.\0004\000\040\000P\000s\000e\000u\000d\000o\000-\000R\000i\000e\000m\000a\000n\000n\000i\000a\000n\000\040\000S\000t\000e\000r\000e\000o\000g\000r\000a\000p\000h\000y}{chapter.37}% 1675
\BOOKMARK [1][-]{section.37.31}{\376\377\0007\000.\000\040\000L\000a\000n\000d\000s\000c\000a\000p\000e\000\040\0006\000:\000\040\000A\000p\000o\000l\000l\000o\000n\000i\000a\000n\000\040\000P\000a\000c\000k\000i\000n\000g\000s\000\040\000i\000n\000\040\000N\000\040\000D\000i\000m\000e\000n\000s\000i\000o\000n\000s}{chapter.37}% 1676
\BOOKMARK [1][-]{section.37.32}{\376\377\0007\000.\0001\000\040\000T\000h\000e\000\040\000D\000e\000s\000c\000a\000r\000t\000e\000s\000\040\000C\000i\000r\000c\000l\000e\000\040\000T\000h\000e\000o\000r\000e\000m}{chapter.37}% 1677
\BOOKMARK [1][-]{section.37.33}{\376\377\0007\000.\0002\000\040\000I\000n\000t\000e\000g\000e\000r\000\040\000A\000p\000o\000l\000l\000o\000n\000i\000a\000n\000\040\000P\000a\000c\000k\000i\000n\000g\000s}{chapter.37}% 1678
\BOOKMARK [1][-]{section.37.34}{\376\377\0007\000.\0003\000\040\000T\000h\000e\000\040\000N\000-\000D\000i\000m\000e\000n\000s\000i\000o\000n\000a\000l\000\040\000S\000o\000d\000d\000y\000-\000G\000o\000s\000s\000e\000t\000t\000\040\000T\000h\000e\000o\000r\000e\000m}{chapter.37}% 1679
\BOOKMARK [1][-]{section.37.35}{\376\377\0007\000.\0004\000\040\000C\000o\000n\000n\000e\000c\000t\000i\000o\000n\000\040\000t\000o\000\040\000S\000t\000e\000r\000e\000o\000g\000r\000a\000p\000h\000i\000c\000\040\000P\000r\000o\000j\000e\000c\000t\000i\000o\000n}{chapter.37}% 1680
\BOOKMARK [1][-]{section.37.36}{\376\377\0008\000.\000\040\000C\000r\000o\000s\000s\000-\000L\000a\000n\000d\000s\000c\000a\000p\000e\000\040\000C\000o\000n\000n\000e\000c\000t\000i\000o\000n\000s}{chapter.37}% 1681
\BOOKMARK [1][-]{section.37.37}{\376\377\0008\000.\0001\000\040\000T\000h\000e\000\040\000A\000r\000i\000t\000h\000m\000e\000t\000i\000c\000\040\000o\000f\000\040\000S\000O\000\050\000N\000+\0001\000,\0001\000\051}{chapter.37}% 1682
\BOOKMARK [1][-]{section.37.38}{\376\377\0008\000.\0002\000\040\000T\000h\000e\000\040\000D\000i\000v\000i\000s\000i\000o\000n\000\040\000A\000l\000g\000e\000b\000r\000a\000\040\000N\000e\000x\000u\000s}{chapter.37}% 1683
\BOOKMARK [1][-]{section.37.39}{\376\377\0008\000.\0003\000\040\000T\000h\000e\000\040\000F\000o\000r\000d\000\040\000C\000i\000r\000c\000l\000e\000-\000A\000p\000o\000l\000l\000o\000n\000i\000a\000n\000\040\000B\000r\000i\000d\000g\000e}{chapter.37}% 1684
\BOOKMARK [1][-]{section.37.40}{\376\377\0009\000.\000\040\000C\000o\000m\000p\000u\000t\000a\000t\000i\000o\000n\000a\000l\000\040\000E\000x\000p\000e\000r\000i\000m\000e\000n\000t\000s}{chapter.37}% 1685
\BOOKMARK [1][-]{section.37.41}{\376\377\0009\000.\0001\000\040\000V\000i\000s\000u\000a\000l\000i\000z\000a\000t\000i\000o\000n\000\040\000C\000a\000t\000a\000l\000o\000g}{chapter.37}% 1686
\BOOKMARK [1][-]{section.37.42}{\376\377\0009\000.\0002\000\040\000K\000e\000y\000\040\000V\000i\000s\000u\000a\000l\000\040\000D\000i\000s\000c\000o\000v\000e\000r\000i\000e\000s}{chapter.37}% 1687
\BOOKMARK [1][-]{section.37.43}{\376\377\0001\0000\000.\000\040\000F\000o\000r\000m\000a\000l\000i\000z\000e\000d\000\040\000R\000e\000s\000u\000l\000t\000s}{chapter.37}% 1688
\BOOKMARK [1][-]{section.37.44}{\376\377\0001\0000\000.\0001\000\040\000S\000u\000m\000m\000a\000r\000y}{chapter.37}% 1689
\BOOKMARK [1][-]{section.37.45}{\376\377\0001\0000\000.\0002\000\040\000N\000o\000t\000a\000b\000l\000e\000\040\000P\000r\000o\000o\000f\000s}{chapter.37}% 1690
\BOOKMARK [1][-]{section.37.46}{\376\377\0001\0001\000.\000\040\000O\000p\000e\000n\000\040\000P\000r\000o\000b\000l\000e\000m\000s}{chapter.37}% 1691
\BOOKMARK [1][-]{section.37.47}{\376\377\000T\000i\000e\000r\000\040\0001\000:\000\040\000A\000p\000p\000r\000o\000a\000c\000h\000a\000b\000l\000e}{chapter.37}% 1692
\BOOKMARK [1][-]{section.37.48}{\376\377\000T\000i\000e\000r\000\040\0002\000:\000\040\000D\000e\000e\000p}{chapter.37}% 1693
\BOOKMARK [1][-]{section.37.49}{\376\377\000T\000i\000e\000r\000\040\0003\000:\000\040\000V\000i\000s\000i\000o\000n\000a\000r\000y}{chapter.37}% 1694
\BOOKMARK [1][-]{section.37.50}{\376\377\0001\0002\000.\000\040\000C\000o\000n\000c\000l\000u\000s\000i\000o\000n}{chapter.37}% 1695
\BOOKMARK [1][-]{section.37.51}{\376\377\000R\000e\000f\000e\000r\000e\000n\000c\000e\000s}{chapter.37}% 1696
\BOOKMARK [1][-]{section.37.52}{\376\377\000S\000c\000i\000e\000n\000t\000i\000f\000i\000c\000\040\000A\000m\000e\000r\000i\000c\000a\000n\000\040\000A\000r\000t\000i\000c\000l\000e}{chapter.37}% 1697
\BOOKMARK [1][-]{section.37.53}{\376\377\000H\000o\000w\000\040\000a\000\040\0002\000,\0000\0000\0000\000-\000Y\000e\000a\000r\000-\000O\000l\000d\000\040\000P\000r\000o\000j\000e\000c\000t\000i\000o\000n\000\040\000R\000e\000v\000e\000a\000l\000s\000\040\000H\000i\000d\000d\000e\000n\000\040\000B\000r\000i\000d\000g\000e\000s\000\040\000A\000c\000r\000o\000s\000s\000\040\000M\000a\000t\000h\000e\000m\000a\000t\000i\000c\000s}{chapter.37}% 1698
\BOOKMARK [1][-]{section.37.54}{\376\377\000A\000\040\000M\000a\000p\000\040\000w\000i\000t\000h\000\040\000a\000\040\000S\000u\000p\000e\000r\000p\000o\000w\000e\000r}{chapter.37}% 1699
\BOOKMARK [1][-]{section.37.55}{\376\377\000T\000h\000e\000\040\000F\000o\000r\000m\000u\000l\000a}{chapter.37}% 1700
\BOOKMARK [1][-]{section.37.56}{\376\377\000W\000o\000r\000l\000d\000\040\0001\000:\000\040\000T\000h\000e\000\040\000N\000u\000m\000b\000e\000r\000\040\000T\000h\000e\000o\000r\000y\000\040\000S\000u\000r\000p\000r\000i\000s\000e}{chapter.37}% 1701
\BOOKMARK [1][-]{section.37.57}{\376\377\000W\000o\000r\000l\000d\000\040\0002\000:\000\040\000C\000i\000r\000c\000l\000e\000s\000\040\000A\000l\000l\000\040\000t\000h\000e\000\040\000W\000a\000y\000\040\000D\000o\000w\000n}{chapter.37}% 1702
\BOOKMARK [1][-]{section.37.58}{\376\377\000W\000o\000r\000l\000d\000\040\0003\000:\000\040\000T\000h\000e\000\040\000M\000o\000s\000t\000\040\000B\000e\000a\000u\000t\000i\000f\000u\000l\000\040\000M\000a\000p\000\040\000i\000n\000\040\000M\000a\000t\000h\000e\000m\000a\000t\000i\000c\000s}{chapter.37}% 1703
\BOOKMARK [1][-]{section.37.59}{\376\377\000W\000o\000r\000l\000d\000\040\0004\000:\000\040\000S\000p\000a\000c\000e\000t\000i\000m\000e\000\040\000a\000n\000d\000\040\000L\000i\000g\000h\000t\000\040\000C\000o\000n\000e\000s}{chapter.37}% 1704
\BOOKMARK [1][-]{section.37.60}{\376\377\000W\000o\000r\000l\000d\000\040\0005\000:\000\040\000T\000h\000e\000\040\000F\000r\000a\000c\000t\000a\000l\000\040\000F\000a\000c\000t\000o\000r\000y}{chapter.37}% 1705
\BOOKMARK [1][-]{section.37.61}{\376\377\000W\000o\000r\000l\000d\000\040\0006\000:\000\040\000T\000h\000e\000\040\000G\000r\000a\000n\000d\000\040\000S\000y\000n\000t\000h\000e\000s\000i\000s}{chapter.37}% 1706
\BOOKMARK [1][-]{section.37.62}{\376\377\000P\000r\000o\000v\000i\000n\000g\000\040\000I\000t\000\040\000w\000i\000t\000h\000\040\000M\000a\000c\000h\000i\000n\000e\000s}{chapter.37}% 1707
\BOOKMARK [1][-]{section.37.63}{\376\377\000W\000h\000a\000t\000'\000s\000\040\000N\000e\000x\000t\000?}{chapter.37}% 1708
\BOOKMARK [1][-]{section.37.64}{\376\377\000A\000n\000\040\000A\000n\000c\000i\000e\000n\000t\000\040\000B\000r\000i\000d\000g\000e}{chapter.37}% 1709
\BOOKMARK [0][-]{chapter.38}{\376\377\000N\000e\000w\000\040\000S\000t\000e\000r\000e\000o\000g\000r\000a\000p\000h\000i\000c\000\040\000L\000a\000n\000d\000s\000c\000a\000p\000e\000s}{part.6}% 1710
\BOOKMARK [1][-]{section.38.1}{\376\377\000F\000i\000g\000u\000r\000e\000s}{chapter.38}% 1711
\BOOKMARK [1][-]{section.38.2}{\376\377\000R\000e\000s\000e\000a\000r\000c\000h\000\040\000P\000a\000p\000e\000r}{chapter.38}% 1712
\BOOKMARK [1][-]{section.38.3}{\376\377\000A\000b\000s\000t\000r\000a\000c\000t}{chapter.38}% 1713
\BOOKMARK [1][-]{section.38.4}{\376\377\0001\000.\000\040\000I\000n\000t\000r\000o\000d\000u\000c\000t\000i\000o\000n}{chapter.38}% 1714
\BOOKMARK [1][-]{section.38.5}{\376\377\0001\000.\0001\000\040\000M\000o\000t\000i\000v\000a\000t\000i\000o\000n}{chapter.38}% 1715
\BOOKMARK [1][-]{section.38.6}{\376\377\0001\000.\0002\000\040\000T\000h\000e\000\040\000O\000r\000a\000c\000l\000e\000\040\000M\000e\000t\000h\000o\000d\000o\000l\000o\000g\000y}{chapter.38}% 1716
\BOOKMARK [1][-]{section.38.7}{\376\377\0001\000.\0003\000\040\000S\000u\000m\000m\000a\000r\000y\000\040\000o\000f\000\040\000R\000e\000s\000u\000l\000t\000s}{chapter.38}% 1717
\BOOKMARK [1][-]{section.38.8}{\376\377\0002\000.\000\040\000L\000a\000n\000d\000s\000c\000a\000p\000e\000\040\0001\000:\000\040\000S\000t\000e\000r\000e\000o\000g\000r\000a\000p\000h\000i\000c\000\040\000D\000y\000n\000a\000m\000i\000c\000s}{chapter.38}% 1718
\BOOKMARK [1][-]{section.38.9}{\376\377\0002\000.\0001\000\040\000T\000h\000e\000\040\000C\000o\000n\000j\000u\000g\000a\000t\000i\000o\000n\000\040\000P\000r\000i\000n\000c\000i\000p\000l\000e}{chapter.38}% 1719
\BOOKMARK [1][-]{section.38.10}{\376\377\0002\000.\0002\000\040\000J\000u\000l\000i\000a\000\040\000S\000e\000t\000s\000\040\000o\000n\000\040\000t\000h\000e\000\040\000S\000p\000h\000e\000r\000e}{chapter.38}% 1720
\BOOKMARK [1][-]{section.38.11}{\376\377\0002\000.\0003\000\040\000L\000y\000a\000p\000u\000n\000o\000v\000\040\000E\000x\000p\000o\000n\000e\000n\000t\000\040\000C\000o\000r\000r\000e\000c\000t\000i\000o\000n}{chapter.38}% 1721
\BOOKMARK [1][-]{section.38.12}{\376\377\0002\000.\0004\000\040\000S\000p\000h\000e\000r\000i\000c\000a\000l\000\040\000H\000\351\000n\000o\000n\000\040\000M\000a\000p\000s}{chapter.38}% 1722
\BOOKMARK [1][-]{section.38.13}{\376\377\0003\000.\000\040\000L\000a\000n\000d\000s\000c\000a\000p\000e\000\040\0002\000:\000\040\000T\000h\000e\000\040\000F\000i\000s\000h\000e\000r\000\040\000S\000p\000h\000e\000r\000e\000\040\000\050\000I\000n\000f\000o\000r\000m\000a\000t\000i\000o\000n\000\040\000G\000e\000o\000m\000e\000t\000r\000y\000\051}{chapter.38}% 1723
\BOOKMARK [1][-]{section.38.14}{\376\377\0003\000.\0001\000\040\000S\000t\000a\000t\000i\000s\000t\000i\000c\000a\000l\000\040\000M\000a\000n\000i\000f\000o\000l\000d\000s\000\040\000a\000n\000d\000\040\000-\0001}{chapter.38}% 1724
\BOOKMARK [1][-]{section.38.15}{\376\377\0003\000.\0002\000\040\000T\000h\000e\000\040\000N\000o\000r\000m\000a\000l\000\040\000D\000i\000s\000t\000r\000i\000b\000u\000t\000i\000o\000n\000\040\000F\000a\000m\000i\000l\000y}{chapter.38}% 1725
\BOOKMARK [1][-]{section.38.16}{\376\377\0003\000.\0003\000\040\000B\000a\000y\000e\000s\000i\000a\000n\000\040\000U\000p\000d\000a\000t\000i\000n\000g\000\040\000a\000s\000\040\000G\000e\000o\000d\000e\000s\000i\000c\000\040\000F\000l\000o\000w}{chapter.38}% 1726
\BOOKMARK [1][-]{section.38.17}{\376\377\0003\000.\0004\000\040\000D\000i\000v\000e\000r\000g\000e\000n\000c\000e\000\040\000o\000n\000\040\000t\000h\000e\000\040\000F\000i\000s\000h\000e\000r\000\040\000S\000p\000h\000e\000r\000e}{chapter.38}% 1727
\BOOKMARK [1][-]{section.38.18}{\376\377\0004\000.\000\040\000L\000a\000n\000d\000s\000c\000a\000p\000e\000\040\0003\000:\000\040\000Q\000u\000a\000n\000t\000u\000m\000\040\000S\000t\000a\000t\000e\000\040\000G\000e\000o\000m\000e\000t\000r\000y}{chapter.38}% 1728
\BOOKMARK [1][-]{section.38.19}{\376\377\0004\000.\0001\000\040\000T\000h\000e\000\040\000B\000l\000o\000c\000h\000\040\000S\000p\000h\000e\000r\000e\000\040\000a\000s\000\040\000S\000t\000e\000r\000e\000o\000g\000r\000a\000p\000h\000i\000c\000\040\000P\000r\000o\000j\000e\000c\000t\000i\000o\000n}{chapter.38}% 1729
\BOOKMARK [1][-]{section.38.20}{\376\377\0004\000.\0002\000\040\000M\000u\000l\000t\000i\000-\000Q\000u\000b\000i\000t\000\040\000G\000e\000o\000m\000e\000t\000r\000y}{chapter.38}% 1730
\BOOKMARK [1][-]{section.38.21}{\376\377\0004\000.\0003\000\040\000Q\000u\000a\000n\000t\000u\000m\000\040\000C\000h\000a\000o\000s\000\040\000=\000\040\000D\000y\000n\000a\000m\000i\000c\000a\000l\000\040\000C\000h\000a\000o\000s\000\040\000o\000n\000\040\000S\0002}{chapter.38}% 1731
\BOOKMARK [1][-]{section.38.22}{\376\377\0005\000.\000\040\000L\000a\000n\000d\000s\000c\000a\000p\000e\000\040\0004\000:\000\040\000S\000t\000e\000r\000e\000o\000g\000r\000a\000p\000h\000i\000c\000\040\000K\000n\000o\000t\000\040\000T\000h\000e\000o\000r\000y}{chapter.38}% 1732
\BOOKMARK [1][-]{section.38.23}{\376\377\0005\000.\0001\000\040\000K\000n\000o\000t\000s\000\040\000i\000n\000\040\000S\0003\000\040\000a\000n\000d\000\040\000T\000h\000e\000i\000r\000\040\000S\000t\000e\000r\000e\000o\000g\000r\000a\000p\000h\000i\000c\000\040\000S\000h\000a\000d\000o\000w\000s}{chapter.38}% 1733
\BOOKMARK [1][-]{section.38.24}{\376\377\0005\000.\0002\000\040\000T\000h\000e\000\040\000S\000p\000a\000c\000e\000\040\000o\000f\000\040\000G\000o\000o\000d\000\040\000P\000r\000o\000j\000e\000c\000t\000i\000o\000n\000s}{chapter.38}% 1734
\BOOKMARK [1][-]{section.38.25}{\376\377\0005\000.\0003\000\040\000T\000o\000r\000u\000s\000\040\000K\000n\000o\000t\000s\000\040\000a\000s\000\040\000A\000l\000g\000e\000b\000r\000a\000i\000c\000\040\000C\000u\000r\000v\000e\000s}{chapter.38}% 1735
\BOOKMARK [1][-]{section.38.26}{\376\377\0005\000.\0004\000\040\000C\000o\000n\000n\000e\000c\000t\000i\000o\000n\000\040\000t\000o\000\040\000D\000y\000n\000a\000m\000i\000c\000s}{chapter.38}% 1736
\BOOKMARK [1][-]{section.38.27}{\376\377\0006\000.\000\040\000L\000a\000n\000d\000s\000c\000a\000p\000e\000\040\0005\000:\000\040\000S\000p\000e\000c\000t\000r\000a\000l\000\040\000G\000e\000o\000m\000e\000t\000r\000y\000\040\000T\000h\000r\000o\000u\000g\000h\000\040\000t\000h\000e\000\040\000S\000t\000e\000r\000e\000o\000g\000r\000a\000p\000h\000i\000c\000\040\000B\000r\000i\000d\000g\000e}{chapter.38}% 1737
\BOOKMARK [1][-]{section.38.28}{\376\377\0006\000.\0001\000\040\000E\000i\000g\000e\000n\000v\000a\000l\000u\000e\000\040\000T\000r\000a\000n\000s\000p\000o\000r\000t}{chapter.38}% 1738
\BOOKMARK [1][-]{section.38.29}{\376\377\0006\000.\0002\000\040\000S\000p\000h\000e\000r\000i\000c\000a\000l\000\040\000H\000a\000r\000m\000o\000n\000i\000c\000s\000\040\000a\000s\000\040\000R\000a\000t\000i\000o\000n\000a\000l\000\040\000F\000u\000n\000c\000t\000i\000o\000n\000s}{chapter.38}% 1739
\BOOKMARK [1][-]{section.38.30}{\376\377\0006\000.\0003\000\040\000H\000e\000a\000t\000\040\000K\000e\000r\000n\000e\000l\000\040\000T\000r\000a\000n\000s\000p\000o\000r\000t}{chapter.38}% 1740
\BOOKMARK [1][-]{section.38.31}{\376\377\0006\000.\0004\000\040\000S\000p\000e\000c\000t\000r\000a\000l\000\040\000Z\000e\000t\000a\000\040\000F\000u\000n\000c\000t\000i\000o\000n}{chapter.38}% 1741
\BOOKMARK [1][-]{section.38.32}{\376\377\0007\000.\000\040\000L\000a\000n\000d\000s\000c\000a\000p\000e\000\040\0006\000:\000\040\000T\000h\000e\000\040\000M\000a\000n\000d\000e\000l\000b\000r\000o\000t\000\040\000S\000p\000h\000e\000r\000e\000\040\000a\000n\000d\000\040\000S\000p\000h\000e\000r\000i\000c\000a\000l\000\040\000F\000r\000a\000c\000t\000a\000l\000s}{chapter.38}% 1742
\BOOKMARK [1][-]{section.38.33}{\376\377\0007\000.\0001\000\040\000J\000u\000l\000i\000a\000\040\000S\000e\000t\000s\000\040\000o\000n\000\040\000S\0002}{chapter.38}% 1743
\BOOKMARK [1][-]{section.38.34}{\376\377\0007\000.\0002\000\040\000T\000h\000e\000\040\000S\000p\000h\000e\000r\000i\000c\000a\000l\000\040\000M\000a\000n\000d\000e\000l\000b\000r\000o\000t\000\040\000S\000e\000t}{chapter.38}% 1744
\BOOKMARK [1][-]{section.38.35}{\376\377\0007\000.\0003\000\040\000H\000a\000u\000s\000d\000o\000r\000f\000f\000\040\000D\000i\000m\000e\000n\000s\000i\000o\000n}{chapter.38}% 1745
\BOOKMARK [1][-]{section.38.36}{\376\377\0007\000.\0004\000\040\000Q\000u\000a\000t\000e\000r\000n\000i\000o\000n\000i\000c\000\040\000E\000x\000t\000e\000n\000s\000i\000o\000n}{chapter.38}% 1746
\BOOKMARK [1][-]{section.38.37}{\376\377\0008\000.\000\040\000T\000h\000e\000\040\000G\000r\000a\000n\000d\000\040\000U\000n\000i\000f\000i\000c\000a\000t\000i\000o\000n\000:\000\040\000T\000h\000e\000\040\000C\000o\000n\000f\000o\000r\000m\000a\000l\000\040\000G\000r\000o\000u\000p}{chapter.38}% 1747
\BOOKMARK [1][-]{section.38.38}{\376\377\0008\000.\0001\000\040\000T\000h\000e\000\040\000C\000e\000n\000t\000r\000a\000l\000\040\000S\000t\000r\000u\000c\000t\000u\000r\000e}{chapter.38}% 1748
\BOOKMARK [1][-]{section.38.39}{\376\377\0008\000.\0002\000\040\000H\000o\000w\000\040\000E\000a\000c\000h\000\040\000L\000a\000n\000d\000s\000c\000a\000p\000e\000\040\000S\000e\000e\000s\000\040\000t\000h\000e\000\040\000C\000o\000n\000f\000o\000r\000m\000a\000l\000\040\000G\000r\000o\000u\000p}{chapter.38}% 1749
\BOOKMARK [1][-]{section.38.40}{\376\377\0008\000.\0003\000\040\000C\000r\000o\000s\000s\000-\000L\000a\000n\000d\000s\000c\000a\000p\000e\000\040\000C\000o\000n\000n\000e\000c\000t\000i\000o\000n\000s}{chapter.38}% 1750
\BOOKMARK [1][-]{section.38.41}{\376\377\0009\000.\000\040\000O\000p\000e\000n\000\040\000P\000r\000o\000b\000l\000e\000m\000s}{chapter.38}% 1751
\BOOKMARK [1][-]{section.38.42}{\376\377\0001\0000\000.\000\040\000C\000o\000n\000c\000l\000u\000s\000i\000o\000n\000s}{chapter.38}% 1752
\BOOKMARK [1][-]{section.38.43}{\376\377\000R\000e\000f\000e\000r\000e\000n\000c\000e\000s}{chapter.38}% 1753
\BOOKMARK [1][-]{section.38.44}{\376\377\000S\000c\000i\000e\000n\000t\000i\000f\000i\000c\000\040\000A\000m\000e\000r\000i\000c\000a\000n\000\040\000A\000r\000t\000i\000c\000l\000e}{chapter.38}% 1754
\BOOKMARK [1][-]{section.38.45}{\376\377\000A\000n\000\040\000a\000n\000c\000i\000e\000n\000t\000\040\000m\000a\000p\000-\000m\000a\000k\000i\000n\000g\000\040\000t\000r\000i\000c\000k\000\040\000r\000e\000v\000e\000a\000l\000s\000\040\000h\000i\000d\000d\000e\000n\000\040\000c\000o\000n\000n\000e\000c\000t\000i\000o\000n\000s\000\040\000b\000e\000t\000w\000e\000e\000n\000\040\000c\000h\000a\000o\000s\000,\000\040\000q\000u\000a\000n\000t\000u\000m\000\040\000p\000h\000y\000s\000i\000c\000s\000,\000\040\000k\000n\000o\000t\000s\000,\000\040\000s\000t\000a\000t\000i\000s\000t\000i\000c\000s\000,\000\040\000s\000o\000u\000n\000d\000,\000\040\000a\000n\000d\000\040\000f\000r\000a\000c\000t\000a\000l\000s}{chapter.38}% 1755
\BOOKMARK [1][-]{section.38.46}{\376\377\000T\000h\000e\000\040\000M\000a\000p\000\040\000T\000h\000a\000t\000\040\000C\000h\000a\000n\000g\000e\000d\000\040\000E\000v\000e\000r\000y\000t\000h\000i\000n\000g}{chapter.38}% 1756
\BOOKMARK [1][-]{section.38.47}{\376\377\000W\000o\000r\000l\000d\000\040\0001\000:\000\040\000W\000h\000e\000r\000e\000\040\000C\000h\000a\000o\000s\000\040\000M\000e\000e\000t\000s\000\040\000t\000h\000e\000\040\000S\000p\000h\000e\000r\000e}{chapter.38}% 1757
\BOOKMARK [1][-]{section.38.48}{\376\377\000W\000o\000r\000l\000d\000\040\0002\000:\000\040\000P\000r\000o\000b\000a\000b\000i\000l\000i\000t\000y\000\040\000H\000a\000s\000\040\000a\000\040\000S\000h\000a\000p\000e}{chapter.38}% 1758
\BOOKMARK [1][-]{section.38.49}{\376\377\000W\000o\000r\000l\000d\000\040\0003\000:\000\040\000Q\000u\000a\000n\000t\000u\000m\000\040\000G\000a\000t\000e\000s\000\040\000A\000r\000e\000\040\000G\000e\000o\000m\000e\000t\000r\000i\000c\000\040\000T\000r\000a\000n\000s\000f\000o\000r\000m\000a\000t\000i\000o\000n\000s}{chapter.38}% 1759
\BOOKMARK [1][-]{section.38.50}{\376\377\000W\000o\000r\000l\000d\000\040\0004\000:\000\040\000K\000n\000o\000t\000s\000\040\000T\000h\000r\000o\000u\000g\000h\000\040\000a\000\040\000L\000o\000o\000k\000i\000n\000g\000\040\000G\000l\000a\000s\000s}{chapter.38}% 1760
\BOOKMARK [1][-]{section.38.51}{\376\377\000W\000o\000r\000l\000d\000\040\0005\000:\000\040\000T\000h\000e\000\040\000S\000o\000u\000n\000d\000\040\000o\000f\000\040\000t\000h\000e\000\040\000S\000p\000h\000e\000r\000e}{chapter.38}% 1761
\BOOKMARK [1][-]{section.38.52}{\376\377\000W\000o\000r\000l\000d\000\040\0006\000:\000\040\000T\000h\000e\000\040\000M\000a\000n\000d\000e\000l\000b\000r\000o\000t\000\040\000S\000e\000t\000\040\000G\000e\000t\000s\000\040\000a\000\040\000H\000o\000m\000e}{chapter.38}% 1762
\BOOKMARK [1][-]{section.38.53}{\376\377\000T\000h\000e\000\040\000U\000n\000i\000f\000i\000c\000a\000t\000i\000o\000n\000:\000\040\000O\000n\000e\000\040\000G\000r\000o\000u\000p\000\040\000t\000o\000\040\000R\000u\000l\000e\000\040\000T\000h\000e\000m\000\040\000A\000l\000l}{chapter.38}% 1763
\BOOKMARK [1][-]{section.38.54}{\376\377\000W\000h\000a\000t\000\040\000C\000o\000m\000e\000s\000\040\000N\000e\000x\000t}{chapter.38}% 1764
\BOOKMARK [1][-]{section.38.55}{\376\377\000S\000i\000d\000e\000b\000a\000r\000:\000\040\000T\000r\000y\000\040\000I\000t\000\040\000Y\000o\000u\000r\000s\000e\000l\000f}{chapter.38}% 1765
\BOOKMARK [1][-]{section.38.56}{\376\377\000S\000i\000d\000e\000b\000a\000r\000:\000\040\000T\000h\000e\000\040\000S\000i\000x\000\040\000W\000o\000r\000l\000d\000s\000\040\000a\000t\000\040\000a\000\040\000G\000l\000a\000n\000c\000e}{chapter.38}% 1766
\BOOKMARK [0][-]{chapter.39}{\376\377\000U\000n\000i\000f\000i\000e\000d\000\040\000S\000t\000e\000r\000e\000o\000g\000r\000a\000p\000h\000i\000c\000\040\000T\000h\000e\000o\000r\000y}{part.6}% 1767
\BOOKMARK [1][-]{section.39.1}{\376\377\000R\000e\000s\000e\000a\000r\000c\000h\000\040\000P\000a\000p\000e\000r}{chapter.39}% 1768
\BOOKMARK [1][-]{section.39.2}{\376\377\0001\000.\000\040\000I\000n\000t\000r\000o\000d\000u\000c\000t\000i\000o\000n}{chapter.39}% 1769
\BOOKMARK [1][-]{section.39.3}{\376\377\0002\000.\000\040\000T\000h\000e\000\040\000M\000i\000r\000r\000o\000r\000:\000\040\000I\000n\000v\000o\000l\000u\000t\000i\000o\000n\000s\000\040\000a\000n\000d\000\040\000S\000e\000l\000f\000-\000R\000e\000f\000l\000e\000c\000t\000i\000o\000n}{chapter.39}% 1770
\BOOKMARK [1][-]{section.39.4}{\376\377\0002\000.\0001\000\040\000T\000h\000e\000\040\000C\000a\000n\000o\000n\000i\000c\000a\000l\000\040\000M\000i\000r\000r\000o\000r}{chapter.39}% 1771
\BOOKMARK [1][-]{section.39.5}{\376\377\0002\000.\0002\000\040\000P\000o\000l\000e\000\040\000M\000a\000p\000s}{chapter.39}% 1772
\BOOKMARK [1][-]{section.39.6}{\376\377\0002\000.\0003\000\040\000F\000i\000x\000e\000d\000\040\000P\000o\000i\000n\000t\000s\000:\000\040\000W\000h\000e\000r\000e\000\040\000L\000i\000g\000h\000t\000\040\000R\000e\000s\000t\000s}{chapter.39}% 1773
\BOOKMARK [1][-]{section.39.7}{\376\377\0003\000.\000\040\000H\000e\000a\000v\000e\000n\000\040\000a\000n\000d\000\040\000H\000e\000l\000l\000:\000\040\000T\000h\000e\000\040\000P\000o\000l\000e\000s\000\040\000o\000f\000\040\000I\000n\000f\000i\000n\000i\000t\000y}{chapter.39}% 1774
\BOOKMARK [1][-]{section.39.8}{\376\377\0003\000.\0001\000\040\000T\000h\000e\000\040\000U\000n\000i\000v\000e\000r\000s\000a\000l\000\040\000D\000e\000c\000o\000d\000e\000r}{chapter.39}% 1775
\BOOKMARK [1][-]{section.39.9}{\376\377\0003\000.\0002\000\040\000T\000h\000e\000\040\000G\000e\000o\000g\000r\000a\000p\000h\000y\000\040\000o\000f\000\040\000t\000h\000e\000\040\000C\000i\000r\000c\000l\000e}{chapter.39}% 1776
\BOOKMARK [1][-]{section.39.10}{\376\377\0003\000.\0003\000\040\000T\000h\000e\000\040\000D\000e\000s\000c\000e\000n\000t\000\040\000t\000o\000\040\000H\000e\000l\000l}{chapter.39}% 1777
\BOOKMARK [1][-]{section.39.11}{\376\377\0004\000.\000\040\000L\000i\000g\000h\000t\000\040\000C\000o\000n\000n\000e\000c\000t\000s\000\040\000F\000i\000x\000e\000d\000\040\000P\000o\000i\000n\000t\000s}{chapter.39}% 1778
\BOOKMARK [1][-]{section.39.12}{\376\377\0004\000.\0001\000\040\000T\000h\000e\000\040\000D\000i\000s\000c\000r\000i\000m\000i\000n\000a\000n\000t\000\040\000C\000l\000a\000s\000s\000i\000f\000i\000c\000a\000t\000i\000o\000n}{chapter.39}% 1779
\BOOKMARK [1][-]{section.39.13}{\376\377\0004\000.\0002\000\040\000T\000h\000e\000\040\000C\000r\000o\000s\000s\000-\000R\000a\000t\000i\000o\000:\000\040\000T\000h\000e\000\040\000I\000n\000v\000a\000r\000i\000a\000n\000t\000\040\000o\000f\000\040\000L\000i\000g\000h\000t}{chapter.39}% 1780
\BOOKMARK [1][-]{section.39.14}{\376\377\0005\000.\000\040\000T\000h\000e\000\040\000G\000r\000a\000n\000d\000\040\000S\000y\000n\000t\000h\000e\000s\000i\000s}{chapter.39}% 1781
\BOOKMARK [1][-]{section.39.15}{\376\377\0005\000.\0001\000\040\000T\000h\000e\000\040\000G\000r\000o\000u\000p\000o\000i\000d\000\040\000o\000f\000\040\000P\000o\000l\000e\000s}{chapter.39}% 1782
\BOOKMARK [1][-]{section.39.16}{\376\377\0005\000.\0002\000\040\000T\000h\000e\000\040\000C\000o\000n\000f\000o\000r\000m\000a\000l\000\040\000P\000r\000o\000p\000e\000r\000t\000y}{chapter.39}% 1783
\BOOKMARK [1][-]{section.39.17}{\376\377\0005\000.\0003\000\040\000G\000a\000u\000s\000s\000i\000a\000n\000\040\000I\000n\000t\000e\000g\000e\000r\000s\000\040\000a\000n\000d\000\040\000P\000y\000t\000h\000a\000g\000o\000r\000e\000a\000n\000\040\000T\000r\000i\000p\000l\000e\000s}{chapter.39}% 1784
\BOOKMARK [1][-]{section.39.18}{\376\377\0005\000.\0004\000\040\000T\000h\000e\000\040\000U\000n\000i\000v\000e\000r\000s\000a\000l\000\040\000D\000e\000n\000o\000m\000i\000n\000a\000t\000o\000r}{chapter.39}% 1785
\BOOKMARK [1][-]{section.39.19}{\376\377\0006\000.\000\040\000C\000o\000n\000c\000l\000u\000s\000i\000o\000n\000:\000\040\000T\000h\000e\000\040\000C\000i\000r\000c\000l\000e\000\040\000W\000a\000s\000\040\000A\000l\000w\000a\000y\000s\000\040\000T\000h\000e\000r\000e}{chapter.39}% 1786
\BOOKMARK [1][-]{section.39.20}{\376\377\000F\000u\000t\000u\000r\000e\000\040\000D\000i\000r\000e\000c\000t\000i\000o\000n\000s}{chapter.39}% 1787
\BOOKMARK [1][-]{section.39.21}{\376\377\000R\000e\000f\000e\000r\000e\000n\000c\000e\000s}{chapter.39}% 1788
\BOOKMARK [1][-]{section.39.22}{\376\377\000S\000c\000i\000e\000n\000t\000i\000f\000i\000c\000\040\000A\000m\000e\000r\000i\000c\000a\000n\000\040\000A\000r\000t\000i\000c\000l\000e}{chapter.39}% 1789
\BOOKMARK [1][-]{section.39.23}{\376\377\000T\000h\000e\000\040\000U\000n\000i\000v\000e\000r\000s\000a\000l\000\040\000D\000e\000c\000o\000d\000e\000r}{chapter.39}% 1790
\BOOKMARK [1][-]{section.39.24}{\376\377\000L\000o\000o\000k\000i\000n\000g\000\040\000i\000n\000\040\000t\000h\000e\000\040\000M\000i\000r\000r\000o\000r}{chapter.39}% 1791
\BOOKMARK [1][-]{section.39.25}{\376\377\000H\000e\000a\000v\000e\000n\000,\000\040\000H\000e\000l\000l\000,\000\040\000a\000n\000d\000\040\000t\000h\000e\000\040\000P\000o\000i\000n\000t\000\040\000a\000t\000\040\000I\000n\000f\000i\000n\000i\000t\000y}{chapter.39}% 1792
\BOOKMARK [1][-]{section.39.26}{\376\377\000W\000h\000e\000r\000e\000\040\000L\000i\000g\000h\000t\000\040\000R\000e\000s\000t\000s\000:\000\040\000F\000i\000x\000e\000d\000\040\000P\000o\000i\000n\000t\000s}{chapter.39}% 1793
\BOOKMARK [1][-]{section.39.27}{\376\377\000T\000h\000e\000\040\000C\000r\000o\000s\000s\000-\000R\000a\000t\000i\000o\000:\000\040\000W\000h\000a\000t\000\040\000L\000i\000g\000h\000t\000\040\000P\000r\000e\000s\000e\000r\000v\000e\000s}{chapter.39}% 1794
\BOOKMARK [1][-]{section.39.28}{\376\377\000T\000h\000e\000\040\000G\000r\000a\000n\000d\000\040\000S\000y\000n\000t\000h\000e\000s\000i\000s\000:\000\040\000O\000n\000e\000\040\000F\000o\000r\000m\000u\000l\000a\000,\000\040\000A\000l\000l\000\040\000o\000f\000\040\000M\000a\000t\000h\000e\000m\000a\000t\000i\000c\000s}{chapter.39}% 1795
\BOOKMARK [1][-]{section.39.29}{\376\377\000T\000h\000e\000\040\000P\000y\000t\000h\000a\000g\000o\000r\000e\000a\000n\000\040\000C\000o\000n\000n\000e\000c\000t\000i\000o\000n}{chapter.39}% 1796
\BOOKMARK [1][-]{section.39.30}{\376\377\000M\000a\000c\000h\000i\000n\000e\000-\000V\000e\000r\000i\000f\000i\000e\000d\000\040\000T\000r\000u\000t\000h}{chapter.39}% 1797
\BOOKMARK [1][-]{section.39.31}{\376\377\000T\000h\000e\000\040\000C\000i\000r\000c\000l\000e\000\040\000W\000a\000s\000\040\000A\000l\000w\000a\000y\000s\000\040\000T\000h\000e\000r\000e}{chapter.39}% 1798
\BOOKMARK [0][-]{chapter.40}{\376\377\000U\000n\000i\000f\000i\000e\000d\000\040\000L\000i\000g\000h\000t\000\040\000T\000h\000e\000o\000r\000y}{part.6}% 1799
\BOOKMARK [1][-]{section.40.1}{\376\377\000R\000e\000s\000e\000a\000r\000c\000h\000\040\000P\000a\000p\000e\000r}{chapter.40}% 1800
\BOOKMARK [1][-]{section.40.2}{\376\377\000A\000u\000t\000h\000o\000r\000s}{chapter.40}% 1801
\BOOKMARK [1][-]{section.40.3}{\376\377\000A\000b\000s\000t\000r\000a\000c\000t}{chapter.40}% 1802
\BOOKMARK [1][-]{section.40.4}{\376\377\0001\000.\000\040\000I\000n\000t\000r\000o\000d\000u\000c\000t\000i\000o\000n}{chapter.40}% 1803
\BOOKMARK [1][-]{section.40.5}{\376\377\0001\000.\0001\000\040\000T\000h\000e\000\040\000C\000e\000n\000t\000r\000a\000l\000\040\000Q\000u\000e\000s\000t\000i\000o\000n}{chapter.40}% 1804
\BOOKMARK [1][-]{section.40.6}{\376\377\0001\000.\0002\000\040\000O\000v\000e\000r\000v\000i\000e\000w\000\040\000o\000f\000\040\000R\000e\000s\000u\000l\000t\000s}{chapter.40}% 1805
\BOOKMARK [1][-]{section.40.7}{\376\377\0002\000.\000\040\000T\000h\000e\000\040\000W\000e\000i\000e\000r\000s\000t\000r\000a\000s\000s\040\023\000S\000t\000e\000r\000e\000o\000g\000r\000a\000p\000h\000i\000c\000\040\000I\000d\000e\000n\000t\000i\000t\000y}{chapter.40}% 1806
\BOOKMARK [1][-]{section.40.8}{\376\377\0002\000.\0001\000\040\000S\000t\000a\000t\000e\000m\000e\000n\000t}{chapter.40}% 1807
\BOOKMARK [1][-]{section.40.9}{\376\377\0002\000.\0002\000\040\000S\000i\000g\000n\000i\000f\000i\000c\000a\000n\000c\000e}{chapter.40}% 1808
\BOOKMARK [1][-]{section.40.10}{\376\377\0002\000.\0003\000\040\000F\000o\000r\000m\000a\000l\000i\000z\000a\000t\000i\000o\000n}{chapter.40}% 1809
\BOOKMARK [1][-]{section.40.11}{\376\377\0003\000.\000\040\000T\000h\000e\000\040\000H\000i\000d\000d\000e\000n\000\040\000M\000e\000t\000r\000i\000c}{chapter.40}% 1810
\BOOKMARK [1][-]{section.40.12}{\376\377\0003\000.\0001\000\040\000S\000t\000a\000t\000e\000m\000e\000n\000t}{chapter.40}% 1811
\BOOKMARK [1][-]{section.40.13}{\376\377\0003\000.\0002\000\040\000S\000i\000g\000n\000i\000f\000i\000c\000a\000n\000c\000e}{chapter.40}% 1812
\BOOKMARK [1][-]{section.40.14}{\376\377\0003\000.\0003\000\040\000T\000h\000e\000\040\000F\000o\000u\000r\000\040\000Q\000u\000a\000d\000r\000a\000n\000t\000s}{chapter.40}% 1813
\BOOKMARK [1][-]{section.40.15}{\376\377\0004\000.\000\040\000T\000h\000e\000\040\000M\000i\000r\000r\000o\000r\000\040\040\024\000\040\000A\000n\000t\000i\000p\000o\000d\000a\000l\000\040\000D\000u\000a\000l\000i\000t\000y}{chapter.40}% 1814
\BOOKMARK [1][-]{section.40.16}{\376\377\0004\000.\0001\000\040\000S\000t\000a\000t\000e\000m\000e\000n\000t}{chapter.40}% 1815
\BOOKMARK [1][-]{section.40.17}{\376\377\0004\000.\0002\000\040\000S\000i\000g\000n\000i\000f\000i\000c\000a\000n\000c\000e}{chapter.40}% 1816
\BOOKMARK [1][-]{section.40.18}{\376\377\0004\000.\0003\000\040\000H\000e\000a\000v\000e\000n\000\040\000a\000n\000d\000\040\000H\000e\000l\000l}{chapter.40}% 1817
\BOOKMARK [1][-]{section.40.19}{\376\377\0005\000.\000\040\000T\000h\000e\000\040\000C\000a\000y\000l\000e\000y\000\040\000T\000r\000a\000n\000s\000f\000o\000r\000m\000\040\040\024\000\040\000Q\000u\000a\000n\000t\000u\000m\000\040\000M\000e\000e\000t\000s\000\040\000C\000l\000a\000s\000s\000i\000c\000a\000l}{chapter.40}% 1818
\BOOKMARK [1][-]{section.40.20}{\376\377\0005\000.\0001\000\040\000S\000t\000a\000t\000e\000m\000e\000n\000t}{chapter.40}% 1819
\BOOKMARK [1][-]{section.40.21}{\376\377\0005\000.\0002\000\040\000S\000i\000g\000n\000i\000f\000i\000c\000a\000n\000c\000e}{chapter.40}% 1820
\BOOKMARK [1][-]{section.40.22}{\376\377\0006\000.\000\040\000T\000h\000e\000\040\000G\000r\000o\000u\000p\000\040\000S\000t\000r\000u\000c\000t\000u\000r\000e\000\040\040\024\000\040\000A\000d\000d\000i\000t\000i\000o\000n\000\040\000a\000s\000\040\000R\000o\000t\000a\000t\000i\000o\000n}{chapter.40}% 1821
\BOOKMARK [1][-]{section.40.23}{\376\377\0006\000.\0001\000\040\000S\000t\000a\000t\000e\000m\000e\000n\000t}{chapter.40}% 1822
\BOOKMARK [1][-]{section.40.24}{\376\377\0006\000.\0002\000\040\000S\000i\000g\000n\000i\000f\000i\000c\000a\000n\000c\000e}{chapter.40}% 1823
\BOOKMARK [1][-]{section.40.25}{\376\377\0007\000.\000\040\000P\000y\000t\000h\000a\000g\000o\000r\000e\000a\000n\000\040\000T\000r\000i\000p\000l\000e\000s\000\040\040\024\000\040\000I\000n\000t\000e\000g\000e\000r\000\040\000L\000i\000g\000h\000t}{chapter.40}% 1824
\BOOKMARK [1][-]{section.40.26}{\376\377\0007\000.\0001\000\040\000S\000t\000a\000t\000e\000m\000e\000n\000t}{chapter.40}% 1825
\BOOKMARK [1][-]{section.40.27}{\376\377\0007\000.\0002\000\040\000S\000i\000g\000n\000i\000f\000i\000c\000a\000n\000c\000e}{chapter.40}% 1826
\BOOKMARK [1][-]{section.40.28}{\376\377\0008\000.\000\040\000T\000h\000e\000\040\000G\000r\000a\000n\000d\000\040\000S\000y\000n\000t\000h\000e\000s\000i\000s}{chapter.40}% 1827
\BOOKMARK [1][-]{section.40.29}{\376\377\0008\000.\0001\000\040\000T\000h\000e\000\040\000L\000i\000g\000h\000t\000\040\000E\000m\000b\000e\000d\000d\000i\000n\000g\000\040\000T\000h\000e\000o\000r\000e\000m}{chapter.40}% 1828
\BOOKMARK [1][-]{section.40.30}{\376\377\0008\000.\0002\000\040\000T\000h\000e\000\040\000M\000i\000r\000r\000o\000r\000\040\000T\000h\000e\000o\000r\000e\000m}{chapter.40}% 1829
\BOOKMARK [1][-]{section.40.31}{\376\377\0008\000.\0003\000\040\000T\000h\000e\000\040\000R\000e\000f\000l\000e\000c\000t\000i\000o\000n\000\040\000T\000h\000e\000o\000r\000e\000m}{chapter.40}% 1830
\BOOKMARK [1][-]{section.40.32}{\376\377\0008\000.\0004\000\040\000O\000n\000e\000\040\000T\000h\000e\000o\000r\000y}{chapter.40}% 1831
\BOOKMARK [1][-]{section.40.33}{\376\377\0009\000.\000\040\000F\000o\000r\000m\000a\000l\000i\000z\000a\000t\000i\000o\000n}{chapter.40}% 1832
\BOOKMARK [1][-]{section.40.34}{\376\377\0001\0000\000.\000\040\000C\000o\000n\000c\000l\000u\000s\000i\000o\000n}{chapter.40}% 1833
\BOOKMARK [1][-]{section.40.35}{\376\377\000A\000c\000k\000n\000o\000w\000l\000e\000d\000g\000m\000e\000n\000t\000s}{chapter.40}% 1834
\BOOKMARK [1][-]{section.40.36}{\376\377\000R\000e\000f\000e\000r\000e\000n\000c\000e\000s}{chapter.40}% 1835
\BOOKMARK [1][-]{section.40.37}{\376\377\000S\000c\000i\000e\000n\000t\000i\000f\000i\000c\000\040\000A\000m\000e\000r\000i\000c\000a\000n\000\040\000A\000r\000t\000i\000c\000l\000e}{chapter.40}% 1836
\BOOKMARK [1][-]{section.40.38}{\376\377\000*\000A\000\040\000h\000i\000d\000d\000e\000n\000\040\000g\000e\000o\000m\000e\000t\000r\000y\000\040\000c\000o\000n\000n\000e\000c\000t\000s\000\040\000a\000r\000i\000t\000h\000m\000e\000t\000i\000c\000,\000\040\000r\000e\000l\000a\000t\000i\000v\000i\000t\000y\000,\000\040\000q\000u\000a\000n\000t\000u\000m\000\040\000m\000e\000c\000h\000a\000n\000i\000c\000s\000,\000\040\000a\000n\000d\000\040\000t\000h\000e\000\040\000o\000l\000d\000e\000s\000t\000\040\000e\000q\000u\000a\000t\000i\000o\000n\000\040\000i\000n\000\040\000m\000a\000t\000h\000e\000m\000a\000t\000i\000c\000s\000*}{chapter.40}% 1837
\BOOKMARK [1][-]{section.40.39}{\376\377\000B\000e\000n\000d\000i\000n\000g\000\040\000I\000n\000f\000i\000n\000i\000t\000y\000\040\000i\000n\000t\000o\000\040\000a\000\040\000C\000i\000r\000c\000l\000e}{chapter.40}% 1838
\BOOKMARK [1][-]{section.40.40}{\376\377\000S\000e\000v\000e\000n\000\040\000S\000u\000r\000p\000r\000i\000s\000e\000s}{chapter.40}% 1839
\BOOKMARK [1][-]{section.40.41}{\376\377\0001\000.\000\040\000Y\000o\000u\000r\000\040\000C\000a\000l\000c\000u\000l\000u\000s\000\040\000H\000o\000m\000e\000w\000o\000r\000k\000\040\000W\000a\000s\000\040\000S\000e\000c\000r\000e\000t\000l\000y\000\040\000G\000e\000o\000m\000e\000t\000r\000y}{chapter.40}% 1840
\BOOKMARK [1][-]{section.40.42}{\376\377\0002\000.\000\040\000T\000h\000e\000\040\000N\000u\000m\000b\000e\000r\000\040\000L\000i\000n\000e\000\040\000I\000s\000\040\000S\000e\000c\000r\000e\000t\000l\000y\000\040\000F\000i\000n\000i\000t\000e}{chapter.40}% 1841
\BOOKMARK [1][-]{section.40.43}{\376\377\0003\000.\000\040\000E\000v\000e\000r\000y\000\040\000N\000u\000m\000b\000e\000r\000\040\000H\000a\000s\000\040\000a\000\040\000S\000h\000a\000d\000o\000w}{chapter.40}% 1842
\BOOKMARK [1][-]{section.40.44}{\376\377\0004\000.\000\040\000Q\000u\000a\000n\000t\000u\000m\000\040\000M\000e\000c\000h\000a\000n\000i\000c\000s\000\040\000F\000a\000l\000l\000s\000\040\000O\000u\000t}{chapter.40}% 1843
\BOOKMARK [1][-]{section.40.45}{\376\377\0005\000.\000\040\000A\000r\000i\000t\000h\000m\000e\000t\000i\000c\000\040\000I\000s\000\040\000R\000e\000l\000a\000t\000i\000v\000i\000t\000y}{chapter.40}% 1844
\BOOKMARK [1][-]{section.40.46}{\376\377\0006\000.\000\040\000F\000r\000a\000c\000t\000i\000o\000n\000s\000\040\000A\000r\000e\000\040\000R\000a\000y\000s\000\040\000o\000f\000\040\000L\000i\000g\000h\000t}{chapter.40}% 1845
\BOOKMARK [1][-]{section.40.47}{\376\377\0007\000.\000\040\000T\000h\000e\000\040\000G\000r\000a\000n\000d\000\040\000R\000o\000u\000n\000d\000-\000T\000r\000i\000p}{chapter.40}% 1846
\BOOKMARK [1][-]{section.40.48}{\376\377\000L\000o\000o\000k\000i\000n\000g\000\040\000i\000n\000\040\000t\000h\000e\000\040\000M\000i\000r\000r\000o\000r}{chapter.40}% 1847
\BOOKMARK [1][-]{section.40.49}{\376\377\000M\000a\000c\000h\000i\000n\000e\000-\000V\000e\000r\000i\000f\000i\000e\000d\000\040\000T\000r\000u\000t\000h}{chapter.40}% 1848
\BOOKMARK [1][-]{section.40.50}{\376\377\000W\000h\000a\000t\000\040\000I\000t\000\040\000M\000e\000a\000n\000s}{chapter.40}% 1849
\BOOKMARK [0][-]{chapter.41}{\376\377\000T\000h\000e\000\040\000O\000m\000e\000g\000a\000\040\000P\000o\000i\000n\000t}{part.6}% 1850
\BOOKMARK [1][-]{section.41.1}{\376\377\000F\000i\000g\000u\000r\000e\000s}{chapter.41}% 1851
\BOOKMARK [1][-]{section.41.2}{\376\377\000R\000e\000s\000e\000a\000r\000c\000h\000\040\000P\000a\000p\000e\000r}{chapter.41}% 1852
\BOOKMARK [1][-]{section.41.3}{\376\377\000A\000b\000s\000t\000r\000a\000c\000t}{chapter.41}% 1853
\BOOKMARK [1][-]{section.41.4}{\376\377\0001\000.\000\040\000I\000n\000t\000r\000o\000d\000u\000c\000t\000i\000o\000n}{chapter.41}% 1854
\BOOKMARK [1][-]{section.41.5}{\376\377\0001\000.\0001\000\040\000M\000o\000t\000i\000v\000a\000t\000i\000o\000n}{chapter.41}% 1855
\BOOKMARK [1][-]{section.41.6}{\376\377\0001\000.\0002\000\040\000M\000a\000i\000n\000\040\000R\000e\000s\000u\000l\000t\000s}{chapter.41}% 1856
\BOOKMARK [1][-]{section.41.7}{\376\377\0001\000.\0003\000\040\000R\000e\000l\000a\000t\000e\000d\000\040\000W\000o\000r\000k}{chapter.41}% 1857
\BOOKMARK [1][-]{section.41.8}{\376\377\0002\000.\000\040\000M\000a\000t\000h\000e\000m\000a\000t\000i\000c\000a\000l\000\040\000F\000r\000a\000m\000e\000w\000o\000r\000k}{chapter.41}% 1858
\BOOKMARK [1][-]{section.41.9}{\376\377\0002\000.\0001\000\040\000I\000n\000v\000e\000r\000s\000e\000\040\000S\000t\000e\000r\000e\000o\000g\000r\000a\000p\000h\000i\000c\000\040\000P\000r\000o\000j\000e\000c\000t\000i\000o\000n}{chapter.41}% 1859
\BOOKMARK [1][-]{section.41.10}{\376\377\0002\000.\0002\000\040\000K\000e\000y\000\040\000A\000l\000g\000e\000b\000r\000a\000i\000c\000\040\000I\000d\000e\000n\000t\000i\000t\000y}{chapter.41}% 1860
\BOOKMARK [1][-]{section.41.11}{\376\377\0002\000.\0003\000\040\000C\000o\000n\000v\000e\000r\000g\000e\000n\000c\000e\000\040\000A\000n\000a\000l\000y\000s\000i\000s}{chapter.41}% 1861
\BOOKMARK [1][-]{section.41.12}{\376\377\0003\000.\000\040\000T\000h\000e\000\040\000O\000r\000a\000c\000l\000e\040\023\000G\000e\000o\000m\000e\000t\000r\000y\000\040\000D\000i\000c\000t\000i\000o\000n\000a\000r\000y}{chapter.41}% 1862
\BOOKMARK [1][-]{section.41.13}{\376\377\0003\000.\0001\000\040\000T\000a\000r\000s\000k\000i\000'\000s\000\040\000T\000h\000e\000o\000r\000e\000m\000\040\000a\000s\000\040\000G\000e\000o\000m\000e\000t\000r\000y}{chapter.41}% 1863
\BOOKMARK [1][-]{section.41.14}{\376\377\0003\000.\0002\000\040\000C\000o\000n\000v\000e\000r\000g\000e\000n\000c\000e\000\040\000R\000a\000t\000e\000\040\000a\000n\000d\000\040\000O\000r\000a\000c\000l\000e\000\040\000C\000o\000m\000p\000l\000e\000x\000i\000t\000y}{chapter.41}% 1864
\BOOKMARK [1][-]{section.41.15}{\376\377\0004\000.\000\040\000F\000o\000r\000m\000a\000l\000\040\000V\000e\000r\000i\000f\000i\000c\000a\000t\000i\000o\000n}{chapter.41}% 1865
\BOOKMARK [1][-]{section.41.16}{\376\377\0004\000.\0001\000\040\000L\000e\000a\000n\000\040\0004\000\040\000I\000m\000p\000l\000e\000m\000e\000n\000t\000a\000t\000i\000o\000n}{chapter.41}% 1866
\BOOKMARK [1][-]{section.41.17}{\376\377\0004\000.\0002\000\040\000V\000e\000r\000i\000f\000i\000c\000a\000t\000i\000o\000n\000\040\000S\000t\000a\000t\000u\000s}{chapter.41}% 1867
\BOOKMARK [1][-]{section.41.18}{\376\377\0005\000.\000\040\000P\000r\000o\000p\000o\000s\000e\000d\000\040\000A\000p\000p\000l\000i\000c\000a\000t\000i\000o\000n\000s}{chapter.41}% 1868
\BOOKMARK [1][-]{section.41.19}{\376\377\0005\000.\0001\000\040\000N\000e\000u\000r\000a\000l\000\040\000N\000e\000t\000w\000o\000r\000k\000\040\000W\000e\000i\000g\000h\000t\000\040\000C\000o\000m\000p\000a\000c\000t\000i\000f\000i\000c\000a\000t\000i\000o\000n}{chapter.41}% 1869
\BOOKMARK [1][-]{section.41.20}{\376\377\0005\000.\0002\000\040\000S\000i\000g\000n\000a\000l\000\040\000P\000r\000o\000c\000e\000s\000s\000i\000n\000g\000:\000\040\000C\000o\000m\000p\000a\000c\000t\000i\000f\000i\000e\000d\000\040\000R\000e\000p\000r\000e\000s\000e\000n\000t\000a\000t\000i\000o\000n\000s}{chapter.41}% 1870
\BOOKMARK [1][-]{section.41.21}{\376\377\0005\000.\0003\000\040\000G\000e\000o\000m\000e\000t\000r\000i\000c\000\040\000V\000i\000s\000u\000a\000l\000i\000z\000a\000t\000i\000o\000n\000\040\000o\000f\000\040\000C\000o\000m\000p\000l\000e\000x\000i\000t\000y\000\040\000H\000i\000e\000r\000a\000r\000c\000h\000i\000e\000s}{chapter.41}% 1871
\BOOKMARK [1][-]{section.41.22}{\376\377\0006\000.\000\040\000N\000e\000w\000\040\000H\000y\000p\000o\000t\000h\000e\000s\000e\000s\000\040\000a\000n\000d\000\040\000E\000x\000p\000e\000r\000i\000m\000e\000n\000t\000a\000l\000\040\000V\000a\000l\000i\000d\000a\000t\000i\000o\000n}{chapter.41}% 1872
\BOOKMARK [1][-]{section.41.23}{\376\377\000H\000y\000p\000o\000t\000h\000e\000s\000i\000s\000\040\000H\0001\000:\000\040\000C\000o\000n\000v\000e\000r\000g\000e\000n\000c\000e\000\040\000t\000o\000\040\000O\000m\000e\000g\000a\000\040\000P\000o\000i\000n\000t\000\040\000"\0004\0005\0008\000\040\000P\000R\000O\000V\000E\000N}{chapter.41}% 1873
\BOOKMARK [1][-]{section.41.24}{\376\377\000H\000y\000p\000o\000t\000h\000e\000s\000i\000s\000\040\000H\0002\000:\000\040\000C\000o\000n\000v\000e\000r\000g\000e\000n\000c\000e\000\040\000R\000a\000t\000e\000\040\000"\0004\0005\0008\000\040\000V\000A\000L\000I\000D\000A\000T\000E\000D}{chapter.41}% 1874
\BOOKMARK [1][-]{section.41.25}{\376\377\000H\000y\000p\000o\000t\000h\000e\000s\000i\000s\000\040\000H\0003\000:\000\040\000P\000a\000r\000i\000t\000y\000\040\000S\000y\000m\000m\000e\000t\000r\000y\000\040\000"\0004\0005\0008\000\040\000V\000A\000L\000I\000D\000A\000T\000E\000D}{chapter.41}% 1875
\BOOKMARK [1][-]{section.41.26}{\376\377\000H\000y\000p\000o\000t\000h\000e\000s\000i\000s\000\040\000H\0004\000:\000\040\000R\000o\000u\000n\000d\000-\000T\000r\000i\000p\000\040\000I\000d\000e\000n\000t\000i\000t\000y\000\040\000"\0004\0005\0008\000\040\000V\000A\000L\000I\000D\000A\000T\000E\000D}{chapter.41}% 1876
\BOOKMARK [1][-]{section.41.27}{\376\377\000H\000y\000p\000o\000t\000h\000e\000s\000i\000s\000\040\000H\0005\000:\000\040\000C\000o\000n\000f\000o\000r\000m\000a\000l\000\040\000C\000o\000m\000p\000r\000e\000s\000s\000i\000o\000n\000\040\000S\000i\000n\000g\000u\000l\000a\000r\000i\000t\000y\000\040\000"\0004\0005\0008\000\040\000V\000A\000L\000I\000D\000A\000T\000E\000D}{chapter.41}% 1877
\BOOKMARK [1][-]{section.41.28}{\376\377\000H\000y\000p\000o\000t\000h\000e\000s\000i\000s\000\040\000H\0006\000:\000\040\000O\000r\000a\000c\000l\000e\000\040\000M\000e\000t\000r\000i\000c\000\040\000\050\000P\000R\000O\000P\000O\000S\000E\000D\000\051}{chapter.41}% 1878
\BOOKMARK [1][-]{section.41.29}{\376\377\000H\000y\000p\000o\000t\000h\000e\000s\000i\000s\000\040\000H\0007\000:\000\040\000S\000p\000e\000c\000t\000r\000a\000l\000\040\000G\000e\000o\000m\000e\000t\000r\000y\000\040\000o\000f\000\040\000O\000r\000a\000c\000l\000e\000\040\000S\000p\000a\000c\000e\000\040\000\050\000P\000R\000O\000P\000O\000S\000E\000D\000\051}{chapter.41}% 1879
\BOOKMARK [1][-]{section.41.30}{\376\377\0007\000.\000\040\000C\000o\000n\000c\000l\000u\000s\000i\000o\000n}{chapter.41}% 1880
\BOOKMARK [1][-]{section.41.31}{\376\377\000R\000e\000f\000e\000r\000e\000n\000c\000e\000s}{chapter.41}% 1881
\BOOKMARK [1][-]{section.41.32}{\376\377\000S\000c\000i\000e\000n\000t\000i\000f\000i\000c\000\040\000A\000m\000e\000r\000i\000c\000a\000n\000\040\000A\000r\000t\000i\000c\000l\000e}{chapter.41}% 1882
\BOOKMARK [1][-]{section.41.33}{\376\377\000T\000h\000e\000\040\000O\000r\000a\000c\000l\000e\000\040\000H\000i\000e\000r\000a\000r\000c\000h\000y}{chapter.41}% 1883
\BOOKMARK [1][-]{section.41.34}{\376\377\000T\000h\000e\000\040\000M\000a\000p\000\040\000a\000n\000d\000\040\000t\000h\000e\000\040\000T\000e\000r\000r\000i\000t\000o\000r\000y}{chapter.41}% 1884
\BOOKMARK [1][-]{section.41.35}{\376\377\000M\000a\000c\000h\000i\000n\000e\000-\000V\000e\000r\000i\000f\000i\000e\000d\000\040\000C\000e\000r\000t\000a\000i\000n\000t\000y}{chapter.41}% 1885
\BOOKMARK [1][-]{section.41.36}{\376\377\000S\000e\000e\000i\000n\000g\000\040\000t\000h\000e\000\040\000I\000n\000v\000i\000s\000i\000b\000l\000e}{chapter.41}% 1886
\BOOKMARK [1][-]{section.41.37}{\376\377\000W\000h\000y\000\040\000I\000t\000\040\000M\000a\000t\000t\000e\000r\000s\000:\000\040\000F\000r\000o\000m\000\040\000P\000u\000r\000e\000\040\000M\000a\000t\000h\000\040\000t\000o\000\040\000N\000e\000u\000r\000a\000l\000\040\000N\000e\000t\000w\000o\000r\000k\000s}{chapter.41}% 1887
\BOOKMARK [1][-]{section.41.38}{\376\377\000T\000h\000e\000\040\000V\000i\000e\000w\000\040\000f\000r\000o\000m\000\040\000t\000h\000e\000\040\000T\000o\000p}{chapter.41}% 1888
\BOOKMARK [1][-]{section.41.39}{\376\377\000Q\000u\000i\000c\000k\000\040\000F\000a\000c\000t\000s}{chapter.41}% 1889
\BOOKMARK [-1][-]{part.7}{\376\377\000V\000I\000I\000\040\000T\000r\000o\000p\000i\000c\000a\000l\000\040\000G\000e\000o\000m\000e\000t\000r\000y\000\040\000\046\000\040\000C\000o\000m\000p\000u\000t\000a\000t\000i\000o\000n}{}% 1890
\BOOKMARK [0][-]{chapter.42}{\376\377\000T\000r\000o\000p\000i\000c\000a\000l\000\040\000S\000H\000A\000-\0002\0005\0006\000\040\000I\000n\000v\000e\000r\000s\000i\000o\000n}{part.7}% 1891
\BOOKMARK [1][-]{section.42.1}{\376\377\000F\000i\000g\000u\000r\000e\000s}{chapter.42}% 1892
\BOOKMARK [1][-]{section.42.2}{\376\377\000R\000e\000s\000e\000a\000r\000c\000h\000\040\000P\000a\000p\000e\000r}{chapter.42}% 1893
\BOOKMARK [1][-]{section.42.3}{\376\377\000A\000\040\000R\000i\000g\000o\000r\000o\000u\000s\000\040\000M\000a\000c\000h\000i\000n\000e\000-\000V\000e\000r\000i\000f\000i\000e\000d\000\040\000A\000n\000a\000l\000y\000s\000i\000s}{chapter.42}% 1894
\BOOKMARK [1][-]{section.42.4}{\376\377\0001\000.\000\040\000I\000n\000t\000r\000o\000d\000u\000c\000t\000i\000o\000n}{chapter.42}% 1895
\BOOKMARK [1][-]{section.42.5}{\376\377\0002\000.\000\040\000M\000a\000t\000h\000e\000m\000a\000t\000i\000c\000a\000l\000\040\000F\000r\000a\000m\000e\000w\000o\000r\000k}{chapter.42}% 1896
\BOOKMARK [1][-]{section.42.6}{\376\377\0002\000.\0001\000\040\000T\000h\000e\000\040\000T\000r\000o\000p\000i\000c\000a\000l\000\040\000S\000e\000m\000i\000r\000i\000n\000g}{chapter.42}% 1897
\BOOKMARK [1][-]{section.42.7}{\376\377\0002\000.\0002\000\040\000T\000r\000o\000p\000i\000c\000a\000l\000\040\000M\000a\000t\000r\000i\000x\000\040\000M\000u\000l\000t\000i\000p\000l\000i\000c\000a\000t\000i\000o\000n}{chapter.42}% 1898
\BOOKMARK [1][-]{section.42.8}{\376\377\0002\000.\0003\000\040\000B\000o\000o\000l\000e\000a\000n\000\040\000O\000p\000e\000r\000a\000t\000i\000o\000n\000s\000\040\000a\000s\000\040\000T\000r\000o\000p\000i\000c\000a\000l\000\040\000E\000n\000c\000o\000d\000i\000n\000g\000s}{chapter.42}% 1899
\BOOKMARK [1][-]{section.42.9}{\376\377\0003\000.\000\040\000S\000H\000A\000-\0002\0005\0006\000\040\000D\000e\000c\000o\000m\000p\000o\000s\000i\000t\000i\000o\000n\000:\000\040\000W\000h\000a\000t\000'\000s\000\040\000I\000n\000v\000e\000r\000t\000i\000b\000l\000e\000\040\000a\000n\000d\000\040\000W\000h\000a\000t\000'\000s\000\040\000N\000o\000t}{chapter.42}% 1900
\BOOKMARK [1][-]{section.42.10}{\376\377\0003\000.\0001\000\040\000I\000n\000v\000e\000r\000t\000i\000b\000l\000e\000\040\000O\000p\000e\000r\000a\000t\000i\000o\000n\000s}{chapter.42}% 1901
\BOOKMARK [1][-]{section.42.11}{\376\377\0003\000.\0002\000\040\000N\000o\000n\000-\000I\000n\000v\000e\000r\000t\000i\000b\000l\000e\000\040\000O\000p\000e\000r\000a\000t\000i\000o\000n\000s}{chapter.42}% 1902
\BOOKMARK [1][-]{section.42.12}{\376\377\0003\000.\0003\000\040\000C\000o\000m\000p\000o\000s\000i\000t\000i\000o\000n\000\040\000T\000h\000e\000o\000r\000e\000m}{chapter.42}% 1903
\BOOKMARK [1][-]{section.42.13}{\376\377\0004\000.\000\040\000T\000h\000e\000\040\000F\000u\000n\000d\000a\000m\000e\000n\000t\000a\000l\000\040\000I\000m\000p\000o\000s\000s\000i\000b\000i\000l\000i\000t\000y\000\040\000T\000h\000e\000o\000r\000e\000m}{chapter.42}% 1904
\BOOKMARK [1][-]{section.42.14}{\376\377\0005\000.\000\040\000Q\000u\000a\000n\000t\000u\000m\000\040\000C\000i\000r\000c\000u\000i\000t\000\040\000A\000n\000a\000l\000y\000s\000i\000s}{chapter.42}% 1905
\BOOKMARK [1][-]{section.42.15}{\376\377\0005\000.\0001\000\040\000R\000e\000v\000e\000r\000s\000i\000b\000l\000e\000\040\000C\000o\000m\000p\000u\000t\000i\000n\000g\000\040\000a\000n\000d\000\040\000A\000n\000c\000i\000l\000l\000a\000\040\000B\000i\000t\000s}{chapter.42}% 1906
\BOOKMARK [1][-]{section.42.16}{\376\377\0005\000.\0002\000\040\000G\000r\000o\000v\000e\000r\000'\000s\000\040\000A\000l\000g\000o\000r\000i\000t\000h\000m}{chapter.42}% 1907
\BOOKMARK [1][-]{section.42.17}{\376\377\0006\000.\000\040\000W\000h\000a\000t\000\040\000I\000S\000\040\000P\000o\000s\000s\000i\000b\000l\000e\000:\000\040\000C\000o\000n\000s\000t\000r\000u\000c\000t\000i\000v\000e\000\040\000R\000e\000s\000u\000l\000t\000s}{chapter.42}% 1908
\BOOKMARK [1][-]{section.42.18}{\376\377\0006\000.\0001\000\040\000P\000a\000r\000t\000i\000a\000l\000\040\000I\000n\000v\000e\000r\000s\000e\000s\000\040\000\050\000C\000h\000o\000i\000c\000e\000\040\000F\000u\000n\000c\000t\000i\000o\000n\000s\000\051}{chapter.42}% 1909
\BOOKMARK [1][-]{section.42.19}{\376\377\0006\000.\0002\000\040\000T\000r\000o\000p\000i\000c\000a\000l\000\040\000S\000A\000T\000\040\000E\000n\000c\000o\000d\000i\000n\000g}{chapter.42}% 1910
\BOOKMARK [1][-]{section.42.20}{\376\377\0006\000.\0003\000\040\000G\000a\000t\000e\000-\000L\000e\000v\000e\000l\000\040\000T\000r\000o\000p\000i\000c\000a\000l\000\040\000A\000n\000a\000l\000y\000s\000i\000s}{chapter.42}% 1911
\BOOKMARK [1][-]{section.42.21}{\376\377\0007\000.\000\040\000E\000x\000p\000e\000r\000i\000m\000e\000n\000t\000a\000l\000\040\000V\000a\000l\000i\000d\000a\000t\000i\000o\000n}{chapter.42}% 1912
\BOOKMARK [1][-]{section.42.22}{\376\377\0008\000.\000\040\000P\000r\000o\000p\000o\000s\000e\000d\000\040\000A\000p\000p\000l\000i\000c\000a\000t\000i\000o\000n\000s}{chapter.42}% 1913
\BOOKMARK [1][-]{section.42.23}{\376\377\0008\000.\0001\000\040\000Q\000u\000a\000n\000t\000u\000m\000\040\000R\000e\000s\000o\000u\000r\000c\000e\000\040\000E\000s\000t\000i\000m\000a\000t\000i\000o\000n}{chapter.42}% 1914
\BOOKMARK [1][-]{section.42.24}{\376\377\0008\000.\0002\000\040\000T\000r\000o\000p\000i\000c\000a\000l\000\040\000C\000r\000y\000p\000t\000a\000n\000a\000l\000y\000s\000i\000s\000\040\000F\000r\000a\000m\000e\000w\000o\000r\000k}{chapter.42}% 1915
\BOOKMARK [1][-]{section.42.25}{\376\377\0008\000.\0003\000\040\000F\000o\000r\000m\000a\000l\000\040\000V\000e\000r\000i\000f\000i\000c\000a\000t\000i\000o\000n\000\040\000o\000f\000\040\000C\000r\000y\000p\000t\000o\000g\000r\000a\000p\000h\000i\000c\000\040\000P\000r\000o\000o\000f\000s}{chapter.42}% 1916
\BOOKMARK [1][-]{section.42.26}{\376\377\0009\000.\000\040\000N\000e\000w\000\040\000H\000y\000p\000o\000t\000h\000e\000s\000e\000s}{chapter.42}% 1917
\BOOKMARK [1][-]{section.42.27}{\376\377\0001\0000\000.\000\040\000C\000o\000n\000c\000l\000u\000s\000i\000o\000n}{chapter.42}% 1918
\BOOKMARK [1][-]{section.42.28}{\376\377\000F\000o\000r\000m\000a\000l\000\040\000V\000e\000r\000i\000f\000i\000c\000a\000t\000i\000o\000n\000\040\000S\000u\000m\000m\000a\000r\000y}{chapter.42}% 1919
\BOOKMARK [1][-]{section.42.29}{\376\377\000R\000e\000f\000e\000r\000e\000n\000c\000e\000s}{chapter.42}% 1920
\BOOKMARK [1][-]{section.42.30}{\376\377\000S\000c\000i\000e\000n\000t\000i\000f\000i\000c\000\040\000A\000m\000e\000r\000i\000c\000a\000n\000\040\000A\000r\000t\000i\000c\000l\000e}{chapter.42}% 1921
\BOOKMARK [1][-]{section.42.31}{\376\377\000A\000\040\000t\000e\000a\000m\000\040\000u\000s\000e\000d\000\040\000A\000I\000-\000a\000s\000s\000i\000s\000t\000e\000d\000\040\000f\000o\000r\000m\000a\000l\000\040\000v\000e\000r\000i\000f\000i\000c\000a\000t\000i\000o\000n\000\040\000t\000o\000\040\000p\000r\000o\000v\000e\000,\000\040\000w\000i\000t\000h\000\040\000a\000b\000s\000o\000l\000u\000t\000e\000\040\000c\000e\000r\000t\000a\000i\000n\000t\000y\000,\000\040\000t\000h\000a\000t\000\040\000n\000o\000\040\000a\000l\000g\000e\000b\000r\000a\000i\000c\000\040\000t\000r\000i\000c\000k\000\040\000c\000a\000n\000\040\000r\000e\000v\000e\000r\000s\000e\000\040\000t\000h\000e\000\040\000c\000r\000y\000p\000t\000o\000g\000r\000a\000p\000h\000i\000c\000\040\000h\000a\000s\000h\000\040\000p\000r\000o\000t\000e\000c\000t\000i\000n\000g\000\040\000y\000o\000u\000r\000\040\000d\000i\000g\000i\000t\000a\000l\000\040\000l\000i\000f\000e}{chapter.42}% 1922
\BOOKMARK [1][-]{section.42.32}{\376\377\000T\000h\000e\000\040\000L\000o\000c\000k\000\040\000T\000h\000a\000t\000\040\000C\000a\000n\000'\000t\000\040\000B\000e\000\040\000P\000i\000c\000k\000e\000d}{chapter.42}% 1923
\BOOKMARK [1][-]{section.42.33}{\376\377\000T\000h\000e\000\040\000T\000r\000o\000p\000i\000c\000a\000l\000\040\000C\000o\000n\000n\000e\000c\000t\000i\000o\000n}{chapter.42}% 1924
\BOOKMARK [1][-]{section.42.34}{\376\377\000T\000h\000e\000\040\0001\0009\0002\000\040\000B\000r\000i\000c\000k\000\040\000W\000a\000l\000l\000s}{chapter.42}% 1925
\BOOKMARK [1][-]{section.42.35}{\376\377\000T\000h\000e\000\040\000I\000m\000p\000o\000s\000s\000i\000b\000i\000l\000i\000t\000y\000\040\000T\000h\000e\000o\000r\000e\000m}{chapter.42}% 1926
\BOOKMARK [1][-]{section.42.36}{\376\377\000B\000u\000t\000\040\000W\000h\000a\000t\000\040\000A\000b\000o\000u\000t\000\040\000Q\000u\000a\000n\000t\000u\000m\000\040\000C\000o\000m\000p\000u\000t\000e\000r\000s\000?}{chapter.42}% 1927
\BOOKMARK [1][-]{section.42.37}{\376\377\000W\000h\000a\000t\000\040\000D\000o\000e\000s\000\040\000W\000o\000r\000k\000:\000\040\000T\000h\000e\000\040\000P\000a\000r\000t\000i\000a\000l\000\040\000P\000i\000c\000t\000u\000r\000e}{chapter.42}% 1928
\BOOKMARK [1][-]{section.42.38}{\376\377\000M\000a\000c\000h\000i\000n\000e\000-\000V\000e\000r\000i\000f\000i\000e\000d\000\040\000T\000r\000u\000t\000h}{chapter.42}% 1929
\BOOKMARK [1][-]{section.42.39}{\376\377\000T\000h\000e\000\040\000B\000i\000g\000g\000e\000r\000\040\000P\000i\000c\000t\000u\000r\000e}{chapter.42}% 1930
\BOOKMARK [0][-]{chapter.43}{\376\377\000T\000r\000o\000p\000i\000c\000a\000l\000\040\000S\000e\000l\000f\000-\000R\000e\000a\000s\000o\000n\000i\000n\000g}{part.7}% 1931
\BOOKMARK [1][-]{section.43.1}{\376\377\000R\000e\000s\000e\000a\000r\000c\000h\000\040\000P\000a\000p\000e\000r}{chapter.43}% 1932
\BOOKMARK [1][-]{section.43.2}{\376\377\0001\000.\000\040\000I\000n\000t\000r\000o\000d\000u\000c\000t\000i\000o\000n}{chapter.43}% 1933
\BOOKMARK [1][-]{section.43.3}{\376\377\0001\000.\0001\000\040\000T\000h\000e\000\040\000S\000e\000l\000f\000-\000R\000e\000f\000e\000r\000e\000n\000c\000e\000\040\000P\000r\000o\000b\000l\000e\000m\000\040\000i\000n\000\040\000A\000I}{chapter.43}% 1934
\BOOKMARK [1][-]{section.43.4}{\376\377\0001\000.\0002\000\040\000T\000h\000e\000\040\000T\000r\000o\000p\000i\000c\000a\000l\000\040\000R\000e\000s\000o\000l\000u\000t\000i\000o\000n}{chapter.43}% 1935
\BOOKMARK [1][-]{section.43.5}{\376\377\0001\000.\0003\000\040\000C\000o\000n\000t\000r\000i\000b\000u\000t\000i\000o\000n\000s}{chapter.43}% 1936
\BOOKMARK [1][-]{section.43.6}{\376\377\0002\000.\000\040\000P\000r\000e\000l\000i\000m\000i\000n\000a\000r\000i\000e\000s}{chapter.43}% 1937
\BOOKMARK [1][-]{section.43.7}{\376\377\0002\000.\0001\000\040\000T\000h\000e\000\040\000T\000r\000o\000p\000i\000c\000a\000l\000\040\000S\000e\000m\000i\000r\000i\000n\000g}{chapter.43}% 1938
\BOOKMARK [1][-]{section.43.8}{\376\377\0002\000.\0002\000\040\000T\000r\000o\000p\000i\000c\000a\000l\000\040\000M\000a\000t\000r\000i\000x\000\040\000A\000l\000g\000e\000b\000r\000a}{chapter.43}% 1939
\BOOKMARK [1][-]{section.43.9}{\376\377\0002\000.\0003\000\040\000C\000o\000n\000n\000e\000c\000t\000i\000o\000n\000\040\000t\000o\000\040\000N\000e\000u\000r\000a\000l\000\040\000N\000e\000t\000w\000o\000r\000k\000s}{chapter.43}% 1940
\BOOKMARK [1][-]{section.43.10}{\376\377\0003\000.\000\040\000T\000r\000o\000p\000i\000c\000a\000l\000\040\000S\000e\000l\000f\000-\000E\000n\000c\000o\000d\000i\000n\000g}{chapter.43}% 1941
\BOOKMARK [1][-]{section.43.11}{\376\377\0003\000.\0001\000\040\000E\000n\000c\000o\000d\000i\000n\000g\000\040\000a\000\040\000N\000e\000t\000w\000o\000r\000k\000\040\000a\000s\000\040\000a\000\040\000V\000e\000c\000t\000o\000r}{chapter.43}% 1942
\BOOKMARK [1][-]{section.43.12}{\376\377\0003\000.\0002\000\040\000T\000h\000e\000\040\000S\000e\000l\000f\000-\000E\000v\000a\000l\000u\000a\000t\000i\000o\000n\000\040\000M\000a\000p}{chapter.43}% 1943
\BOOKMARK [1][-]{section.43.13}{\376\377\0004\000.\000\040\000T\000h\000e\000\040\000I\000d\000e\000m\000p\000o\000t\000e\000n\000t\000\040\000S\000e\000l\000f\000-\000R\000e\000a\000s\000o\000n\000i\000n\000g\000\040\000T\000h\000e\000o\000r\000e\000m}{chapter.43}% 1944
\BOOKMARK [1][-]{section.43.14}{\376\377\0004\000.\0001\000\040\000M\000a\000i\000n\000\040\000R\000e\000s\000u\000l\000t}{chapter.43}% 1945
\BOOKMARK [1][-]{section.43.15}{\376\377\0004\000.\0002\000\040\000W\000h\000y\000\040\000I\000d\000e\000m\000p\000o\000t\000e\000n\000c\000y\000?}{chapter.43}% 1946
\BOOKMARK [1][-]{section.43.16}{\376\377\0005\000.\000\040\000T\000r\000o\000p\000i\000c\000a\000l\000\040\000Q\000u\000i\000n\000e\000s}{chapter.43}% 1947
\BOOKMARK [1][-]{section.43.17}{\376\377\0005\000.\0001\000\040\000D\000e\000f\000i\000n\000i\000t\000i\000o\000n\000\040\000a\000n\000d\000\040\000E\000x\000i\000s\000t\000e\000n\000c\000e}{chapter.43}% 1948
\BOOKMARK [1][-]{section.43.18}{\376\377\0005\000.\0002\000\040\000I\000n\000t\000e\000r\000p\000r\000e\000t\000a\000t\000i\000o\000n}{chapter.43}% 1949
\BOOKMARK [1][-]{section.43.19}{\376\377\0006\000.\000\040\000T\000h\000e\000\040\000T\000r\000o\000p\000i\000c\000a\000l\000\040\000R\000e\000f\000l\000e\000c\000t\000i\000o\000n\000\040\000P\000r\000i\000n\000c\000i\000p\000l\000e}{chapter.43}% 1950
\BOOKMARK [1][-]{section.43.20}{\376\377\0006\000.\0001\000\040\000W\000h\000y\000\040\000N\000o\000\040\000P\000a\000r\000a\000d\000o\000x}{chapter.43}% 1951
\BOOKMARK [1][-]{section.43.21}{\376\377\0006\000.\0002\000\040\000T\000h\000e\000\040\000R\000e\000f\000l\000e\000c\000t\000i\000o\000n\000\040\000M\000a\000p}{chapter.43}% 1952
\BOOKMARK [1][-]{section.43.22}{\376\377\0006\000.\0003\000\040\000C\000o\000n\000t\000r\000a\000s\000t\000\040\000w\000i\000t\000h\000\040\000G\000\366\000d\000e\000l}{chapter.43}% 1953
\BOOKMARK [1][-]{section.43.23}{\376\377\0007\000.\000\040\000F\000o\000r\000m\000a\000l\000\040\000V\000e\000r\000i\000f\000i\000c\000a\000t\000i\000o\000n}{chapter.43}% 1954
\BOOKMARK [1][-]{section.43.24}{\376\377\0007\000.\0001\000\040\000L\000e\000a\000n\000\040\0004\000\040\000F\000o\000r\000m\000a\000l\000i\000z\000a\000t\000i\000o\000n}{chapter.43}% 1955
\BOOKMARK [1][-]{section.43.25}{\376\377\0007\000.\0002\000\040\000W\000h\000y\000\040\000F\000o\000r\000m\000a\000l\000\040\000V\000e\000r\000i\000f\000i\000c\000a\000t\000i\000o\000n\000?}{chapter.43}% 1956
\BOOKMARK [1][-]{section.43.26}{\376\377\0008\000.\000\040\000I\000m\000p\000l\000i\000c\000a\000t\000i\000o\000n\000s\000\040\000f\000o\000r\000\040\000A\000I\000\040\000S\000a\000f\000e\000t\000y}{chapter.43}% 1957
\BOOKMARK [1][-]{section.43.27}{\376\377\0008\000.\0001\000\040\000S\000t\000a\000b\000l\000e\000\040\000S\000e\000l\000f\000-\000I\000m\000p\000r\000o\000v\000e\000m\000e\000n\000t}{chapter.43}% 1958
\BOOKMARK [1][-]{section.43.28}{\376\377\0008\000.\0002\000\040\000I\000n\000t\000e\000r\000p\000r\000e\000t\000a\000b\000l\000e\000\040\000S\000e\000l\000f\000-\000M\000o\000d\000e\000l\000s}{chapter.43}% 1959
\BOOKMARK [1][-]{section.43.29}{\376\377\0008\000.\0003\000\040\000P\000r\000o\000v\000a\000b\000l\000y\000\040\000P\000a\000r\000a\000d\000o\000x\000-\000F\000r\000e\000e}{chapter.43}% 1960
\BOOKMARK [1][-]{section.43.30}{\376\377\0009\000.\000\040\000R\000e\000l\000a\000t\000e\000d\000\040\000W\000o\000r\000k}{chapter.43}% 1961
\BOOKMARK [1][-]{section.43.31}{\376\377\0001\0000\000.\000\040\000C\000o\000n\000c\000l\000u\000s\000i\000o\000n}{chapter.43}% 1962
\BOOKMARK [1][-]{section.43.32}{\376\377\000R\000e\000f\000e\000r\000e\000n\000c\000e\000s}{chapter.43}% 1963
\BOOKMARK [1][-]{section.43.33}{\376\377\000S\000c\000i\000e\000n\000t\000i\000f\000i\000c\000\040\000A\000m\000e\000r\000i\000c\000a\000n\000\040\000A\000r\000t\000i\000c\000l\000e}{chapter.43}% 1964
\BOOKMARK [1][-]{section.43.34}{\376\377\000H\000o\000w\000\040\000a\000n\000\040\000o\000b\000s\000c\000u\000r\000e\000\040\000b\000r\000a\000n\000c\000h\000\040\000o\000f\000\040\000m\000a\000t\000h\000e\000m\000a\000t\000i\000c\000s\000\040\000c\000a\000l\000l\000e\000d\000\040\000"\000t\000r\000o\000p\000i\000c\000a\000l\000\040\000a\000l\000g\000e\000b\000r\000a\000"\000\040\000c\000o\000u\000l\000d\000\040\000g\000i\000v\000e\000\040\000A\000I\000\040\000t\000h\000e\000\040\000p\000o\000w\000e\000r\000\040\000o\000f\000\040\000s\000e\000l\000f\000-\000r\000e\000f\000l\000e\000c\000t\000i\000o\000n\000\040\040\024\000\040\000w\000i\000t\000h\000o\000u\000t\000\040\000t\000h\000e\000\040\000p\000a\000r\000a\000d\000o\000x\000e\000s\000\040\000t\000h\000a\000t\000\040\000h\000a\000v\000e\000\040\000h\000a\000u\000n\000t\000e\000d\000\040\000l\000o\000g\000i\000c\000i\000a\000n\000s\000\040\000f\000o\000r\000\040\000a\000\040\000c\000e\000n\000t\000u\000r\000y}{chapter.43}% 1965
\BOOKMARK [1][-]{section.43.35}{\376\377\000T\000h\000e\000\040\000A\000l\000g\000e\000b\000r\000a\000\040\000o\000f\000\040\000S\000h\000o\000r\000t\000c\000u\000t\000s}{chapter.43}% 1966
\BOOKMARK [1][-]{section.43.36}{\376\377\000Y\000o\000u\000r\000\040\000N\000e\000u\000r\000a\000l\000\040\000N\000e\000t\000w\000o\000r\000k\000\040\000I\000s\000\040\000A\000l\000r\000e\000a\000d\000y\000\040\000T\000r\000o\000p\000i\000c\000a\000l}{chapter.43}% 1967
\BOOKMARK [1][-]{section.43.37}{\376\377\000T\000h\000e\000\040\000O\000n\000e\000\040\000P\000r\000o\000p\000e\000r\000t\000y\000\040\000T\000h\000a\000t\000\040\000C\000h\000a\000n\000g\000e\000s\000\040\000E\000v\000e\000r\000y\000t\000h\000i\000n\000g}{chapter.43}% 1968
\BOOKMARK [1][-]{section.43.38}{\376\377\000A\000\040\000N\000e\000t\000w\000o\000r\000k\000\040\000T\000h\000a\000t\000\040\000S\000e\000e\000s\000\040\000I\000t\000s\000e\000l\000f}{chapter.43}% 1969
\BOOKMARK [1][-]{section.43.39}{\376\377\000P\000r\000o\000v\000i\000n\000g\000\040\000I\000t\000\040\000B\000e\000y\000o\000n\000d\000\040\000A\000l\000l\000\040\000D\000o\000u\000b\000t}{chapter.43}% 1970
\BOOKMARK [1][-]{section.43.40}{\376\377\000W\000h\000a\000t\000\040\000T\000h\000i\000s\000\040\000M\000e\000a\000n\000s\000\040\000f\000o\000r\000\040\000A\000I}{chapter.43}% 1971
\BOOKMARK [1][-]{section.43.41}{\376\377\000T\000h\000e\000\040\000R\000o\000a\000d\000\040\000A\000h\000e\000a\000d}{chapter.43}% 1972
\BOOKMARK [1][-]{section.43.42}{\376\377\000A\000\040\000N\000e\000w\000\040\000K\000i\000n\000d\000\040\000o\000f\000\040\000M\000i\000r\000r\000o\000r}{chapter.43}% 1973
\BOOKMARK [0][-]{chapter.44}{\376\377\000T\000r\000o\000p\000i\000c\000a\000l\000\040\000Q\000u\000a\000n\000t\000u\000m\000\040\000B\000r\000a\000i\000n}{part.7}% 1974
\BOOKMARK [1][-]{section.44.1}{\376\377\000F\000i\000g\000u\000r\000e\000s}{chapter.44}% 1975
\BOOKMARK [1][-]{section.44.2}{\376\377\000R\000e\000s\000e\000a\000r\000c\000h\000\040\000P\000a\000p\000e\000r}{chapter.44}% 1976
\BOOKMARK [1][-]{section.44.3}{\376\377\000A\000b\000s\000t\000r\000a\000c\000t}{chapter.44}% 1977
\BOOKMARK [1][-]{section.44.4}{\376\377\0001\000.\000\040\000I\000n\000t\000r\000o\000d\000u\000c\000t\000i\000o\000n}{chapter.44}% 1978
\BOOKMARK [1][-]{section.44.5}{\376\377\0001\000.\0001\000\040\000T\000h\000e\000\040\000T\000h\000r\000e\000e\000\040\000P\000i\000l\000l\000a\000r\000s}{chapter.44}% 1979
\BOOKMARK [1][-]{section.44.6}{\376\377\0001\000.\0002\000\040\000T\000h\000e\000\040\000U\000n\000i\000f\000y\000i\000n\000g\000\040\000I\000n\000s\000i\000g\000h\000t}{chapter.44}% 1980
\BOOKMARK [1][-]{section.44.7}{\376\377\0001\000.\0003\000\040\000S\000u\000m\000m\000a\000r\000y\000\040\000o\000f\000\040\000R\000e\000s\000u\000l\000t\000s}{chapter.44}% 1981
\BOOKMARK [1][-]{section.44.8}{\376\377\0002\000.\000\040\000T\000h\000e\000\040\000T\000r\000o\000p\000i\000c\000a\000l\000\040\000M\000a\000x\000-\000P\000l\000u\000s\000\040\000S\000e\000m\000i\000r\000i\000n\000g}{chapter.44}% 1982
\BOOKMARK [1][-]{section.44.9}{\376\377\0002\000.\0001\000\040\000D\000e\000f\000i\000n\000i\000t\000i\000o\000n\000\040\000a\000n\000d\000\040\000A\000x\000i\000o\000m\000s}{chapter.44}% 1983
\BOOKMARK [1][-]{section.44.10}{\376\377\0002\000.\0002\000\040\000T\000h\000e\000\040\000K\000e\000y\000\040\000P\000r\000o\000p\000e\000r\000t\000y\000:\000\040\000I\000d\000e\000m\000p\000o\000t\000e\000n\000t\000\040\000A\000d\000d\000i\000t\000i\000o\000n}{chapter.44}% 1984
\BOOKMARK [1][-]{section.44.11}{\376\377\0002\000.\0003\000\040\000R\000e\000L\000U\000\040\000a\000s\000\040\000T\000r\000o\000p\000i\000c\000a\000l\000\040\000A\000d\000d\000i\000t\000i\000o\000n}{chapter.44}% 1985
\BOOKMARK [1][-]{section.44.12}{\376\377\0002\000.\0004\000\040\000T\000r\000o\000p\000i\000c\000a\000l\000\040\000L\000i\000n\000e\000a\000r\000\040\000A\000l\000g\000e\000b\000r\000a}{chapter.44}% 1986
\BOOKMARK [1][-]{section.44.13}{\376\377\0003\000.\000\040\000T\000r\000o\000p\000i\000c\000a\000l\000\040\000Q\000u\000a\000n\000t\000u\000m\000\040\000G\000a\000t\000e\000s}{chapter.44}% 1987
\BOOKMARK [1][-]{section.44.14}{\376\377\0003\000.\0001\000\040\000T\000r\000o\000p\000i\000c\000a\000l\000i\000z\000a\000t\000i\000o\000n\000\040\000o\000f\000\040\000Q\000u\000a\000n\000t\000u\000m\000\040\000G\000a\000t\000e\000s}{chapter.44}% 1988
\BOOKMARK [1][-]{section.44.15}{\376\377\0003\000.\0002\000\040\000T\000r\000o\000p\000i\000c\000a\000l\000\040\000U\000n\000i\000v\000e\000r\000s\000a\000l\000\040\000G\000a\000t\000e\000\040\000S\000e\000t}{chapter.44}% 1989
\BOOKMARK [1][-]{section.44.16}{\376\377\0003\000.\0003\000\040\000T\000h\000e\000\040\000T\000r\000o\000p\000i\000c\000a\000l\000-\000Q\000u\000a\000n\000t\000u\000m\000\040\000D\000i\000c\000t\000i\000o\000n\000a\000r\000y}{chapter.44}% 1990
\BOOKMARK [1][-]{section.44.17}{\376\377\0004\000.\000\040\000T\000h\000e\000\040\000M\000a\000s\000l\000o\000v\000\040\000D\000e\000f\000o\000r\000m\000a\000t\000i\000o\000n\000:\000\040\000I\000n\000t\000e\000r\000p\000o\000l\000a\000t\000i\000n\000g\000\040\000Q\000u\000a\000n\000t\000u\000m\000\040\000a\000n\000d\000\040\000T\000r\000o\000p\000i\000c\000a\000l}{chapter.44}% 1991
\BOOKMARK [1][-]{section.44.18}{\376\377\0004\000.\0001\000\040\000T\000h\000e\000\040\000O\000n\000e\000-\000P\000a\000r\000a\000m\000e\000t\000e\000r\000\040\000F\000a\000m\000i\000l\000y}{chapter.44}% 1992
\BOOKMARK [1][-]{section.44.19}{\376\377\0004\000.\0002\000\040\000N\000e\000u\000r\000a\000l\000\040\000I\000n\000t\000e\000r\000p\000r\000e\000t\000a\000t\000i\000o\000n}{chapter.44}% 1993
\BOOKMARK [1][-]{section.44.20}{\376\377\0004\000.\0003\000\040\000T\000h\000e\000\040\000P\000h\000a\000s\000e\000\040\000T\000r\000a\000n\000s\000i\000t\000i\000o\000n}{chapter.44}% 1994
\BOOKMARK [1][-]{section.44.21}{\376\377\0005\000.\000\040\000N\000e\000u\000r\000a\000l\000\040\000I\000m\000p\000l\000e\000m\000e\000n\000t\000a\000t\000i\000o\000n\000\040\000o\000f\000\040\000T\000r\000o\000p\000i\000c\000a\000l\000\040\000Q\000u\000a\000n\000t\000u\000m\000\040\000G\000a\000t\000e\000s}{chapter.44}% 1995
\BOOKMARK [1][-]{section.44.22}{\376\377\0005\000.\0001\000\040\000W\000i\000n\000n\000e\000r\000-\000T\000a\000k\000e\000-\000A\000l\000l\000\040\000a\000s\000\040\000T\000r\000o\000p\000i\000c\000a\000l\000\040\000H\000a\000d\000a\000m\000a\000r\000d}{chapter.44}% 1996
\BOOKMARK [1][-]{section.44.23}{\376\377\0005\000.\0002\000\040\000S\000y\000n\000a\000p\000t\000i\000c\000\040\000I\000n\000t\000e\000g\000r\000a\000t\000i\000o\000n\000\040\000a\000s\000\040\000T\000r\000o\000p\000i\000c\000a\000l\000\040\000C\000N\000O\000T}{chapter.44}% 1997
\BOOKMARK [1][-]{section.44.24}{\376\377\0005\000.\0003\000\040\000S\000p\000i\000k\000e\000-\000T\000i\000m\000i\000n\000g\000-\000D\000e\000p\000e\000n\000d\000e\000n\000t\000\040\000P\000l\000a\000s\000t\000i\000c\000i\000t\000y\000\040\000a\000s\000\040\000T\000r\000o\000p\000i\000c\000a\000l\000\040\000G\000a\000t\000e\000\040\000S\000y\000n\000t\000h\000e\000s\000i\000s}{chapter.44}% 1998
\BOOKMARK [1][-]{section.44.25}{\376\377\0005\000.\0004\000\040\000C\000o\000r\000t\000i\000c\000a\000l\000\040\000C\000o\000l\000u\000m\000n\000s\000\040\000a\000s\000\040\000T\000r\000o\000p\000i\000c\000a\000l\000\040\000Q\000u\000a\000n\000t\000u\000m\000\040\000P\000r\000o\000c\000e\000s\000s\000o\000r\000s}{chapter.44}% 1999
\BOOKMARK [1][-]{section.44.26}{\376\377\0006\000.\000\040\000T\000h\000e\000\040\000T\000r\000o\000p\000i\000c\000a\000l\000\040\000D\000e\000c\000o\000h\000e\000r\000e\000n\000c\000e\000\040\000T\000h\000e\000o\000r\000e\000m}{chapter.44}% 2000
\BOOKMARK [1][-]{section.44.27}{\376\377\0006\000.\0001\000\040\000S\000t\000a\000t\000e\000m\000e\000n\000t}{chapter.44}% 2001
\BOOKMARK [1][-]{section.44.28}{\376\377\0006\000.\0002\000\040\000I\000n\000t\000e\000r\000p\000r\000e\000t\000a\000t\000i\000o\000n}{chapter.44}% 2002
\BOOKMARK [1][-]{section.44.29}{\376\377\0007\000.\000\040\000C\000o\000n\000s\000c\000i\000o\000u\000s\000n\000e\000s\000s\000\040\000a\000s\000\040\000a\000\040\000T\000r\000o\000p\000i\000c\000a\000l\000-\000Q\000u\000a\000n\000t\000u\000m\000\040\000P\000h\000a\000s\000e\000\040\000T\000r\000a\000n\000s\000i\000t\000i\000o\000n}{chapter.44}% 2003
\BOOKMARK [1][-]{section.44.30}{\376\377\0007\000.\0001\000\040\000T\000h\000e\000\040\000H\000y\000p\000o\000t\000h\000e\000s\000i\000s}{chapter.44}% 2004
\BOOKMARK [1][-]{section.44.31}{\376\377\0007\000.\0002\000\040\000P\000r\000e\000d\000i\000c\000t\000i\000o\000n\000s}{chapter.44}% 2005
\BOOKMARK [1][-]{section.44.32}{\376\377\0007\000.\0003\000\040\000R\000e\000l\000a\000t\000i\000o\000n\000\040\000t\000o\000\040\000E\000x\000i\000s\000t\000i\000n\000g\000\040\000T\000h\000e\000o\000r\000i\000e\000s}{chapter.44}% 2006
\BOOKMARK [1][-]{section.44.33}{\376\377\0008\000.\000\040\000A\000p\000p\000l\000i\000c\000a\000t\000i\000o\000n\000s}{chapter.44}% 2007
\BOOKMARK [1][-]{section.44.34}{\376\377\0008\000.\0001\000\040\000T\000r\000o\000p\000i\000c\000a\000l\000\040\000Q\000u\000a\000n\000t\000u\000m\000\040\000N\000e\000u\000r\000a\000l\000\040\000A\000r\000c\000h\000i\000t\000e\000c\000t\000u\000r\000e\000\040\000S\000e\000a\000r\000c\000h\000\040\000\050\000T\000Q\000-\000N\000A\000S\000\051}{chapter.44}% 2008
\BOOKMARK [1][-]{section.44.35}{\376\377\0008\000.\0002\000\040\000B\000r\000a\000i\000n\000-\000C\000o\000m\000p\000u\000t\000e\000r\000\040\000I\000n\000t\000e\000r\000f\000a\000c\000e\000s}{chapter.44}% 2009
\BOOKMARK [1][-]{section.44.36}{\376\377\0008\000.\0003\000\040\000N\000e\000u\000r\000o\000m\000o\000r\000p\000h\000i\000c\000\040\000C\000h\000i\000p\000\040\000D\000e\000s\000i\000g\000n}{chapter.44}% 2010
\BOOKMARK [1][-]{section.44.37}{\376\377\0008\000.\0004\000\040\000O\000p\000t\000i\000m\000i\000z\000a\000t\000i\000o\000n\000\040\000A\000l\000g\000o\000r\000i\000t\000h\000m\000s}{chapter.44}% 2011
\BOOKMARK [1][-]{section.44.38}{\376\377\0009\000.\000\040\000F\000o\000r\000m\000a\000l\000\040\000V\000e\000r\000i\000f\000i\000c\000a\000t\000i\000o\000n}{chapter.44}% 2012
\BOOKMARK [1][-]{section.44.39}{\376\377\0001\0000\000.\000\040\000C\000o\000n\000c\000l\000u\000s\000i\000o\000n}{chapter.44}% 2013
\BOOKMARK [1][-]{section.44.40}{\376\377\000R\000e\000f\000e\000r\000e\000n\000c\000e\000s}{chapter.44}% 2014
\BOOKMARK [1][-]{section.44.41}{\376\377\000S\000c\000i\000e\000n\000t\000i\000f\000i\000c\000\040\000A\000m\000e\000r\000i\000c\000a\000n\000\040\000A\000r\000t\000i\000c\000l\000e}{chapter.44}% 2015
\BOOKMARK [1][-]{section.44.42}{\376\377\000T\000h\000e\000\040\000A\000l\000g\000e\000b\000r\000a\000\040\000o\000f\000\040\000"\000M\000a\000x\000"}{chapter.44}% 2016
\BOOKMARK [1][-]{section.44.43}{\376\377\000W\000h\000y\000\040\000Y\000o\000u\000r\000\040\000N\000e\000u\000r\000o\000n\000s\000\040\000S\000p\000e\000a\000k\000\040\000T\000r\000o\000p\000i\000c\000a\000l}{chapter.44}% 2017
\BOOKMARK [1][-]{section.44.44}{\376\377\000W\000h\000e\000n\000\040\000Q\000u\000a\000n\000t\000u\000m\000\040\000B\000e\000c\000o\000m\000e\000s\000\040\000T\000r\000o\000p\000i\000c\000a\000l}{chapter.44}% 2018
\BOOKMARK [1][-]{section.44.45}{\376\377\000T\000h\000e\000\040\000T\000r\000o\000p\000i\000c\000a\000l\000\040\000Q\000u\000a\000n\000t\000u\000m\000\040\000G\000a\000t\000e\000s}{chapter.44}% 2019
\BOOKMARK [1][-]{section.44.46}{\376\377\000T\000h\000e\000\040\000H\000a\000d\000a\000m\000a\000r\000d\000\040\000G\000a\000t\000e\000\040\000\040\000W\000i\000n\000n\000e\000r\000-\000T\000a\000k\000e\000-\000A\000l\000l}{chapter.44}% 2020
\BOOKMARK [1][-]{section.44.47}{\376\377\000T\000h\000e\000\040\000C\000N\000O\000T\000\040\000G\000a\000t\000e\000\040\000\040\000S\000y\000n\000a\000p\000t\000i\000c\000\040\000I\000n\000t\000e\000g\000r\000a\000t\000i\000o\000n}{chapter.44}% 2021
\BOOKMARK [1][-]{section.44.48}{\376\377\000T\000h\000e\000\040\000P\000h\000a\000s\000e\000\040\000G\000a\000t\000e\000\040\000\040\000S\000y\000n\000a\000p\000t\000i\000c\000\040\000P\000l\000a\000s\000t\000i\000c\000i\000t\000y}{chapter.44}% 2022
\BOOKMARK [1][-]{section.44.49}{\376\377\000C\000o\000n\000s\000c\000i\000o\000u\000s\000n\000e\000s\000s\000\040\000a\000t\000\040\000t\000h\000e\000\040\000P\000h\000a\000s\000e\000\040\000T\000r\000a\000n\000s\000i\000t\000i\000o\000n}{chapter.44}% 2023
\BOOKMARK [1][-]{section.44.50}{\376\377\000T\000h\000e\000\040\000E\000x\000p\000e\000r\000i\000m\000e\000n\000t\000s}{chapter.44}% 2024
\BOOKMARK [1][-]{section.44.51}{\376\377\000B\000e\000y\000o\000n\000d\000\040\000t\000h\000e\000\040\000B\000r\000a\000i\000n\000:\000\040\000P\000r\000a\000c\000t\000i\000c\000a\000l\000\040\000P\000a\000y\000o\000f\000f\000s}{chapter.44}% 2025
\BOOKMARK [1][-]{section.44.52}{\376\377\000F\000a\000s\000t\000e\000r\000,\000\040\000C\000h\000e\000a\000p\000e\000r\000\040\000A\000I}{chapter.44}% 2026
\BOOKMARK [1][-]{section.44.53}{\376\377\000B\000e\000t\000t\000e\000r\000\040\000B\000r\000a\000i\000n\000-\000C\000o\000m\000p\000u\000t\000e\000r\000\040\000I\000n\000t\000e\000r\000f\000a\000c\000e\000s}{chapter.44}% 2027
\BOOKMARK [1][-]{section.44.54}{\376\377\000S\000m\000a\000r\000t\000e\000r\000\040\000O\000p\000t\000i\000m\000i\000z\000a\000t\000i\000o\000n}{chapter.44}% 2028
\BOOKMARK [1][-]{section.44.55}{\376\377\000A\000\040\000N\000e\000w\000\040\000M\000a\000t\000h\000e\000m\000a\000t\000i\000c\000s\000\040\000o\000f\000\040\000M\000i\000n\000d}{chapter.44}% 2029
\BOOKMARK [0][-]{chapter.45}{\376\377\000Q\000u\000a\000n\000t\000u\000m\000\040\000T\000r\000o\000p\000i\000c\000a\000l\000\040\000C\000o\000m\000p\000u\000t\000i\000n\000g}{part.7}% 2030
\BOOKMARK [1][-]{section.45.1}{\376\377\000F\000i\000g\000u\000r\000e\000s}{chapter.45}% 2031
\BOOKMARK [1][-]{section.45.2}{\376\377\000R\000e\000s\000e\000a\000r\000c\000h\000\040\000P\000a\000p\000e\000r}{chapter.45}% 2032
\BOOKMARK [1][-]{section.45.3}{\376\377\000A\000b\000s\000t\000r\000a\000c\000t}{chapter.45}% 2033
\BOOKMARK [1][-]{section.45.4}{\376\377\0001\000.\000\040\000I\000n\000t\000r\000o\000d\000u\000c\000t\000i\000o\000n}{chapter.45}% 2034
\BOOKMARK [1][-]{section.45.5}{\376\377\0001\000.\0001\000\040\000T\000h\000r\000e\000e\000\040\000P\000i\000l\000l\000a\000r\000s\000,\000\040\000O\000n\000e\000\040\000A\000l\000g\000e\000b\000r\000a}{chapter.45}% 2035
\BOOKMARK [1][-]{section.45.6}{\376\377\0001\000.\0002\000\040\000T\000h\000e\000\040\000T\000r\000o\000p\000i\000c\000a\000l\000\040\000S\000e\000m\000i\000r\000i\000n\000g}{chapter.45}% 2036
\BOOKMARK [1][-]{section.45.7}{\376\377\0001\000.\0003\000\040\000T\000h\000e\000\040\000M\000a\000s\000l\000o\000v\000\040\000B\000r\000i\000d\000g\000e}{chapter.45}% 2037
\BOOKMARK [1][-]{section.45.8}{\376\377\0001\000.\0004\000\040\000S\000u\000m\000m\000a\000r\000y\000\040\000o\000f\000\040\000C\000o\000n\000t\000r\000i\000b\000u\000t\000i\000o\000n\000s}{chapter.45}% 2038
\BOOKMARK [1][-]{section.45.9}{\376\377\0002\000.\000\040\000T\000r\000o\000p\000i\000c\000a\000l\000\040\000Q\000u\000a\000n\000t\000u\000m\000\040\000G\000a\000t\000e\000\040\000A\000l\000g\000e\000b\000r\000a}{chapter.45}% 2039
\BOOKMARK [1][-]{section.45.10}{\376\377\0002\000.\0001\000\040\000G\000a\000t\000e\000\040\000D\000i\000c\000t\000i\000o\000n\000a\000r\000y}{chapter.45}% 2040
\BOOKMARK [1][-]{section.45.11}{\376\377\0002\000.\0002\000\040\000K\000e\000y\000\040\000A\000l\000g\000e\000b\000r\000a\000i\000c\000\040\000P\000r\000o\000p\000e\000r\000t\000i\000e\000s\000\040\000\050\000M\000a\000c\000h\000i\000n\000e\000-\000V\000e\000r\000i\000f\000i\000e\000d\000\051}{chapter.45}% 2041
\BOOKMARK [1][-]{section.45.12}{\376\377\0002\000.\0003\000\040\000C\000o\000m\000p\000a\000r\000i\000s\000o\000n\000:\000\040\000Q\000u\000a\000n\000t\000u\000m\000\040\000v\000s\000.\000\040\000T\000r\000o\000p\000i\000c\000a\000l\000\040\000A\000l\000g\000e\000b\000r\000a}{chapter.45}% 2042
\BOOKMARK [1][-]{section.45.13}{\376\377\0003\000.\000\040\000T\000r\000o\000p\000i\000c\000a\000l\000\040\000T\000e\000n\000s\000o\000r\000\040\000P\000r\000o\000d\000u\000c\000t\000s\000\040\000a\000n\000d\000\040\000E\000n\000t\000a\000n\000g\000l\000e\000m\000e\000n\000t}{chapter.45}% 2043
\BOOKMARK [1][-]{section.45.14}{\376\377\0003\000.\0001\000\040\000T\000r\000o\000p\000i\000c\000a\000l\000\040\000T\000e\000n\000s\000o\000r\000\040\000P\000r\000o\000d\000u\000c\000t}{chapter.45}% 2044
\BOOKMARK [1][-]{section.45.15}{\376\377\0003\000.\0002\000\040\000T\000r\000o\000p\000i\000c\000a\000l\000\040\000E\000n\000t\000a\000n\000g\000l\000e\000m\000e\000n\000t}{chapter.45}% 2045
\BOOKMARK [1][-]{section.45.16}{\376\377\0003\000.\0003\000\040\000T\000r\000o\000p\000i\000c\000a\000l\000\040\000P\000a\000r\000t\000i\000a\000l\000\040\000T\000r\000a\000c\000e}{chapter.45}% 2046
\BOOKMARK [1][-]{section.45.17}{\376\377\0004\000.\000\040\000T\000h\000e\000\040\000M\000a\000s\000l\000o\000v\000\040\000S\000a\000n\000d\000w\000i\000c\000h\000\040\000T\000h\000e\000o\000r\000e\000m}{chapter.45}% 2047
\BOOKMARK [1][-]{section.45.18}{\376\377\0004\000.\0001\000\040\000S\000t\000a\000t\000e\000m\000e\000n\000t\000\040\000a\000n\000d\000\040\000P\000r\000o\000o\000f}{chapter.45}% 2048
\BOOKMARK [1][-]{section.45.19}{\376\377\0004\000.\0002\000\040\000I\000m\000p\000l\000i\000c\000a\000t\000i\000o\000n\000s}{chapter.45}% 2049
\BOOKMARK [1][-]{section.45.20}{\376\377\0005\000.\000\040\000T\000r\000o\000p\000i\000c\000a\000l\000\040\000L\000e\000a\000r\000n\000i\000n\000g\000:\000\040\000M\000o\000r\000p\000h\000o\000l\000o\000g\000i\000c\000a\000l\000\040\000B\000a\000c\000k\000p\000r\000o\000p\000a\000g\000a\000t\000i\000o\000n}{chapter.45}% 2050
\BOOKMARK [1][-]{section.45.21}{\376\377\0005\000.\0001\000\040\000T\000h\000e\000\040\000T\000r\000o\000p\000i\000c\000a\000l\000\040\000G\000r\000a\000d\000i\000e\000n\000t}{chapter.45}% 2051
\BOOKMARK [1][-]{section.45.22}{\376\377\0005\000.\0002\000\040\000T\000r\000o\000p\000i\000c\000a\000l\000\040\000B\000a\000c\000k\000p\000r\000o\000p\000a\000g\000a\000t\000i\000o\000n\000\040\000A\000l\000g\000o\000r\000i\000t\000h\000m}{chapter.45}% 2052
\BOOKMARK [1][-]{section.45.23}{\376\377\0005\000.\0003\000\040\000C\000o\000m\000p\000u\000t\000a\000t\000i\000o\000n\000a\000l\000\040\000V\000a\000l\000i\000d\000a\000t\000i\000o\000n}{chapter.45}% 2053
\BOOKMARK [1][-]{section.45.24}{\376\377\0006\000.\000\040\000T\000r\000o\000p\000i\000c\000a\000l\000\040\000I\000n\000f\000e\000r\000e\000n\000c\000e\000\040\000E\000n\000g\000i\000n\000e\000s}{chapter.45}% 2054
\BOOKMARK [1][-]{section.45.25}{\376\377\0006\000.\0001\000\040\000V\000i\000t\000e\000r\000b\000i\000\040\000=\000\040\000T\000r\000o\000p\000i\000c\000a\000l\000\040\000M\000a\000t\000r\000i\000x\000\040\000P\000o\000w\000e\000r}{chapter.45}% 2055
\BOOKMARK [1][-]{section.45.26}{\376\377\0006\000.\0002\000\040\000M\000A\000P\000\040\000B\000a\000y\000e\000s\000i\000a\000n\000\040\000I\000n\000f\000e\000r\000e\000n\000c\000e\000\040\000=\000\040\000T\000r\000o\000p\000i\000c\000a\000l\000\040\000M\000a\000r\000g\000i\000n\000a\000l\000i\000z\000a\000t\000i\000o\000n}{chapter.45}% 2056
\BOOKMARK [1][-]{section.45.27}{\376\377\0006\000.\0003\000\040\000B\000e\000l\000i\000e\000f\000\040\000P\000r\000o\000p\000a\000g\000a\000t\000i\000o\000n\000\040\000=\000\040\000T\000r\000o\000p\000i\000c\000a\000l\000\040\000M\000e\000s\000s\000a\000g\000e\000\040\000P\000a\000s\000s\000i\000n\000g}{chapter.45}% 2057
\BOOKMARK [1][-]{section.45.28}{\376\377\0006\000.\0004\000\040\000T\000h\000e\000\040\000T\000r\000o\000p\000i\000c\000a\000l\000\040\000C\000o\000m\000p\000u\000t\000i\000n\000g\000\040\000T\000r\000i\000n\000i\000t\000y}{chapter.45}% 2058
\BOOKMARK [1][-]{section.45.29}{\376\377\0007\000.\000\040\000T\000h\000e\000\040\000Q\000u\000a\000n\000t\000u\000m\000\040\000T\000r\000o\000p\000i\000c\000a\000l\000\040\000S\000i\000m\000u\000l\000a\000t\000o\000r}{chapter.45}% 2059
\BOOKMARK [1][-]{section.45.30}{\376\377\0007\000.\0001\000\040\000A\000r\000c\000h\000i\000t\000e\000c\000t\000u\000r\000e}{chapter.45}% 2060
\BOOKMARK [1][-]{section.45.31}{\376\377\0007\000.\0002\000\040\000\040\000S\000w\000e\000e\000p\000:\000\040\000O\000b\000s\000e\000r\000v\000i\000n\000g\000\040\000t\000h\000e\000\040\000P\000h\000a\000s\000e\000\040\000T\000r\000a\000n\000s\000i\000t\000i\000o\000n}{chapter.45}% 2061
\BOOKMARK [1][-]{section.45.32}{\376\377\0007\000.\0003\000\040\000M\000a\000s\000l\000o\000v\000\040\000A\000n\000n\000e\000a\000l\000i\000n\000g}{chapter.45}% 2062
\BOOKMARK [1][-]{section.45.33}{\376\377\0008\000.\000\040\000T\000h\000e\000\040\000q\000t\000l\000i\000b\000\040\000L\000i\000b\000r\000a\000r\000y}{chapter.45}% 2063
\BOOKMARK [1][-]{section.45.34}{\376\377\0008\000.\0001\000\040\000A\000r\000c\000h\000i\000t\000e\000c\000t\000u\000r\000e}{chapter.45}% 2064
\BOOKMARK [1][-]{section.45.35}{\376\377\0008\000.\0002\000\040\000A\000P\000I\000\040\000D\000e\000s\000i\000g\000n}{chapter.45}% 2065
\BOOKMARK [1][-]{section.45.36}{\376\377\0008\000.\0003\000\040\000E\000x\000a\000m\000p\000l\000e\000\040\000U\000s\000a\000g\000e}{chapter.45}% 2066
\BOOKMARK [1][-]{section.45.37}{\376\377\0009\000.\000\040\000M\000a\000c\000h\000i\000n\000e\000-\000V\000e\000r\000i\000f\000i\000e\000d\000\040\000P\000r\000o\000o\000f\000s}{chapter.45}% 2067
\BOOKMARK [1][-]{section.45.38}{\376\377\0009\000.\0001\000\040\000L\000e\000a\000n\000\040\0004\000\040\000F\000o\000r\000m\000a\000l\000i\000z\000a\000t\000i\000o\000n}{chapter.45}% 2068
\BOOKMARK [1][-]{section.45.39}{\376\377\0009\000.\0002\000\040\000A\000x\000i\000o\000m\000\040\000A\000u\000d\000i\000t}{chapter.45}% 2069
\BOOKMARK [1][-]{section.45.40}{\376\377\0001\0000\000.\000\040\000D\000i\000s\000c\000u\000s\000s\000i\000o\000n}{chapter.45}% 2070
\BOOKMARK [1][-]{section.45.41}{\376\377\0001\0000\000.\0001\000\040\000T\000h\000e\000\040\000T\000r\000o\000p\000i\000c\000a\000l\000\040\000C\000o\000m\000p\000u\000t\000i\000n\000g\000\040\000P\000a\000r\000a\000d\000i\000g\000m}{chapter.45}% 2071
\BOOKMARK [1][-]{section.45.42}{\376\377\0001\0000\000.\0002\000\040\000O\000p\000e\000n\000\040\000Q\000u\000e\000s\000t\000i\000o\000n\000s}{chapter.45}% 2072
\BOOKMARK [1][-]{section.45.43}{\376\377\0001\0000\000.\0003\000\040\000A\000p\000p\000l\000i\000c\000a\000t\000i\000o\000n\000s}{chapter.45}% 2073
\BOOKMARK [1][-]{section.45.44}{\376\377\0001\0001\000.\000\040\000C\000o\000n\000c\000l\000u\000s\000i\000o\000n}{chapter.45}% 2074
\BOOKMARK [1][-]{section.45.45}{\376\377\000R\000e\000f\000e\000r\000e\000n\000c\000e\000s}{chapter.45}% 2075
\BOOKMARK [1][-]{section.45.46}{\376\377\000A\000p\000p\000e\000n\000d\000i\000x\000\040\000A\000:\000\040\000V\000i\000s\000u\000a\000l\000i\000z\000a\000t\000i\000o\000n\000\040\000G\000a\000l\000l\000e\000r\000y}{chapter.45}% 2076
\BOOKMARK [1][-]{section.45.47}{\376\377\000A\000p\000p\000e\000n\000d\000i\000x\000\040\000B\000:\000\040\000R\000e\000p\000r\000o\000d\000u\000c\000i\000n\000g\000\040\000R\000e\000s\000u\000l\000t\000s}{chapter.45}% 2077
\BOOKMARK [1][-]{section.45.48}{\376\377\000S\000c\000i\000e\000n\000t\000i\000f\000i\000c\000\040\000A\000m\000e\000r\000i\000c\000a\000n\000\040\000A\000r\000t\000i\000c\000l\000e}{chapter.45}% 2078
\BOOKMARK [1][-]{section.45.49}{\376\377\000W\000h\000e\000n\000\040\000A\000I\000\040\000D\000o\000e\000s\000\040\000T\000r\000o\000p\000i\000c\000a\000l\000\040\000M\000a\000t\000h\000\040\000W\000i\000t\000h\000o\000u\000t\000\040\000K\000n\000o\000w\000i\000n\000g\000\040\000I\000t}{chapter.45}% 2079
\BOOKMARK [1][-]{section.45.50}{\376\377\000W\000h\000e\000n\000\040\000Q\000u\000a\000n\000t\000u\000m\000\040\000P\000h\000y\000s\000i\000c\000s\000\040\000B\000e\000c\000o\000m\000e\000s\000\040\000T\000r\000o\000p\000i\000c\000a\000l}{chapter.45}% 2080
\BOOKMARK [1][-]{section.45.51}{\376\377\000W\000h\000e\000n\000\040\000Y\000o\000u\000r\000\040\000B\000r\000a\000i\000n\000\040\000D\000o\000e\000s\000\040\000B\000o\000t\000h}{chapter.45}% 2081
\BOOKMARK [1][-]{section.45.52}{\376\377\000T\000h\000e\000\040\000T\000r\000o\000p\000i\000c\000a\000l\000\040\000C\000o\000m\000p\000u\000t\000e\000r\000\040\000o\000n\000\040\000Y\000o\000u\000r\000\040\000D\000e\000s\000k}{chapter.45}% 2082
\BOOKMARK [1][-]{section.45.53}{\376\377\000P\000r\000o\000o\000f\000\040\000b\000y\000\040\000M\000a\000c\000h\000i\000n\000e}{chapter.45}% 2083
\BOOKMARK [1][-]{section.45.54}{\376\377\000W\000h\000a\000t\000\040\000C\000o\000m\000e\000s\000\040\000N\000e\000x\000t}{chapter.45}% 2084
\BOOKMARK [1][-]{section.45.55}{\376\377\000S\000i\000d\000e\000b\000a\000r\000:\000\040\000T\000h\000e\000\040\000T\000r\000o\000p\000i\000c\000a\000l\000\040\000G\000a\000t\000e\000\040\000D\000i\000c\000t\000i\000o\000n\000a\000r\000y}{chapter.45}% 2085
\BOOKMARK [1][-]{section.45.56}{\376\377\000S\000i\000d\000e\000b\000a\000r\000:\000\040\000T\000h\000e\000\040\000M\000a\000s\000l\000o\000v\000\040\000D\000e\000f\000o\000r\000m\000a\000t\000i\000o\000n\000\040\000a\000t\000\040\000a\000\040\000G\000l\000a\000n\000c\000e}{chapter.45}% 2086
\BOOKMARK [1][-]{section.45.57}{\376\377\000S\000i\000d\000e\000b\000a\000r\000:\000\040\000H\000o\000w\000\040\000t\000o\000\040\000T\000r\000y\000\040\000I\000t\000\040\000Y\000o\000u\000r\000s\000e\000l\000f}{chapter.45}% 2087
\BOOKMARK [-1][-]{part.8}{\376\377\000V\000I\000I\000I\000\040\000I\000n\000f\000o\000r\000m\000a\000t\000i\000o\000n\000,\000\040\000C\000r\000y\000p\000t\000o\000g\000r\000a\000p\000h\000y\000\040\000\046\000\040\000S\000e\000c\000u\000r\000i\000t\000y}{}% 2088
\BOOKMARK [0][-]{chapter.46}{\376\377\000C\000r\000y\000p\000t\000o\000\040\000P\000a\000y\000w\000a\000l\000l}{part.8}% 2089
\BOOKMARK [1][-]{section.46.1}{\376\377\000F\000i\000g\000u\000r\000e\000s}{chapter.46}% 2090
\BOOKMARK [1][-]{section.46.2}{\376\377\000R\000e\000s\000e\000a\000r\000c\000h\000\040\000P\000a\000p\000e\000r}{chapter.46}% 2091
\BOOKMARK [1][-]{section.46.3}{\376\377\000A\000t\000o\000m\000i\000c\000\040\000I\000n\000f\000o\000r\000m\000a\000t\000i\000o\000n\000-\000M\000o\000n\000e\000y\000\040\000S\000w\000a\000p\000s\000\040\000v\000i\000a\000\040\000H\000a\000s\000h\000-\000L\000o\000c\000k\000e\000d\000\040\000T\000o\000k\000e\000n\000\040\000D\000i\000s\000p\000e\000n\000s\000i\000n\000g}{chapter.46}% 2092
\BOOKMARK [1][-]{section.46.4}{\376\377\000A\000b\000s\000t\000r\000a\000c\000t}{chapter.46}% 2093
\BOOKMARK [1][-]{section.46.5}{\376\377\0001\000.\000\040\000I\000n\000t\000r\000o\000d\000u\000c\000t\000i\000o\000n}{chapter.46}% 2094
\BOOKMARK [1][-]{section.46.6}{\376\377\0001\000.\0001\000\040\000T\000h\000e\000\040\000I\000n\000f\000o\000r\000m\000a\000t\000i\000o\000n\000\040\000C\000o\000m\000m\000e\000r\000c\000e\000\040\000P\000r\000o\000b\000l\000e\000m}{chapter.46}% 2095
\BOOKMARK [1][-]{section.46.7}{\376\377\0001\000.\0002\000\040\000T\000h\000e\000\040\000B\000l\000o\000c\000k\000c\000h\000a\000i\000n\000\040\000T\000r\000a\000n\000s\000p\000a\000r\000e\000n\000c\000y\000\040\000P\000a\000r\000a\000d\000o\000x}{chapter.46}% 2096
\BOOKMARK [1][-]{section.46.8}{\376\377\0001\000.\0003\000\040\000O\000u\000r\000\040\000C\000o\000n\000t\000r\000i\000b\000u\000t\000i\000o\000n\000:\000\040\000A\000l\000i\000c\000e}{chapter.46}% 2097
\BOOKMARK [1][-]{section.46.9}{\376\377\0001\000.\0004\000\040\000C\000o\000n\000t\000r\000i\000b\000u\000t\000i\000o\000n\000s}{chapter.46}% 2098
\BOOKMARK [1][-]{section.46.10}{\376\377\0002\000.\000\040\000B\000a\000c\000k\000g\000r\000o\000u\000n\000d}{chapter.46}% 2099
\BOOKMARK [1][-]{section.46.11}{\376\377\0002\000.\0001\000\040\000H\000a\000s\000h\000\040\000T\000i\000m\000e\000-\000L\000o\000c\000k\000e\000d\000\040\000C\000o\000n\000t\000r\000a\000c\000t\000s}{chapter.46}% 2100
\BOOKMARK [1][-]{section.46.12}{\376\377\0002\000.\0002\000\040\000E\000R\000C\000-\0007\0002\0001\000\040\000N\000o\000n\000-\000F\000u\000n\000g\000i\000b\000l\000e\000\040\000T\000o\000k\000e\000n\000s}{chapter.46}% 2101
\BOOKMARK [1][-]{section.46.13}{\376\377\0002\000.\0003\000\040\000T\000h\000e\000\040\000V\000e\000n\000d\000i\000n\000g\000\040\000M\000a\000c\000h\000i\000n\000e\000\040\000D\000e\000s\000i\000g\000n\000\040\000P\000a\000t\000t\000e\000r\000n}{chapter.46}% 2102
\BOOKMARK [1][-]{section.46.14}{\376\377\0003\000.\000\040\000S\000y\000s\000t\000e\000m\000\040\000D\000e\000s\000i\000g\000n}{chapter.46}% 2103
\BOOKMARK [1][-]{section.46.15}{\376\377\0003\000.\0001\000\040\000A\000r\000c\000h\000i\000t\000e\000c\000t\000u\000r\000e\000\040\000O\000v\000e\000r\000v\000i\000e\000w}{chapter.46}% 2104
\BOOKMARK [1][-]{section.46.16}{\376\377\0003\000.\0002\000\040\000I\000n\000f\000o\000r\000m\000a\000t\000i\000o\000n\000\040\000S\000l\000o\000t\000s}{chapter.46}% 2105
\BOOKMARK [1][-]{section.46.17}{\376\377\0003\000.\0003\000\040\000P\000r\000o\000t\000o\000c\000o\000l\000:\000\040\000I\000n\000s\000t\000a\000n\000t\000\040\000M\000o\000d\000e\000\040\000\050\000F\000u\000l\000l\000y\000\040\000A\000u\000t\000o\000m\000a\000t\000e\000d\000\051}{chapter.46}% 2106
\BOOKMARK [1][-]{section.46.18}{\376\377\0003\000.\0004\000\040\000P\000r\000o\000t\000o\000c\000o\000l\000:\000\040\000S\000t\000a\000n\000d\000a\000r\000d\000\040\000M\000o\000d\000e\000\040\000\050\000S\000e\000l\000l\000e\000r\000-\000M\000e\000d\000i\000a\000t\000e\000d\000\051}{chapter.46}% 2107
\BOOKMARK [1][-]{section.46.19}{\376\377\0003\000.\0005\000\040\000S\000t\000a\000t\000e\000\040\000M\000a\000c\000h\000i\000n\000e}{chapter.46}% 2108
\BOOKMARK [1][-]{section.46.20}{\376\377\0004\000.\000\040\000S\000e\000c\000u\000r\000i\000t\000y\000\040\000A\000n\000a\000l\000y\000s\000i\000s}{chapter.46}% 2109
\BOOKMARK [1][-]{section.46.21}{\376\377\0004\000.\0001\000\040\000T\000h\000r\000e\000a\000t\000\040\000M\000o\000d\000e\000l}{chapter.46}% 2110
\BOOKMARK [1][-]{section.46.22}{\376\377\0004\000.\0002\000\040\000S\000e\000c\000u\000r\000i\000t\000y\000\040\000T\000h\000e\000o\000r\000e\000m\000s}{chapter.46}% 2111
\BOOKMARK [1][-]{section.46.23}{\376\377\0004\000.\0003\000\040\000F\000r\000o\000n\000t\000-\000R\000u\000n\000n\000i\000n\000g\000\040\000A\000n\000a\000l\000y\000s\000i\000s}{chapter.46}% 2112
\BOOKMARK [1][-]{section.46.24}{\376\377\0004\000.\0004\000\040\000R\000e\000e\000n\000t\000r\000a\000n\000c\000y\000\040\000P\000r\000o\000t\000e\000c\000t\000i\000o\000n}{chapter.46}% 2113
\BOOKMARK [1][-]{section.46.25}{\376\377\0005\000.\000\040\000E\000c\000o\000n\000o\000m\000i\000c\000\040\000A\000n\000a\000l\000y\000s\000i\000s}{chapter.46}% 2114
\BOOKMARK [1][-]{section.46.26}{\376\377\0005\000.\0001\000\040\000G\000a\000s\000\040\000C\000o\000s\000t\000\040\000M\000o\000d\000e\000l}{chapter.46}% 2115
\BOOKMARK [1][-]{section.46.27}{\376\377\0005\000.\0002\000\040\000F\000e\000e\000\040\000C\000o\000m\000p\000a\000r\000i\000s\000o\000n}{chapter.46}% 2116
\BOOKMARK [1][-]{section.46.28}{\376\377\0005\000.\0003\000\040\000M\000o\000n\000t\000e\000\040\000C\000a\000r\000l\000o\000\040\000S\000i\000m\000u\000l\000a\000t\000i\000o\000n}{chapter.46}% 2117
\BOOKMARK [1][-]{section.46.29}{\376\377\0005\000.\0004\000\040\000M\000a\000r\000k\000e\000t\000\040\000S\000i\000z\000e\000\040\000E\000s\000t\000i\000m\000a\000t\000i\000o\000n}{chapter.46}% 2118
\BOOKMARK [1][-]{section.46.30}{\376\377\0006\000.\000\040\000T\000h\000e\000\040\000O\000r\000a\000c\000l\000e\000\040\000C\000o\000u\000n\000c\000i\000l\000\040\000M\000e\000t\000h\000o\000d\000o\000l\000o\000g\000y}{chapter.46}% 2119
\BOOKMARK [1][-]{section.46.31}{\376\377\0006\000.\0001\000\040\000O\000v\000e\000r\000v\000i\000e\000w}{chapter.46}% 2120
\BOOKMARK [1][-]{section.46.32}{\376\377\0006\000.\0002\000\040\000K\000e\000y\000\040\000I\000n\000s\000i\000g\000h\000t\000s\000\040\000f\000r\000o\000m\000\040\000t\000h\000e\000\040\000C\000o\000u\000n\000c\000i\000l}{chapter.46}% 2121
\BOOKMARK [1][-]{section.46.33}{\376\377\0007\000.\000\040\000E\000x\000t\000e\000n\000s\000i\000o\000n\000s\000\040\000a\000n\000d\000\040\000F\000u\000t\000u\000r\000e\000\040\000W\000o\000r\000k}{chapter.46}% 2122
\BOOKMARK [1][-]{section.46.34}{\376\377\0007\000.\0001\000\040\000Z\000e\000r\000o\000-\000K\000n\000o\000w\000l\000e\000d\000g\000e\000\040\000C\000o\000n\000t\000e\000n\000t\000\040\000V\000e\000r\000i\000f\000i\000c\000a\000t\000i\000o\000n}{chapter.46}% 2123
\BOOKMARK [1][-]{section.46.35}{\376\377\0007\000.\0002\000\040\000T\000h\000r\000e\000s\000h\000o\000l\000d\000\040\000D\000e\000c\000r\000y\000p\000t\000i\000o\000n\000\040\000v\000i\000a\000\040\000D\000A\000O}{chapter.46}% 2124
\BOOKMARK [1][-]{section.46.36}{\376\377\0007\000.\0003\000\040\000S\000u\000b\000s\000c\000r\000i\000p\000t\000i\000o\000n\000\040\000M\000o\000d\000e\000l}{chapter.46}% 2125
\BOOKMARK [1][-]{section.46.37}{\376\377\0007\000.\0004\000\040\000C\000r\000o\000s\000s\000-\000C\000h\000a\000i\000n\000\040\000D\000e\000p\000l\000o\000y\000m\000e\000n\000t}{chapter.46}% 2126
\BOOKMARK [1][-]{section.46.38}{\376\377\0007\000.\0005\000\040\000F\000o\000r\000m\000a\000l\000\040\000V\000e\000r\000i\000f\000i\000c\000a\000t\000i\000o\000n}{chapter.46}% 2127
\BOOKMARK [1][-]{section.46.39}{\376\377\0008\000.\000\040\000C\000o\000n\000c\000l\000u\000s\000i\000o\000n}{chapter.46}% 2128
\BOOKMARK [1][-]{section.46.40}{\376\377\000R\000e\000f\000e\000r\000e\000n\000c\000e\000s}{chapter.46}% 2129
\BOOKMARK [1][-]{section.46.41}{\376\377\000A\000p\000p\000e\000n\000d\000i\000x\000\040\000A\000:\000\040\000C\000o\000n\000t\000r\000a\000c\000t\000\040\000D\000e\000p\000l\000o\000y\000m\000e\000n\000t\000\040\000G\000u\000i\000d\000e}{chapter.46}% 2130
\BOOKMARK [1][-]{section.46.42}{\376\377\000A\000p\000p\000e\000n\000d\000i\000x\000\040\000B\000:\000\040\000C\000l\000i\000e\000n\000t\000\040\000I\000n\000t\000e\000g\000r\000a\000t\000i\000o\000n\000\040\000E\000x\000a\000m\000p\000l\000e}{chapter.46}% 2131
\BOOKMARK [1][-]{section.46.43}{\376\377\000S\000c\000i\000e\000n\000t\000i\000f\000i\000c\000\040\000A\000m\000e\000r\000i\000c\000a\000n\000\040\000A\000r\000t\000i\000c\000l\000e}{chapter.46}% 2132
\BOOKMARK [1][-]{section.46.44}{\376\377\000T\000h\000e\000\040\000P\000a\000r\000a\000d\000o\000x\000\040\000o\000f\000\040\000S\000e\000l\000l\000i\000n\000g\000\040\000S\000e\000c\000r\000e\000t\000s}{chapter.46}% 2133
\BOOKMARK [1][-]{section.46.45}{\376\377\000M\000e\000e\000t\000\040\000A\000l\000i\000c\000e}{chapter.46}% 2134
\BOOKMARK [1][-]{section.46.46}{\376\377\000T\000h\000e\000\040\000T\000h\000r\000e\000e\000\040\000M\000i\000r\000a\000c\000l\000e\000s}{chapter.46}% 2135
\BOOKMARK [1][-]{section.46.47}{\376\377\000T\000h\000e\000\040\000T\000o\000k\000e\000n\000\040\000E\000c\000o\000n\000o\000m\000y}{chapter.46}% 2136
\BOOKMARK [1][-]{section.46.48}{\376\377\000T\000h\000e\000\040\000F\000i\000n\000e\000\040\000P\000r\000i\000n\000t}{chapter.46}% 2137
\BOOKMARK [1][-]{section.46.49}{\376\377\000T\000h\000e\000\040\000N\000u\000m\000b\000e\000r\000s}{chapter.46}% 2138
\BOOKMARK [1][-]{section.46.50}{\376\377\000T\000h\000e\000\040\000B\000i\000g\000g\000e\000r\000\040\000P\000i\000c\000t\000u\000r\000e}{chapter.46}% 2139
\BOOKMARK [1][-]{section.46.51}{\376\377\000T\000h\000e\000\040\000P\000h\000i\000l\000o\000s\000o\000p\000h\000i\000c\000a\000l\000\040\000Q\000u\000e\000s\000t\000i\000o\000n}{chapter.46}% 2140
\BOOKMARK [1][-]{section.46.52}{\376\377\000H\000o\000w\000\040\000A\000l\000i\000c\000e\000\040\000W\000o\000r\000k\000s\000:\000\040\000A\000\040\000V\000i\000s\000u\000a\000l\000\040\000S\000u\000m\000m\000a\000r\000y}{chapter.46}% 2141
\BOOKMARK [1][-]{section.46.53}{\376\377\000B\000y\000\040\000t\000h\000e\000\040\000N\000u\000m\000b\000e\000r\000s}{chapter.46}% 2142
\BOOKMARK [0][-]{chapter.47}{\376\377\000Z\000e\000r\000o\000\040\000K\000n\000o\000w\000l\000e\000d\000g\000e\000\040\000P\000r\000o\000o\000f\000s}{part.8}% 2143
\BOOKMARK [1][-]{section.47.1}{\376\377\000F\000i\000g\000u\000r\000e\000s}{chapter.47}% 2144
\BOOKMARK [1][-]{section.47.2}{\376\377\000R\000e\000s\000e\000a\000r\000c\000h\000\040\000P\000a\000p\000e\000r}{chapter.47}% 2145
\BOOKMARK [1][-]{section.47.3}{\376\377\000A\000\040\000F\000o\000r\000m\000a\000l\000\040\000T\000r\000e\000a\000t\000m\000e\000n\000t\000\040\000w\000i\000t\000h\000\040\000M\000a\000c\000h\000i\000n\000e\000-\000V\000e\000r\000i\000f\000i\000e\000d\000\040\000P\000r\000o\000o\000f\000s}{chapter.47}% 2146
\BOOKMARK [1][-]{section.47.4}{\376\377\0001\000.\000\040\000I\000n\000t\000r\000o\000d\000u\000c\000t\000i\000o\000n}{chapter.47}% 2147
\BOOKMARK [1][-]{section.47.5}{\376\377\0001\000.\0001\000\040\000T\000h\000e\000\040\000F\000u\000n\000d\000a\000m\000e\000n\000t\000a\000l\000\040\000P\000r\000o\000b\000l\000e\000m}{chapter.47}% 2148
\BOOKMARK [1][-]{section.47.6}{\376\377\0001\000.\0002\000\040\000H\000i\000s\000t\000o\000r\000i\000c\000a\000l\000\040\000C\000o\000n\000t\000e\000x\000t}{chapter.47}% 2149
\BOOKMARK [1][-]{section.47.7}{\376\377\0001\000.\0003\000\040\000C\000o\000n\000t\000r\000i\000b\000u\000t\000i\000o\000n\000s}{chapter.47}% 2150
\BOOKMARK [1][-]{section.47.8}{\376\377\0002\000.\000\040\000D\000e\000f\000i\000n\000i\000t\000i\000o\000n\000s\000\040\000a\000n\000d\000\040\000F\000r\000a\000m\000e\000w\000o\000r\000k}{chapter.47}% 2151
\BOOKMARK [1][-]{section.47.9}{\376\377\0002\000.\0001\000\040\000I\000n\000t\000e\000r\000a\000c\000t\000i\000v\000e\000\040\000P\000r\000o\000o\000f\000\040\000S\000y\000s\000t\000e\000m\000s}{chapter.47}% 2152
\BOOKMARK [1][-]{section.47.10}{\376\377\0002\000.\0002\000\040\000Z\000e\000r\000o\000-\000K\000n\000o\000w\000l\000e\000d\000g\000e}{chapter.47}% 2153
\BOOKMARK [1][-]{section.47.11}{\376\377\0002\000.\0003\000\040\000P\000r\000o\000o\000f\000s\000\040\000o\000f\000\040\000K\000n\000o\000w\000l\000e\000d\000g\000e}{chapter.47}% 2154
\BOOKMARK [1][-]{section.47.12}{\376\377\0003\000.\000\040\000T\000h\000e\000\040\000S\000c\000h\000n\000o\000r\000r\000\040\000P\000r\000o\000t\000o\000c\000o\000l}{chapter.47}% 2155
\BOOKMARK [1][-]{section.47.13}{\376\377\0003\000.\0001\000\040\000S\000e\000t\000u\000p}{chapter.47}% 2156
\BOOKMARK [1][-]{section.47.14}{\376\377\0003\000.\0002\000\040\000P\000r\000o\000t\000o\000c\000o\000l}{chapter.47}% 2157
\BOOKMARK [1][-]{section.47.15}{\376\377\0003\000.\0003\000\040\000C\000o\000m\000p\000l\000e\000t\000e\000n\000e\000s\000s}{chapter.47}% 2158
\BOOKMARK [1][-]{section.47.16}{\376\377\0003\000.\0004\000\040\000S\000p\000e\000c\000i\000a\000l\000\040\000S\000o\000u\000n\000d\000n\000e\000s\000s\000\040\000\050\000K\000n\000o\000w\000l\000e\000d\000g\000e\000\040\000E\000x\000t\000r\000a\000c\000t\000i\000o\000n\000\051}{chapter.47}% 2159
\BOOKMARK [1][-]{section.47.17}{\376\377\0003\000.\0005\000\040\000H\000o\000n\000e\000s\000t\000-\000V\000e\000r\000i\000f\000i\000e\000r\000\040\000Z\000e\000r\000o\000-\000K\000n\000o\000w\000l\000e\000d\000g\000e}{chapter.47}% 2160
\BOOKMARK [1][-]{section.47.18}{\376\377\0004\000.\000\040\000U\000n\000i\000v\000e\000r\000s\000a\000l\000i\000t\000y\000:\000\040\000T\000h\000e\000\040\000G\000M\000W\000\040\000T\000h\000e\000o\000r\000e\000m}{chapter.47}% 2161
\BOOKMARK [1][-]{section.47.19}{\376\377\0004\000.\0001\000\040\000S\000t\000a\000t\000e\000m\000e\000n\000t}{chapter.47}% 2162
\BOOKMARK [1][-]{section.47.20}{\376\377\0004\000.\0002\000\040\000P\000r\000o\000o\000f\000\040\000S\000k\000e\000t\000c\000h}{chapter.47}% 2163
\BOOKMARK [1][-]{section.47.21}{\376\377\0004\000.\0003\000\040\000I\000m\000p\000l\000i\000c\000a\000t\000i\000o\000n\000s}{chapter.47}% 2164
\BOOKMARK [1][-]{section.47.22}{\376\377\0005\000.\000\040\000P\000r\000a\000c\000t\000i\000c\000a\000l\000\040\000P\000r\000o\000t\000o\000c\000o\000l\000s\000\040\000f\000o\000r\000\040\000S\000e\000l\000l\000i\000n\000g\000\040\000M\000a\000t\000h\000e\000m\000a\000t\000i\000c\000a\000l\000\040\000S\000e\000c\000r\000e\000t\000s}{chapter.47}% 2165
\BOOKMARK [1][-]{section.47.23}{\376\377\0005\000.\0001\000\040\000P\000r\000o\000t\000o\000c\000o\000l\000\040\000O\000v\000e\000r\000v\000i\000e\000w}{chapter.47}% 2166
\BOOKMARK [1][-]{section.47.24}{\376\377\0005\000.\0002\000\040\000C\000o\000n\000c\000r\000e\000t\000e\000\040\000I\000n\000s\000t\000a\000n\000t\000i\000a\000t\000i\000o\000n\000s}{chapter.47}% 2167
\BOOKMARK [1][-]{section.47.25}{\376\377\0005\000.\0003\000\040\000N\000o\000n\000-\000I\000n\000t\000e\000r\000a\000c\000t\000i\000v\000e\000\040\000V\000a\000r\000i\000a\000n\000t\000s}{chapter.47}% 2168
\BOOKMARK [1][-]{section.47.26}{\376\377\0005\000.\0004\000\040\000M\000o\000d\000e\000r\000n\000\040\000A\000p\000p\000r\000o\000a\000c\000h\000e\000s\000:\000\040\000Z\000K\000-\000S\000N\000A\000R\000K\000s}{chapter.47}% 2169
\BOOKMARK [1][-]{section.47.27}{\376\377\0006\000.\000\040\000F\000o\000r\000m\000a\000l\000\040\000V\000e\000r\000i\000f\000i\000c\000a\000t\000i\000o\000n\000\040\000i\000n\000\040\000L\000e\000a\000n\000\040\0004}{chapter.47}% 2170
\BOOKMARK [1][-]{section.47.28}{\376\377\0006\000.\0001\000\040\000S\000c\000h\000n\000o\000r\000r\000\040\000C\000o\000m\000p\000l\000e\000t\000e\000n\000e\000s\000s}{chapter.47}% 2171
\BOOKMARK [1][-]{section.47.29}{\376\377\0006\000.\0002\000\040\000S\000c\000h\000n\000o\000r\000r\000\040\000E\000x\000t\000r\000a\000c\000t\000i\000o\000n}{chapter.47}% 2172
\BOOKMARK [1][-]{section.47.30}{\376\377\0006\000.\0003\000\040\000S\000i\000m\000u\000l\000a\000t\000o\000r\000\040\000V\000a\000l\000i\000d\000i\000t\000y}{chapter.47}% 2173
\BOOKMARK [1][-]{section.47.31}{\376\377\0007\000.\000\040\000E\000x\000p\000e\000r\000i\000m\000e\000n\000t\000a\000l\000\040\000R\000e\000s\000u\000l\000t\000s}{chapter.47}% 2174
\BOOKMARK [1][-]{section.47.32}{\376\377\0007\000.\0001\000\040\000A\000l\000i\000\040\000B\000a\000b\000a\000\040\000C\000a\000v\000e\000\040\000S\000i\000m\000u\000l\000a\000t\000i\000o\000n}{chapter.47}% 2175
\BOOKMARK [1][-]{section.47.33}{\376\377\0007\000.\0002\000\040\000S\000c\000h\000n\000o\000r\000r\000\040\000P\000r\000o\000t\000o\000c\000o\000l\000\040\000D\000i\000s\000t\000r\000i\000b\000u\000t\000i\000o\000n\000\040\000A\000n\000a\000l\000y\000s\000i\000s}{chapter.47}% 2176
\BOOKMARK [1][-]{section.47.34}{\376\377\0007\000.\0003\000\040\000G\000r\000a\000p\000h\000\040\0003\000-\000C\000o\000l\000o\000r\000i\000n\000g\000\040\000Z\000K\000P}{chapter.47}% 2177
\BOOKMARK [1][-]{section.47.35}{\376\377\0008\000.\000\040\000C\000o\000n\000c\000l\000u\000s\000i\000o\000n}{chapter.47}% 2178
\BOOKMARK [1][-]{section.47.36}{\376\377\000R\000e\000f\000e\000r\000e\000n\000c\000e\000s}{chapter.47}% 2179
\BOOKMARK [1][-]{section.47.37}{\376\377\000S\000c\000i\000e\000n\000t\000i\000f\000i\000c\000\040\000A\000m\000e\000r\000i\000c\000a\000n\000\040\000A\000r\000t\000i\000c\000l\000e}{chapter.47}% 2180
\BOOKMARK [1][-]{section.47.38}{\376\377\000*\000Z\000e\000r\000o\000-\000k\000n\000o\000w\000l\000e\000d\000g\000e\000\040\000p\000r\000o\000o\000f\000s\000\040\000l\000e\000t\000\040\000y\000o\000u\000\040\000c\000o\000n\000v\000i\000n\000c\000e\000\040\000t\000h\000e\000\040\000w\000o\000r\000l\000d\000\040\000y\000o\000u\000\040\000h\000o\000l\000d\000\040\000t\000h\000e\000\040\000k\000e\000y\000\040\040\024\000\040\000w\000h\000i\000l\000e\000\040\000k\000e\000e\000p\000i\000n\000g\000\040\000t\000h\000e\000\040\000k\000e\000y\000\040\000i\000n\000\040\000y\000o\000u\000r\000\040\000p\000o\000c\000k\000e\000t\000*}{chapter.47}% 2181
\BOOKMARK [1][-]{section.47.39}{\376\377\000T\000h\000e\000\040\000C\000a\000v\000e\000\040\000o\000f\000\040\000A\000l\000i\000\040\000B\000a\000b\000a}{chapter.47}% 2182
\BOOKMARK [1][-]{section.47.40}{\376\377\000F\000r\000o\000m\000\040\000C\000a\000v\000e\000s\000\040\000t\000o\000\040\000A\000l\000g\000e\000b\000r\000a}{chapter.47}% 2183
\BOOKMARK [1][-]{section.47.41}{\376\377\000T\000h\000e\000\040\000U\000n\000i\000v\000e\000r\000s\000a\000l\000i\000t\000y\000\040\000T\000h\000e\000o\000r\000e\000m\000:\000\040\000A\000n\000y\000t\000h\000i\000n\000g\000\040\000V\000e\000r\000i\000f\000i\000a\000b\000l\000e\000\040\000I\000s\000\040\000P\000r\000o\000v\000a\000b\000l\000e\000\040\000i\000n\000\040\000Z\000e\000r\000o\000\040\000K\000n\000o\000w\000l\000e\000d\000g\000e}{chapter.47}% 2184
\BOOKMARK [1][-]{section.47.42}{\376\377\000S\000e\000l\000l\000i\000n\000g\000\040\000S\000e\000c\000r\000e\000t\000s\000:\000\040\000A\000\040\000P\000r\000a\000c\000t\000i\000c\000a\000l\000\040\000P\000r\000o\000t\000o\000c\000o\000l}{chapter.47}% 2185
\BOOKMARK [1][-]{section.47.43}{\376\377\000P\000h\000a\000s\000e\000\040\0001\000:\000\040\000A\000d\000v\000e\000r\000t\000i\000s\000e}{chapter.47}% 2186
\BOOKMARK [1][-]{section.47.44}{\376\377\000P\000h\000a\000s\000e\000\040\0002\000:\000\040\000P\000r\000o\000v\000e}{chapter.47}% 2187
\BOOKMARK [1][-]{section.47.45}{\376\377\000P\000h\000a\000s\000e\000\040\0003\000:\000\040\000E\000s\000c\000r\000o\000w}{chapter.47}% 2188
\BOOKMARK [1][-]{section.47.46}{\376\377\000P\000h\000a\000s\000e\000\040\0004\000:\000\040\000R\000e\000v\000e\000a\000l}{chapter.47}% 2189
\BOOKMARK [1][-]{section.47.47}{\376\377\000T\000h\000e\000\040\000T\000e\000c\000h\000n\000o\000l\000o\000g\000y\000\040\000I\000s\000\040\000H\000e\000r\000e\000\040\000T\000o\000d\000a\000y}{chapter.47}% 2190
\BOOKMARK [1][-]{section.47.48}{\376\377\000W\000h\000a\000t\000\040\000M\000a\000k\000e\000s\000\040\000T\000h\000i\000s\000\040\000S\000o\000\040\000R\000e\000m\000a\000r\000k\000a\000b\000l\000e}{chapter.47}% 2191
\BOOKMARK [1][-]{section.47.49}{\376\377\000F\000u\000r\000t\000h\000e\000r\000\040\000R\000e\000a\000d\000i\000n\000g}{chapter.47}% 2192
\BOOKMARK [-1][-]{part.9}{\376\377\000I\000X\000\040\000Q\000u\000a\000n\000t\000u\000m\000\040\000\046\000\040\000H\000o\000l\000o\000g\000r\000a\000p\000h\000i\000c\000\040\000T\000h\000e\000o\000r\000y}{}% 2193
\BOOKMARK [0][-]{chapter.48}{\376\377\000Q\000u\000a\000n\000t\000u\000m\000\040\000E\000r\000r\000o\000r\000-\000C\000o\000r\000r\000e\000c\000t\000i\000n\000g\000\040\000C\000o\000d\000e\000s}{part.9}% 2194
\BOOKMARK [1][-]{section.48.1}{\376\377\000F\000i\000g\000u\000r\000e\000s}{chapter.48}% 2195
\BOOKMARK [1][-]{section.48.2}{\376\377\000R\000e\000s\000e\000a\000r\000c\000h\000\040\000P\000a\000p\000e\000r}{chapter.48}% 2196
\BOOKMARK [1][-]{section.48.3}{\376\377\0001\000.\000\040\000I\000n\000t\000r\000o\000d\000u\000c\000t\000i\000o\000n}{chapter.48}% 2197
\BOOKMARK [1][-]{section.48.4}{\376\377\0001\000.\0001\000\040\000T\000h\000e\000\040\000Q\000u\000e\000s\000t\000i\000o\000n\000\040\000o\000f\000\040\000B\000a\000c\000k\000d\000o\000o\000r\000s}{chapter.48}% 2198
\BOOKMARK [1][-]{section.48.5}{\376\377\0001\000.\0002\000\040\000Q\000u\000a\000n\000t\000u\000m\000\040\000R\000e\000v\000e\000r\000s\000i\000b\000i\000l\000i\000t\000y}{chapter.48}% 2199
\BOOKMARK [1][-]{section.48.6}{\376\377\0001\000.\0003\000\040\000T\000h\000e\000\040\000R\000e\000a\000l\000\040\000T\000h\000r\000e\000a\000t\000:\000\040\000S\000h\000o\000r\000'\000s\000\040\000A\000l\000g\000o\000r\000i\000t\000h\000m}{chapter.48}% 2200
\BOOKMARK [1][-]{section.48.7}{\376\377\0002\000.\000\040\000M\000a\000t\000h\000e\000m\000a\000t\000i\000c\000a\000l\000\040\000F\000r\000a\000m\000e\000w\000o\000r\000k}{chapter.48}% 2201
\BOOKMARK [1][-]{section.48.8}{\376\377\0002\000.\0001\000\040\000Q\000u\000a\000n\000t\000u\000m\000\040\000G\000a\000t\000e\000\040\000A\000l\000g\000e\000b\000r\000a}{chapter.48}% 2202
\BOOKMARK [1][-]{section.48.9}{\376\377\0002\000.\0002\000\040\000E\000l\000l\000i\000p\000t\000i\000c\000\040\000C\000u\000r\000v\000e\000\040\000G\000r\000o\000u\000p\000\040\000S\000t\000r\000u\000c\000t\000u\000r\000e}{chapter.48}% 2203
\BOOKMARK [1][-]{section.48.10}{\376\377\0002\000.\0003\000\040\000T\000h\000e\000\040\000E\000C\000D\000L\000P\000-\000t\000o\000-\000P\000e\000r\000i\000o\000d\000-\000F\000i\000n\000d\000i\000n\000g\000\040\000R\000e\000d\000u\000c\000t\000i\000o\000n}{chapter.48}% 2204
\BOOKMARK [1][-]{section.48.11}{\376\377\0003\000.\000\040\000N\000o\000v\000e\000l\000\040\000H\000y\000p\000o\000t\000h\000e\000s\000e\000s\000\040\000a\000n\000d\000\040\000E\000x\000p\000e\000r\000i\000m\000e\000n\000t\000s}{chapter.48}% 2205
\BOOKMARK [1][-]{section.48.12}{\376\377\000H\000y\000p\000o\000t\000h\000e\000s\000i\000s\000\040\0001\000:\000\040\000A\000l\000g\000e\000b\000r\000a\000i\000c\000\040\000S\000t\000r\000u\000c\000t\000u\000r\000e\000\040\000P\000r\000e\000s\000e\000r\000v\000a\000t\000i\000o\000n}{chapter.48}% 2206
\BOOKMARK [1][-]{section.48.13}{\376\377\000H\000y\000p\000o\000t\000h\000e\000s\000i\000s\000\040\0002\000:\000\040\000G\000a\000t\000e\000\040\000C\000o\000m\000p\000l\000e\000x\000i\000t\000y\000\040\000L\000o\000w\000e\000r\000\040\000B\000o\000u\000n\000d}{chapter.48}% 2207
\BOOKMARK [1][-]{section.48.14}{\376\377\000H\000y\000p\000o\000t\000h\000e\000s\000i\000s\000\040\0003\000:\000\040\000D\000u\000a\000l\000\137\000E\000C\000\137\000D\000R\000B\000G\000\040\000v\000s\000\040\000s\000e\000c\000p\0002\0005\0006\000k\0001\000\040\040\024\000\040\000S\000t\000r\000u\000c\000t\000u\000r\000a\000l\000\040\000C\000o\000m\000p\000a\000r\000i\000s\000o\000n}{chapter.48}% 2208
\BOOKMARK [1][-]{section.48.15}{\376\377\000H\000y\000p\000o\000t\000h\000e\000s\000i\000s\000\040\0004\000:\000\040\000Q\000u\000a\000n\000t\000u\000m\000\040\000A\000d\000v\000a\000n\000t\000a\000g\000e\000\040\000T\000h\000r\000e\000s\000h\000o\000l\000d}{chapter.48}% 2209
\BOOKMARK [1][-]{section.48.16}{\376\377\0004\000.\000\040\000T\000h\000e\000\040\000I\000n\000v\000e\000r\000s\000e\000\040\000Q\000u\000a\000n\000t\000u\000m\000\040\000C\000i\000r\000c\000u\000i\000t\000\040\000C\000o\000n\000s\000t\000r\000u\000c\000t\000i\000o\000n}{chapter.48}% 2210
\BOOKMARK [1][-]{section.48.17}{\376\377\0004\000.\0001\000\040\000A\000l\000g\000o\000r\000i\000t\000h\000m\000\040\000f\000o\000r\000\040\000C\000i\000r\000c\000u\000i\000t\000\040\000I\000n\000v\000e\000r\000s\000i\000o\000n}{chapter.48}% 2211
\BOOKMARK [1][-]{section.48.18}{\376\377\0004\000.\0002\000\040\000A\000d\000j\000o\000i\000n\000t\000\040\000R\000u\000l\000e\000s\000\040\000f\000o\000r\000\040\000S\000t\000a\000n\000d\000a\000r\000d\000\040\000G\000a\000t\000e\000s}{chapter.48}% 2212
\BOOKMARK [1][-]{section.48.19}{\376\377\0004\000.\0003\000\040\000A\000p\000p\000l\000i\000c\000a\000t\000i\000o\000n\000:\000\040\000U\000n\000c\000o\000m\000p\000u\000t\000a\000t\000i\000o\000n\000\040\000i\000n\000\040\000S\000h\000o\000r\000'\000s\000\040\000A\000l\000g\000o\000r\000i\000t\000h\000m}{chapter.48}% 2213
\BOOKMARK [1][-]{section.48.20}{\376\377\0005\000.\000\040\000F\000o\000r\000m\000a\000l\000i\000z\000e\000d\000\040\000R\000e\000s\000u\000l\000t\000s\000\040\000\050\000L\000e\000a\000n\000\040\0004\000\051}{chapter.48}% 2214
\BOOKMARK [1][-]{section.48.21}{\376\377\0006\000.\000\040\000C\000o\000n\000c\000l\000u\000s\000i\000o\000n\000s}{chapter.48}% 2215
\BOOKMARK [1][-]{section.48.22}{\376\377\000R\000e\000f\000e\000r\000e\000n\000c\000e\000s}{chapter.48}% 2216
\BOOKMARK [1][-]{section.48.23}{\376\377\000S\000c\000i\000e\000n\000t\000i\000f\000i\000c\000\040\000A\000m\000e\000r\000i\000c\000a\000n\000\040\000A\000r\000t\000i\000c\000l\000e}{chapter.48}% 2217
\BOOKMARK [1][-]{section.48.24}{\376\377\000T\000h\000e\000\040\000\044\0001\000.\0007\000\040\000T\000r\000i\000l\000l\000i\000o\000n\000\040\000Q\000u\000e\000s\000t\000i\000o\000n}{chapter.48}% 2218
\BOOKMARK [1][-]{section.48.25}{\376\377\000T\000h\000e\000\040\000B\000a\000c\000k\000d\000o\000o\000r\000\040\000T\000h\000a\000t\000\040\000W\000a\000s\000n\000'\000t}{chapter.48}% 2219
\BOOKMARK [1][-]{section.48.26}{\376\377\000R\000u\000n\000n\000i\000n\000g\000\040\000C\000o\000m\000p\000u\000t\000a\000t\000i\000o\000n\000\040\000B\000a\000c\000k\000w\000a\000r\000d\000s\000:\000\040\000Q\000u\000a\000n\000t\000u\000m\000\040\000M\000i\000r\000r\000o\000r\000s}{chapter.48}% 2220
\BOOKMARK [1][-]{section.48.27}{\376\377\000T\000h\000e\000\040\000R\000e\000a\000l\000\040\000Q\000u\000a\000n\000t\000u\000m\000\040\000T\000h\000r\000e\000a\000t\000:\000\040\000S\000h\000o\000r\000'\000s\000\040\000A\000l\000g\000o\000r\000i\000t\000h\000m}{chapter.48}% 2221
\BOOKMARK [1][-]{section.48.28}{\376\377\000T\000h\000e\000\040\000C\000a\000t\000c\000h\000:\000\040\000W\000e\000'\000r\000e\000\040\000N\000o\000t\000\040\000T\000h\000e\000r\000e\000\040\000Y\000e\000t}{chapter.48}% 2222
\BOOKMARK [1][-]{section.48.29}{\376\377\000N\000e\000w\000\040\000M\000a\000t\000h\000e\000m\000a\000t\000i\000c\000s\000:\000\040\000W\000h\000e\000r\000e\000\040\000Q\000u\000a\000n\000t\000u\000m\000\040\000M\000e\000e\000t\000s\000\040\000C\000u\000r\000v\000e\000s}{chapter.48}% 2223
\BOOKMARK [1][-]{section.48.30}{\376\377\000T\000h\000e\000\040\000G\000r\000o\000u\000p\000\040\000H\000o\000m\000o\000m\000o\000r\000p\000h\000i\000s\000m\000\040\000P\000r\000e\000s\000e\000r\000v\000a\000t\000i\000o\000n\000\040\000T\000h\000e\000o\000r\000e\000m}{chapter.48}% 2224
\BOOKMARK [1][-]{section.48.31}{\376\377\000T\000h\000e\000\040\000T\000-\000G\000a\000t\000e\000\040\000C\000o\000m\000p\000l\000e\000x\000i\000t\000y\000\040\000B\000a\000r\000r\000i\000e\000r}{chapter.48}% 2225
\BOOKMARK [1][-]{section.48.32}{\376\377\000T\000h\000e\000\040\000C\000l\000a\000s\000s\000i\000c\000a\000l\000-\000Q\000u\000a\000n\000t\000u\000m\000\040\000S\000e\000c\000u\000r\000i\000t\000y\000\040\000C\000r\000o\000s\000s\000o\000v\000e\000r}{chapter.48}% 2226
\BOOKMARK [1][-]{section.48.33}{\376\377\000W\000h\000a\000t\000\040\000T\000h\000i\000s\000\040\000M\000e\000a\000n\000s\000\040\000f\000o\000r\000\040\000B\000i\000t\000c\000o\000i\000n}{chapter.48}% 2227
\BOOKMARK [1][-]{section.48.34}{\376\377\000T\000h\000e\000\040\000G\000o\000o\000d\000\040\000N\000e\000w\000s}{chapter.48}% 2228
\BOOKMARK [1][-]{section.48.35}{\376\377\000T\000h\000e\000\040\000P\000r\000u\000d\000e\000n\000t\000\040\000N\000e\000w\000s}{chapter.48}% 2229
\BOOKMARK [1][-]{section.48.36}{\376\377\000T\000h\000e\000\040\000T\000i\000m\000e\000l\000i\000n\000e}{chapter.48}% 2230
\BOOKMARK [1][-]{section.48.37}{\376\377\000T\000r\000y\000\040\000I\000t\000\040\000Y\000o\000u\000r\000s\000e\000l\000f}{chapter.48}% 2231
\BOOKMARK [1][-]{section.48.38}{\376\377\000T\000h\000e\000\040\000B\000i\000g\000g\000e\000r\000\040\000P\000i\000c\000t\000u\000r\000e}{chapter.48}% 2232
\BOOKMARK [0][-]{chapter.49}{\376\377\000H\000o\000l\000o\000g\000r\000a\000p\000h\000i\000c\000\040\000T\000h\000e\000o\000r\000y}{part.9}% 2233
\BOOKMARK [1][-]{section.49.1}{\376\377\000F\000i\000g\000u\000r\000e\000s}{chapter.49}% 2234
\BOOKMARK [1][-]{section.49.2}{\376\377\000R\000e\000s\000e\000a\000r\000c\000h\000\040\000P\000a\000p\000e\000r}{chapter.49}% 2235
\BOOKMARK [1][-]{section.49.3}{\376\377\000A\000b\000s\000t\000r\000a\000c\000t}{chapter.49}% 2236
\BOOKMARK [1][-]{section.49.4}{\376\377\0001\000.\000\040\000I\000n\000t\000r\000o\000d\000u\000c\000t\000i\000o\000n}{chapter.49}% 2237
\BOOKMARK [1][-]{section.49.5}{\376\377\0001\000.\0001\000\040\000T\000h\000e\000\040\000H\000o\000l\000o\000g\000r\000a\000p\000h\000i\000c\000\040\000B\000o\000t\000t\000l\000e\000n\000e\000c\000k}{chapter.49}% 2238
\BOOKMARK [1][-]{section.49.6}{\376\377\0001\000.\0002\000\040\000O\000v\000e\000r\000v\000i\000e\000w\000\040\000o\000f\000\040\000C\000o\000n\000t\000r\000i\000b\000u\000t\000i\000o\000n\000s}{chapter.49}% 2239
\BOOKMARK [1][-]{section.49.7}{\376\377\0002\000.\000\040\000T\000o\000p\000o\000l\000o\000g\000i\000c\000a\000l\000\040\000P\000h\000a\000s\000e\000\040\000L\000a\000t\000t\000i\000c\000e\000\040\000T\000h\000e\000o\000r\000y}{chapter.49}% 2240
\BOOKMARK [1][-]{section.49.8}{\376\377\0002\000.\0001\000\040\000P\000h\000a\000s\000e\000\040\000M\000a\000n\000i\000f\000o\000l\000d\000s\000\040\000a\000n\000d\000\040\000C\000o\000h\000o\000m\000o\000l\000o\000g\000y}{chapter.49}% 2241
\BOOKMARK [1][-]{section.49.9}{\376\377\0002\000.\0002\000\040\000T\000h\000e\000\040\000P\000h\000a\000s\000e\000\040\000C\000u\000r\000v\000a\000t\000u\000r\000e\000\040\000C\000o\000n\000n\000e\000c\000t\000i\000o\000n}{chapter.49}% 2242
\BOOKMARK [1][-]{section.49.10}{\376\377\0002\000.\0003\000\040\000T\000h\000e\000\040\000L\000a\000t\000t\000i\000c\000e\000\040\000D\000e\000c\000o\000m\000p\000o\000s\000i\000t\000i\000o\000n\000\040\000T\000h\000e\000o\000r\000e\000m}{chapter.49}% 2243
\BOOKMARK [1][-]{section.49.11}{\376\377\0003\000.\000\040\000P\000h\000a\000s\000e\000\040\000E\000n\000t\000r\000o\000p\000y\000\040\000a\000n\000d\000\040\000H\000o\000l\000o\000g\000r\000a\000p\000h\000i\000c\000\040\000F\000i\000d\000e\000l\000i\000t\000y\000\040\000B\000o\000u\000n\000d\000s}{chapter.49}% 2244
\BOOKMARK [1][-]{section.49.12}{\376\377\0003\000.\0001\000\040\000P\000h\000a\000s\000e\000\040\000E\000n\000t\000r\000o\000p\000y\000\040\000F\000u\000n\000c\000t\000i\000o\000n\000a\000l}{chapter.49}% 2245
\BOOKMARK [1][-]{section.49.13}{\376\377\0003\000.\0002\000\040\000T\000h\000e\000\040\000H\000o\000l\000o\000g\000r\000a\000p\000h\000i\000c\000\040\000F\000i\000d\000e\000l\000i\000t\000y\000\040\000T\000h\000e\000o\000r\000e\000m}{chapter.49}% 2246
\BOOKMARK [1][-]{section.49.14}{\376\377\0003\000.\0003\000\040\000Q\000u\000a\000n\000t\000u\000m\000\040\000E\000n\000h\000a\000n\000c\000e\000m\000e\000n\000t\000\040\000o\000f\000\040\000P\000h\000a\000s\000e\000\040\000E\000n\000t\000r\000o\000p\000y}{chapter.49}% 2247
\BOOKMARK [1][-]{section.49.15}{\376\377\0004\000.\000\040\000Q\000u\000a\000n\000t\000u\000m\000\040\000L\000a\000s\000e\000r\000\040\000A\000r\000c\000h\000i\000t\000e\000c\000t\000u\000r\000e\000s}{chapter.49}% 2248
\BOOKMARK [1][-]{section.49.16}{\376\377\0004\000.\0001\000\040\000T\000o\000p\000o\000l\000o\000g\000i\000c\000a\000l\000\040\000C\000a\000s\000c\000a\000d\000e\000\040\000L\000a\000s\000e\000r\000\040\000\050\000T\000C\000L\000\051}{chapter.49}% 2249
\BOOKMARK [1][-]{section.49.17}{\376\377\0004\000.\0002\000\040\000E\000n\000t\000a\000n\000g\000l\000e\000d\000\040\000P\000h\000o\000t\000o\000n\000\040\000P\000a\000i\000r\000\040\000C\000a\000s\000c\000a\000d\000e\000\040\000\050\000E\000P\000P\000C\000\051\000\040\000L\000a\000s\000e\000r}{chapter.49}% 2250
\BOOKMARK [1][-]{section.49.18}{\376\377\0004\000.\0003\000\040\000S\000q\000u\000e\000e\000z\000e\000d\000\040\000V\000a\000c\000u\000u\000m\000\040\000H\000o\000l\000o\000g\000r\000a\000p\000h\000i\000c\000\040\000S\000o\000u\000r\000c\000e\000\040\000\050\000S\000V\000H\000S\000\051}{chapter.49}% 2251
\BOOKMARK [1][-]{section.49.19}{\376\377\0005\000.\000\040\000H\000o\000l\000o\000g\000r\000a\000p\000h\000i\000c\000\040\000P\000r\000o\000j\000e\000c\000t\000o\000r\000\040\000D\000e\000v\000i\000c\000e\000\040\000A\000r\000c\000h\000i\000t\000e\000c\000t\000u\000r\000e}{chapter.49}% 2252
\BOOKMARK [1][-]{section.49.20}{\376\377\0005\000.\0001\000\040\000S\000y\000s\000t\000e\000m\000\040\000O\000v\000e\000r\000v\000i\000e\000w}{chapter.49}% 2253
\BOOKMARK [1][-]{section.49.21}{\376\377\0005\000.\0002\000\040\000C\000o\000m\000p\000o\000n\000e\000n\000t\000\040\000S\000p\000e\000c\000i\000f\000i\000c\000a\000t\000i\000o\000n\000s}{chapter.49}% 2254
\BOOKMARK [1][-]{section.49.22}{\376\377\0005\000.\0003\000\040\000O\000p\000e\000r\000a\000t\000i\000n\000g\000\040\000P\000r\000i\000n\000c\000i\000p\000l\000e}{chapter.49}% 2255
\BOOKMARK [1][-]{section.49.23}{\376\377\0005\000.\0004\000\040\000P\000r\000e\000d\000i\000c\000t\000e\000d\000\040\000P\000e\000r\000f\000o\000r\000m\000a\000n\000c\000e}{chapter.49}% 2256
\BOOKMARK [1][-]{section.49.24}{\376\377\0006\000.\000\040\000N\000u\000m\000e\000r\000i\000c\000a\000l\000\040\000E\000x\000p\000e\000r\000i\000m\000e\000n\000t\000s\000\040\000a\000n\000d\000\040\000V\000a\000l\000i\000d\000a\000t\000i\000o\000n}{chapter.49}% 2257
\BOOKMARK [1][-]{section.49.25}{\376\377\0006\000.\0001\000\040\000E\000x\000p\000e\000r\000i\000m\000e\000n\000t\000\040\0001\000:\000\040\000T\000P\000L\000\040\000D\000e\000c\000o\000m\000p\000o\000s\000i\000t\000i\000o\000n\000\040\000C\000o\000n\000v\000e\000r\000g\000e\000n\000c\000e}{chapter.49}% 2258
\BOOKMARK [1][-]{section.49.26}{\376\377\0006\000.\0002\000\040\000E\000x\000p\000e\000r\000i\000m\000e\000n\000t\000\040\0002\000:\000\040\000P\000h\000a\000s\000e\000\040\000E\000n\000t\000r\000o\000p\000y\000\040\000v\000s\000.\000\040\000H\000o\000l\000o\000g\000r\000a\000p\000h\000i\000c\000\040\000F\000i\000d\000e\000l\000i\000t\000y}{chapter.49}% 2259
\BOOKMARK [1][-]{section.49.27}{\376\377\0006\000.\0003\000\040\000E\000x\000p\000e\000r\000i\000m\000e\000n\000t\000\040\0003\000:\000\040\000Q\000u\000a\000n\000t\000u\000m\000\040\000E\000n\000h\000a\000n\000c\000e\000m\000e\000n\000t\000\040\000S\000i\000m\000u\000l\000a\000t\000i\000o\000n}{chapter.49}% 2260
\BOOKMARK [1][-]{section.49.28}{\376\377\0007\000.\000\040\000P\000r\000o\000p\000o\000s\000e\000d\000\040\000A\000p\000p\000l\000i\000c\000a\000t\000i\000o\000n\000s}{chapter.49}% 2261
\BOOKMARK [1][-]{section.49.29}{\376\377\0007\000.\0001\000\040\000M\000e\000d\000i\000c\000a\000l\000\040\000H\000o\000l\000o\000g\000r\000a\000p\000h\000i\000c\000\040\000I\000m\000a\000g\000i\000n\000g}{chapter.49}% 2262
\BOOKMARK [1][-]{section.49.30}{\376\377\0007\000.\0002\000\040\000Q\000u\000a\000n\000t\000u\000m\000-\000S\000e\000c\000u\000r\000e\000d\000\040\000H\000o\000l\000o\000g\000r\000a\000p\000h\000i\000c\000\040\000C\000o\000m\000m\000u\000n\000i\000c\000a\000t\000i\000o\000n}{chapter.49}% 2263
\BOOKMARK [1][-]{section.49.31}{\376\377\0007\000.\0003\000\040\000M\000e\000t\000a\000m\000a\000t\000e\000r\000i\000a\000l\000\040\000F\000a\000b\000r\000i\000c\000a\000t\000i\000o\000n\000\040\000v\000i\000a\000\040\000H\000o\000l\000o\000g\000r\000a\000p\000h\000i\000c\000\040\000L\000i\000t\000h\000o\000g\000r\000a\000p\000h\000y}{chapter.49}% 2264
\BOOKMARK [1][-]{section.49.32}{\376\377\0007\000.\0004\000\040\000A\000s\000t\000r\000o\000n\000o\000m\000i\000c\000a\000l\000\040\000W\000a\000v\000e\000f\000r\000o\000n\000t\000\040\000C\000o\000r\000r\000e\000c\000t\000i\000o\000n}{chapter.49}% 2265
\BOOKMARK [1][-]{section.49.33}{\376\377\0008\000.\000\040\000N\000e\000w\000\040\000H\000y\000p\000o\000t\000h\000e\000s\000e\000s\000\040\000a\000n\000d\000\040\000F\000u\000t\000u\000r\000e\000\040\000D\000i\000r\000e\000c\000t\000i\000o\000n\000s}{chapter.49}% 2266
\BOOKMARK [1][-]{section.49.34}{\376\377\000H\000y\000p\000o\000t\000h\000e\000s\000i\000s\000\040\0001\000:\000\040\000T\000o\000p\000o\000l\000o\000g\000i\000c\000a\000l\000\040\000P\000h\000a\000s\000e\000\040\000T\000r\000a\000n\000s\000i\000t\000i\000o\000n\000s\000\040\000i\000n\000\040\000H\000o\000l\000o\000g\000r\000a\000p\000h\000i\000c\000\040\000D\000i\000s\000p\000l\000a\000y\000s}{chapter.49}% 2267
\BOOKMARK [1][-]{section.49.35}{\376\377\000H\000y\000p\000o\000t\000h\000e\000s\000i\000s\000\040\0002\000:\000\040\000E\000n\000t\000a\000n\000g\000l\000e\000m\000e\000n\000t\000-\000E\000n\000h\000a\000n\000c\000e\000d\000\040\000D\000e\000p\000t\000h\000\040\000o\000f\000\040\000F\000i\000e\000l\000d}{chapter.49}% 2268
\BOOKMARK [1][-]{section.49.36}{\376\377\000H\000y\000p\000o\000t\000h\000e\000s\000i\000s\000\040\0003\000:\000\040\000P\000h\000a\000s\000e\000\040\000E\000n\000t\000r\000o\000p\000y\000\040\000a\000s\000\040\000a\000\040\000U\000n\000i\000v\000e\000r\000s\000a\000l\000\040\000H\000o\000l\000o\000g\000r\000a\000p\000h\000i\000c\000\040\000Q\000u\000a\000l\000i\000t\000y\000\040\000M\000e\000t\000r\000i\000c}{chapter.49}% 2269
\BOOKMARK [1][-]{section.49.37}{\376\377\0009\000.\000\040\000C\000o\000n\000c\000l\000u\000s\000i\000o\000n}{chapter.49}% 2270
\BOOKMARK [1][-]{section.49.38}{\376\377\000R\000e\000f\000e\000r\000e\000n\000c\000e\000s}{chapter.49}% 2271
\BOOKMARK [1][-]{section.49.39}{\376\377\000A\000p\000p\000e\000n\000d\000i\000x\000\040\000A\000:\000\040\000M\000a\000t\000h\000e\000m\000a\000t\000i\000c\000a\000l\000\040\000D\000e\000f\000i\000n\000i\000t\000i\000o\000n\000s}{chapter.49}% 2272
\BOOKMARK [1][-]{section.49.40}{\376\377\000S\000c\000i\000e\000n\000t\000i\000f\000i\000c\000\040\000A\000m\000e\000r\000i\000c\000a\000n\000\040\000A\000r\000t\000i\000c\000l\000e}{chapter.49}% 2273
\BOOKMARK [1][-]{section.49.41}{\376\377\000T\000h\000e\000\040\000P\000r\000o\000b\000l\000e\000m\000\040\000w\000i\000t\000h\000\040\000H\000o\000l\000o\000g\000r\000a\000m\000s}{chapter.49}% 2274
\BOOKMARK [1][-]{section.49.42}{\376\377\000E\000n\000t\000e\000r\000\040\000T\000o\000p\000o\000l\000o\000g\000y}{chapter.49}% 2275
\BOOKMARK [1][-]{section.49.43}{\376\377\000T\000h\000e\000\040\000T\000h\000r\000e\000e\000-\000L\000a\000y\000e\000r\000\040\000T\000r\000i\000c\000k}{chapter.49}% 2276
\BOOKMARK [1][-]{section.49.44}{\376\377\000Q\000u\000a\000n\000t\000u\000m\000\040\000L\000i\000g\000h\000t\000:\000\040\000U\000n\000l\000o\000c\000k\000i\000n\000g\000\040\000H\000i\000d\000d\000e\000n\000\040\000C\000h\000a\000n\000n\000e\000l\000s}{chapter.49}% 2277
\BOOKMARK [1][-]{section.49.45}{\376\377\000A\000\040\000N\000e\000w\000\040\000K\000i\000n\000d\000\040\000o\000f\000\040\000L\000a\000s\000e\000r}{chapter.49}% 2278
\BOOKMARK [1][-]{section.49.46}{\376\377\000B\000u\000i\000l\000d\000i\000n\000g\000\040\000t\000h\000e\000\040\000M\000a\000c\000h\000i\000n\000e}{chapter.49}% 2279
\BOOKMARK [1][-]{section.49.47}{\376\377\000T\000h\000e\000\040\000D\000r\000e\000a\000m\000\040\000a\000n\000d\000\040\000t\000h\000e\000\040\000D\000i\000s\000t\000a\000n\000c\000e}{chapter.49}% 2280
\BOOKMARK [1][-]{section.49.48}{\376\377\000A\000\040\000N\000e\000w\000\040\000L\000e\000n\000s\000\040\000o\000n\000\040\000L\000i\000g\000h\000t}{chapter.49}% 2281
\BOOKMARK [-1][-]{part.10}{\376\377\000X\000\040\000R\000a\000n\000d\000o\000m\000\040\000M\000a\000t\000r\000i\000c\000e\000s\000,\000\040\000P\000r\000e\000d\000i\000c\000t\000i\000o\000n\000\040\000\046\000\040\000P\000r\000o\000b\000a\000b\000i\000l\000i\000t\000y}{}% 2282
\BOOKMARK [0][-]{chapter.50}{\376\377\000R\000a\000n\000d\000o\000m\000\040\000M\000a\000t\000r\000i\000x\000\040\000T\000h\000e\000o\000r\000y}{part.10}% 2283
\BOOKMARK [1][-]{section.50.1}{\376\377\000F\000i\000g\000u\000r\000e\000s}{chapter.50}% 2284
\BOOKMARK [1][-]{section.50.2}{\376\377\000R\000e\000s\000e\000a\000r\000c\000h\000\040\000P\000a\000p\000e\000r}{chapter.50}% 2285
\BOOKMARK [1][-]{section.50.3}{\376\377\000A\000u\000t\000h\000o\000r\000s}{chapter.50}% 2286
\BOOKMARK [1][-]{section.50.4}{\376\377\000A\000b\000s\000t\000r\000a\000c\000t}{chapter.50}% 2287
\BOOKMARK [1][-]{section.50.5}{\376\377\0001\000.\000\040\000I\000n\000t\000r\000o\000d\000u\000c\000t\000i\000o\000n}{chapter.50}% 2288
\BOOKMARK [1][-]{section.50.6}{\376\377\0001\000.\0001\000\040\000T\000h\000e\000\040\000P\000h\000e\000n\000o\000m\000e\000n\000o\000n}{chapter.50}% 2289
\BOOKMARK [1][-]{section.50.7}{\376\377\0001\000.\0002\000\040\000T\000h\000e\000\040\000Q\000u\000e\000s\000t\000i\000o\000n}{chapter.50}% 2290
\BOOKMARK [1][-]{section.50.8}{\376\377\0001\000.\0003\000\040\000O\000u\000r\000\040\000C\000o\000n\000t\000r\000i\000b\000u\000t\000i\000o\000n}{chapter.50}% 2291
\BOOKMARK [1][-]{section.50.9}{\376\377\0002\000.\000\040\000T\000h\000e\000\040\000V\000a\000n\000d\000e\000r\000m\000o\000n\000d\000e\000\040\000D\000e\000t\000e\000r\000m\000i\000n\000a\000n\000t\000:\000\040\000E\000n\000g\000i\000n\000e\000\040\000o\000f\000\040\000R\000e\000p\000u\000l\000s\000i\000o\000n}{chapter.50}% 2292
\BOOKMARK [1][-]{section.50.10}{\376\377\0002\000.\0001\000\040\000S\000e\000t\000u\000p}{chapter.50}% 2293
\BOOKMARK [1][-]{section.50.11}{\376\377\0002\000.\0002\000\040\000T\000h\000e\000\040\000J\000a\000c\000o\000b\000i\000a\000n}{chapter.50}% 2294
\BOOKMARK [1][-]{section.50.12}{\376\377\0002\000.\0003\000\040\000T\000h\000e\000\040\000V\000a\000n\000d\000e\000r\000m\000o\000n\000d\000e\000\040\000D\000e\000t\000e\000r\000m\000i\000n\000a\000n\000t}{chapter.50}% 2295
\BOOKMARK [1][-]{section.50.13}{\376\377\0002\000.\0004\000\040\000F\000o\000r\000m\000a\000l\000i\000z\000e\000d\000\040\000R\000e\000s\000u\000l\000t\000s}{chapter.50}% 2296
\BOOKMARK [1][-]{section.50.14}{\376\377\0003\000.\000\040\000T\000h\000e\000\040\000C\000o\000u\000l\000o\000m\000b\000\040\000G\000a\000s\000:\000\040\000F\000r\000o\000m\000\040\000A\000l\000g\000e\000b\000r\000a\000\040\000t\000o\000\040\000P\000h\000y\000s\000i\000c\000s}{chapter.50}% 2297
\BOOKMARK [1][-]{section.50.15}{\376\377\0003\000.\0001\000\040\000T\000h\000e\000\040\000J\000o\000i\000n\000t\000\040\000E\000i\000g\000e\000n\000v\000a\000l\000u\000e\000\040\000D\000e\000n\000s\000i\000t\000y}{chapter.50}% 2298
\BOOKMARK [1][-]{section.50.16}{\376\377\0003\000.\0002\000\040\000T\000h\000e\000\040\000E\000n\000e\000r\000g\000y\000\040\000I\000n\000t\000e\000r\000p\000r\000e\000t\000a\000t\000i\000o\000n}{chapter.50}% 2299
\BOOKMARK [1][-]{section.50.17}{\376\377\0003\000.\0003\000\040\000W\000h\000y\000\040\000t\000h\000e\000\040\000L\000o\000g\000a\000r\000i\000t\000h\000m\000?\000\040\000W\000h\000y\000\040\0002\000D\000?}{chapter.50}% 2300
\BOOKMARK [1][-]{section.50.18}{\376\377\0003\000.\0004\000\040\000T\000h\000e\000\040\000F\000u\000n\000d\000a\000m\000e\000n\000t\000a\000l\000\040\000I\000d\000e\000n\000t\000i\000t\000y\000\040\000\050\000F\000o\000r\000m\000a\000l\000i\000z\000e\000d\000\051}{chapter.50}% 2301
\BOOKMARK [1][-]{section.50.19}{\376\377\0004\000.\000\040\000T\000h\000e\000\040\000P\000h\000y\000s\000i\000c\000a\000l\000\040\000P\000i\000c\000t\000u\000r\000e\000:\000\040\000D\000y\000s\000o\000n\000'\000s\000\040\000C\000o\000u\000l\000o\000m\000b\000\040\000G\000a\000s}{chapter.50}% 2302
\BOOKMARK [1][-]{section.50.20}{\376\377\0004\000.\0001\000\040\000T\000h\000e\000\040\000G\000a\000s\000\040\000o\000f\000\040\000E\000i\000g\000e\000n\000v\000a\000l\000u\000e\000s}{chapter.50}% 2303
\BOOKMARK [1][-]{section.50.21}{\376\377\0004\000.\0002\000\040\000T\000h\000e\000\040\000T\000h\000r\000e\000e\000\040\000E\000n\000s\000e\000m\000b\000l\000e\000s\000\040\000a\000s\000\040\000T\000e\000m\000p\000e\000r\000a\000t\000u\000r\000e\000s}{chapter.50}% 2304
\BOOKMARK [1][-]{section.50.22}{\376\377\0004\000.\0003\000\040\000T\000h\000e\000\040\000R\000e\000p\000u\000l\000s\000i\000o\000n\000\040\000F\000o\000r\000c\000e}{chapter.50}% 2305
\BOOKMARK [1][-]{section.50.23}{\376\377\0005\000.\000\040\000T\000h\000e\000\040\000G\000e\000o\000m\000e\000t\000r\000i\000c\000\040\000O\000r\000i\000g\000i\000n\000:\000\040\000W\000h\000y\000\040\000t\000h\000e\000\040\000V\000a\000n\000d\000e\000r\000m\000o\000n\000d\000e\000\040\000M\000u\000s\000t\000\040\000A\000p\000p\000e\000a\000r}{chapter.50}% 2306
\BOOKMARK [1][-]{section.50.24}{\376\377\0005\000.\0001\000\040\000T\000h\000e\000\040\000O\000r\000b\000i\000t\000\040\000S\000t\000r\000u\000c\000t\000u\000r\000e}{chapter.50}% 2307
\BOOKMARK [1][-]{section.50.25}{\376\377\0005\000.\0002\000\040\000T\000h\000e\000\040\000D\000e\000g\000e\000n\000e\000r\000a\000t\000i\000o\000n}{chapter.50}% 2308
\BOOKMARK [1][-]{section.50.26}{\376\377\0005\000.\0003\000\040\000U\000n\000i\000v\000e\000r\000s\000a\000l\000i\000t\000y}{chapter.50}% 2309
\BOOKMARK [1][-]{section.50.27}{\376\377\0006\000.\000\040\000T\000h\000e\000\040\000F\000o\000r\000m\000a\000l\000i\000z\000a\000t\000i\000o\000n}{chapter.50}% 2310
\BOOKMARK [1][-]{section.50.28}{\376\377\0006\000.\0001\000\040\000D\000e\000f\000i\000n\000i\000t\000i\000o\000n\000s\000\040\000F\000o\000r\000m\000a\000l\000i\000z\000e\000d}{chapter.50}% 2311
\BOOKMARK [1][-]{section.50.29}{\376\377\0006\000.\0002\000\040\000T\000h\000e\000o\000r\000e\000m\000s\000\040\000P\000r\000o\000v\000e\000d\000\040\000\050\000M\000a\000c\000h\000i\000n\000e\000-\000V\000e\000r\000i\000f\000i\000e\000d\000,\000\040\000Z\000e\000r\000o\000\040\000S\000o\000r\000r\000y\000\051}{chapter.50}% 2312
\BOOKMARK [1][-]{section.50.30}{\376\377\0007\000.\000\040\000D\000i\000s\000c\000u\000s\000s\000i\000o\000n\000\040\000a\000n\000d\000\040\000C\000o\000n\000n\000e\000c\000t\000i\000o\000n\000s}{chapter.50}% 2313
\BOOKMARK [1][-]{section.50.31}{\376\377\0007\000.\0001\000\040\000T\000h\000e\000\040\000M\000o\000n\000t\000g\000o\000m\000e\000r\000y\000-\000O\000d\000l\000y\000z\000k\000o\000\040\000L\000a\000w}{chapter.50}% 2314
\BOOKMARK [1][-]{section.50.32}{\376\377\0007\000.\0002\000\040\000W\000i\000g\000n\000e\000r\000'\000s\000\040\000S\000e\000m\000i\000c\000i\000r\000c\000l\000e\000\040\000L\000a\000w}{chapter.50}% 2315
\BOOKMARK [1][-]{section.50.33}{\376\377\0007\000.\0003\000\040\000T\000r\000a\000c\000y\000-\000W\000i\000d\000o\000m\000\040\000D\000i\000s\000t\000r\000i\000b\000u\000t\000i\000o\000n}{chapter.50}% 2316
\BOOKMARK [1][-]{section.50.34}{\376\377\0007\000.\0004\000\040\000A\000p\000p\000l\000i\000c\000a\000t\000i\000o\000n\000s}{chapter.50}% 2317
\BOOKMARK [1][-]{section.50.35}{\376\377\0008\000.\000\040\000C\000o\000n\000c\000l\000u\000s\000i\000o\000n}{chapter.50}% 2318
\BOOKMARK [1][-]{section.50.36}{\376\377\000R\000e\000f\000e\000r\000e\000n\000c\000e\000s}{chapter.50}% 2319
\BOOKMARK [1][-]{section.50.37}{\376\377\000A\000p\000p\000e\000n\000d\000i\000x\000:\000\040\000V\000e\000r\000i\000f\000i\000c\000a\000t\000i\000o\000n}{chapter.50}% 2320
\BOOKMARK [1][-]{section.50.38}{\376\377\000S\000c\000i\000e\000n\000t\000i\000f\000i\000c\000\040\000A\000m\000e\000r\000i\000c\000a\000n\000\040\000A\000r\000t\000i\000c\000l\000e}{chapter.50}% 2321
\BOOKMARK [1][-]{section.50.39}{\376\377\000T\000h\000e\000\040\000P\000a\000r\000t\000y\000\040\000P\000r\000o\000b\000l\000e\000m}{chapter.50}% 2322
\BOOKMARK [1][-]{section.50.40}{\376\377\000W\000h\000a\000t\000\040\000I\000s\000\040\000a\000\040\000R\000a\000n\000d\000o\000m\000\040\000M\000a\000t\000r\000i\000x\000?}{chapter.50}% 2323
\BOOKMARK [1][-]{section.50.41}{\376\377\000T\000h\000e\000\040\000D\000i\000s\000c\000o\000v\000e\000r\000y\000:\000\040\000E\000i\000g\000e\000n\000v\000a\000l\000u\000e\000s\000\040\000A\000r\000e\000\040\000E\000l\000e\000c\000t\000r\000i\000c\000\040\000C\000h\000a\000r\000g\000e\000s}{chapter.50}% 2324
\BOOKMARK [1][-]{section.50.42}{\376\377\000B\000u\000t\000\040\000W\000H\000Y\000?\000\040\000T\000h\000e\000\040\000V\000a\000n\000d\000e\000r\000m\000o\000n\000d\000e\000\040\000C\000o\000n\000n\000e\000c\000t\000i\000o\000n}{chapter.50}% 2325
\BOOKMARK [1][-]{section.50.43}{\376\377\000W\000h\000a\000t\000\040\000t\000h\000e\000\040\000C\000o\000m\000p\000u\000t\000e\000r\000\040\000P\000r\000o\000v\000e\000d}{chapter.50}% 2326
\BOOKMARK [1][-]{section.50.44}{\376\377\000T\000h\000e\000\040\000T\000h\000r\000e\000e\000\040\000T\000e\000m\000p\000e\000r\000a\000t\000u\000r\000e\000s\000\040\000o\000f\000\040\000R\000a\000n\000d\000o\000m\000n\000e\000s\000s}{chapter.50}% 2327
\BOOKMARK [1][-]{section.50.45}{\376\377\000T\000h\000e\000\040\000R\000e\000a\000c\000h\000\040\000o\000f\000\040\000R\000e\000p\000u\000l\000s\000i\000o\000n}{chapter.50}% 2328
\BOOKMARK [1][-]{section.50.46}{\376\377\000C\000o\000n\000s\000u\000l\000t\000i\000n\000g\000\040\000t\000h\000e\000\040\000O\000r\000a\000c\000l\000e}{chapter.50}% 2329
\BOOKMARK [1][-]{section.50.47}{\376\377\000W\000h\000a\000t\000\040\000W\000e\000\040\000L\000e\000a\000r\000n\000e\000d}{chapter.50}% 2330
\BOOKMARK [0][-]{chapter.51}{\376\377\000E\000i\000g\000e\000n\000v\000a\000l\000u\000e\000\040\000R\000e\000p\000u\000l\000s\000i\000o\000n\000\040\000R\000e\000s\000e\000a\000r\000c\000h}{part.10}% 2331
\BOOKMARK [1][-]{section.51.1}{\376\377\000R\000e\000s\000e\000a\000r\000c\000h\000\040\000P\000a\000p\000e\000r}{chapter.51}% 2332
\BOOKMARK [1][-]{section.51.2}{\376\377\000A\000\040\000R\000e\000s\000e\000a\000r\000c\000h\000\040\000R\000e\000p\000o\000r\000t\000\040\000w\000i\000t\000h\000\040\000M\000a\000c\000h\000i\000n\000e\000-\000V\000e\000r\000i\000f\000i\000e\000d\000\040\000P\000r\000o\000o\000f\000s}{chapter.51}% 2333
\BOOKMARK [1][-]{section.51.3}{\376\377\000E\000x\000e\000c\000u\000t\000i\000v\000e\000\040\000S\000u\000m\000m\000a\000r\000y}{chapter.51}% 2334
\BOOKMARK [1][-]{section.51.4}{\376\377\0001\000.\000\040\000T\000h\000e\000\040\000O\000b\000s\000e\000r\000v\000a\000t\000i\000o\000n}{chapter.51}% 2335
\BOOKMARK [1][-]{section.51.5}{\376\377\0002\000.\000\040\000T\000h\000e\000\040\000S\000e\000t\000u\000p\000:\000\040\000G\000a\000u\000s\000s\000i\000a\000n\000\040\000E\000n\000s\000e\000m\000b\000l\000e\000s}{chapter.51}% 2336
\BOOKMARK [1][-]{section.51.6}{\376\377\0003\000.\000\040\000T\000h\000e\000\040\000K\000e\000y\000\040\000M\000o\000v\000e\000:\000\040\000C\000h\000a\000n\000g\000e\000\040\000o\000f\000\040\000V\000a\000r\000i\000a\000b\000l\000e\000s}{chapter.51}% 2337
\BOOKMARK [1][-]{section.51.7}{\376\377\0004\000.\000\040\000T\000h\000e\000\040\000V\000a\000n\000d\000e\000r\000m\000o\000n\000d\000e\000\040\000D\000e\000t\000e\000r\000m\000i\000n\000a\000n\000t\000:\000\040\000T\000h\000e\000\040\000B\000r\000i\000d\000g\000e}{chapter.51}% 2338
\BOOKMARK [1][-]{section.51.8}{\376\377\000"\0004\0005\0008\000\040\000F\000o\000r\000m\000a\000l\000l\000y\000\040\000V\000e\000r\000i\000f\000i\000e\000d\000\040\000\050\000T\000h\000e\000o\000r\000e\000m\000\040\0001\000:\000\040\000`\000v\000a\000n\000d\000e\000r\000m\000o\000n\000d\000e\000\137\000d\000e\000t\000\137\000e\000q\000\137\000p\000r\000o\000d\000\137\000d\000i\000f\000f\000`\000\051}{chapter.51}% 2339
\BOOKMARK [1][-]{section.51.9}{\376\377\000"\0004\0005\0008\000\040\000F\000o\000r\000m\000a\000l\000l\000y\000\040\000V\000e\000r\000i\000f\000i\000e\000d\000\040\000\050\000T\000h\000e\000o\000r\000e\000m\000\040\0002\000:\000\040\000`\000v\000a\000n\000d\000e\000r\000m\000o\000n\000d\000e\000\137\000d\000e\000t\000\137\000z\000e\000r\000o\000\137\000i\000f\000f\000`\000\051}{chapter.51}% 2340
\BOOKMARK [1][-]{section.51.10}{\376\377\0005\000.\000\040\000T\000h\000e\000\040\000J\000o\000i\000n\000t\000\040\000E\000i\000g\000e\000n\000v\000a\000l\000u\000e\000\040\000D\000e\000n\000s\000i\000t\000y}{chapter.51}% 2341
\BOOKMARK [1][-]{section.51.11}{\376\377\000"\0004\0005\0008\000\040\000F\000o\000r\000m\000a\000l\000l\000y\000\040\000V\000e\000r\000i\000f\000i\000e\000d\000\040\000\050\000T\000h\000e\000o\000r\000e\000m\000\040\0003\000:\000\040\000`\000v\000a\000n\000d\000e\000r\000m\000o\000n\000d\000e\000\137\000d\000e\000t\000\137\000s\000q\000`\000\051}{chapter.51}% 2342
\BOOKMARK [1][-]{section.51.12}{\376\377\000"\0004\0005\0008\000\040\000F\000o\000r\000m\000a\000l\000l\000y\000\040\000V\000e\000r\000i\000f\000i\000e\000d\000\040\000\050\000T\000h\000e\000o\000r\000e\000m\000\040\0004\000:\000\040\000`\000v\000a\000n\000d\000e\000r\000m\000o\000n\000d\000e\000\137\000d\000e\000t\000\137\000p\000o\000s\000\137\000o\000f\000\137\000s\000t\000r\000i\000c\000t\000M\000o\000n\000o\000`\000\051}{chapter.51}% 2343
\BOOKMARK [1][-]{section.51.13}{\376\377\0006\000.\000\040\000T\000h\000e\000\040\000C\000o\000u\000l\000o\000m\000b\000\040\000G\000a\000s\000:\000\040\000W\000h\000y\000\040\000I\000t\000'\000s\000\040\000N\000o\000t\000\040\000J\000u\000s\000t\000\040\000a\000n\000\040\000A\000n\000a\000l\000o\000g\000y}{chapter.51}% 2344
\BOOKMARK [1][-]{section.51.14}{\376\377\000"\0004\0005\0008\000\040\000F\000o\000r\000m\000a\000l\000l\000y\000\040\000V\000e\000r\000i\000f\000i\000e\000d\000\040\000\050\000T\000h\000e\000o\000r\000e\000m\000\040\0005\000:\000\040\000`\000l\000o\000g\000\137\000a\000b\000s\000\137\000v\000a\000n\000d\000e\000r\000m\000o\000n\000d\000e\000\137\000e\000q\000\137\000s\000u\000m\000`\000\051}{chapter.51}% 2345
\BOOKMARK [1][-]{section.51.15}{\376\377\0007\000.\000\040\000T\000h\000e\000\040\000D\000y\000s\000o\000n\000\040\000I\000n\000d\000e\000x\000\040\000:\000\040\000S\000t\000r\000e\000n\000g\000t\000h\000\040\000o\000f\000\040\000R\000e\000p\000u\000l\000s\000i\000o\000n}{chapter.51}% 2346
\BOOKMARK [1][-]{section.51.16}{\376\377\000"\0004\0005\0008\000\040\000F\000o\000r\000m\000a\000l\000l\000y\000\040\000V\000e\000r\000i\000f\000i\000e\000d\000\040\000\050\000T\000h\000e\000o\000r\000e\000m\000\040\0006\000:\000\040\000`\000r\000e\000p\000u\000l\000s\000i\000o\000n\000\137\000s\000t\000r\000o\000n\000g\000e\000r\000\137\000a\000t\000\137\000h\000i\000g\000h\000e\000r\000\137\000b\000e\000t\000a\000`\000\051}{chapter.51}% 2347
\BOOKMARK [1][-]{section.51.17}{\376\377\0008\000.\000\040\000T\000h\000e\000\040\0002\0002\000\040\000C\000a\000s\000e\000:\000\040\000E\000v\000e\000r\000y\000t\000h\000i\000n\000g\000\040\000E\000x\000p\000l\000i\000c\000i\000t}{chapter.51}% 2348
\BOOKMARK [1][-]{section.51.18}{\376\377\000"\0004\0005\0008\000\040\000F\000o\000r\000m\000a\000l\000l\000y\000\040\000V\000e\000r\000i\000f\000i\000e\000d\000\040\000\050\000T\000h\000e\000o\000r\000e\000m\000\040\0007\000:\000\040\000`\000v\000a\000n\000d\000e\000r\000m\000o\000n\000d\000e\000\137\000t\000w\000o\000`\000\051}{chapter.51}% 2349
\BOOKMARK [1][-]{section.51.19}{\376\377\0009\000.\000\040\000D\000e\000e\000p\000e\000r\000\040\000C\000o\000n\000n\000e\000c\000t\000i\000o\000n\000s}{chapter.51}% 2350
\BOOKMARK [1][-]{section.51.20}{\376\377\000W\000h\000y\000\040\000l\000o\000g\000a\000r\000i\000t\000h\000m\000i\000c\000\040\000r\000e\000p\000u\000l\000s\000i\000o\000n\000?}{chapter.51}% 2351
\BOOKMARK [1][-]{section.51.21}{\376\377\000U\000n\000i\000v\000e\000r\000s\000a\000l\000i\000t\000y}{chapter.51}% 2352
\BOOKMARK [1][-]{section.51.22}{\376\377\000C\000o\000n\000n\000e\000c\000t\000i\000o\000n\000s\000\040\000t\000o\000\040\000o\000t\000h\000e\000r\000\040\000f\000i\000e\000l\000d\000s}{chapter.51}% 2353
\BOOKMARK [1][-]{section.51.23}{\376\377\0001\0000\000.\000\040\000T\000h\000e\000\040\000O\000r\000a\000c\000l\000e\000'\000s\000\040\000V\000e\000r\000d\000i\000c\000t}{chapter.51}% 2354
\BOOKMARK [1][-]{section.51.24}{\376\377\0001\0001\000.\000\040\000S\000u\000m\000m\000a\000r\000y\000\040\000o\000f\000\040\000F\000o\000r\000m\000a\000l\000\040\000V\000e\000r\000i\000f\000i\000c\000a\000t\000i\000o\000n}{chapter.51}% 2355
\BOOKMARK [0][-]{chapter.52}{\376\377\000P\000r\000e\000d\000i\000c\000t\000i\000o\000n\000\040\000G\000e\000o\000m\000e\000t\000r\000y}{part.10}% 2356
\BOOKMARK [1][-]{section.52.1}{\376\377\000F\000i\000g\000u\000r\000e\000s}{chapter.52}% 2357
\BOOKMARK [1][-]{section.52.2}{\376\377\000R\000e\000s\000e\000a\000r\000c\000h\000\040\000P\000a\000p\000e\000r}{chapter.52}% 2358
\BOOKMARK [1][-]{section.52.3}{\376\377\000A\000b\000s\000t\000r\000a\000c\000t}{chapter.52}% 2359
\BOOKMARK [1][-]{section.52.4}{\376\377\0001\000.\000\040\000I\000n\000t\000r\000o\000d\000u\000c\000t\000i\000o\000n}{chapter.52}% 2360
\BOOKMARK [1][-]{section.52.5}{\376\377\0001\000.\0001\000\040\000T\000h\000e\000\040\000C\000e\000n\000t\000r\000a\000l\000\040\000Q\000u\000e\000s\000t\000i\000o\000n}{chapter.52}% 2361
\BOOKMARK [1][-]{section.52.6}{\376\377\0001\000.\0002\000\040\000F\000i\000v\000e\000\040\000P\000i\000l\000l\000a\000r\000s\000\040\000o\000f\000\040\000P\000r\000e\000d\000i\000c\000t\000i\000o\000n\000\040\000G\000e\000o\000m\000e\000t\000r\000y}{chapter.52}% 2362
\BOOKMARK [1][-]{section.52.7}{\376\377\0001\000.\0003\000\040\000R\000e\000l\000a\000t\000e\000d\000\040\000W\000o\000r\000k}{chapter.52}% 2363
\BOOKMARK [1][-]{section.52.8}{\376\377\0002\000.\000\040\000T\000h\000e\000\040\000P\000r\000e\000d\000i\000c\000t\000i\000o\000n\000\040\000A\000l\000g\000e\000b\000r\000a}{chapter.52}% 2364
\BOOKMARK [1][-]{section.52.9}{\376\377\0002\000.\0001\000\040\000P\000r\000e\000d\000i\000c\000t\000i\000o\000n\000\040\000O\000r\000a\000c\000l\000e\000s}{chapter.52}% 2365
\BOOKMARK [1][-]{section.52.10}{\376\377\0002\000.\0002\000\040\000O\000r\000a\000c\000l\000e\000\040\000C\000o\000m\000p\000o\000s\000i\000t\000i\000o\000n}{chapter.52}% 2366
\BOOKMARK [1][-]{section.52.11}{\376\377\0003\000.\000\040\000T\000h\000e\000\040\000P\000r\000e\000d\000i\000c\000t\000i\000o\000n\000\040\000H\000o\000r\000i\000z\000o\000n}{chapter.52}% 2367
\BOOKMARK [1][-]{section.52.12}{\376\377\0003\000.\0001\000\040\000T\000h\000e\000\040\000H\000o\000r\000i\000z\000o\000n\000\040\000F\000o\000r\000m\000u\000l\000a}{chapter.52}% 2368
\BOOKMARK [1][-]{section.52.13}{\376\377\0003\000.\0002\000\040\000T\000h\000e\000\040\000L\000o\000g\000a\000r\000i\000t\000h\000m\000i\000c\000\040\000C\000u\000r\000s\000e}{chapter.52}% 2369
\BOOKMARK [1][-]{section.52.14}{\376\377\0003\000.\0003\000\040\000M\000o\000r\000e\000\040\000C\000h\000a\000o\000s\000,\000\040\000S\000h\000o\000r\000t\000e\000r\000\040\000H\000o\000r\000i\000z\000o\000n}{chapter.52}% 2370
\BOOKMARK [1][-]{section.52.15}{\376\377\0003\000.\0004\000\040\000R\000e\000a\000l\000-\000W\000o\000r\000l\000d\000\040\000P\000r\000e\000d\000i\000c\000t\000i\000o\000n\000\040\000H\000o\000r\000i\000z\000o\000n\000s}{chapter.52}% 2371
\BOOKMARK [1][-]{section.52.16}{\376\377\0004\000.\000\040\000T\000h\000e\000\040\000P\000r\000e\000d\000i\000c\000t\000i\000o\000n\040\023\000C\000o\000m\000p\000r\000e\000s\000s\000i\000o\000n\000\040\000D\000u\000a\000l\000i\000t\000y}{chapter.52}% 2372
\BOOKMARK [1][-]{section.52.17}{\376\377\0004\000.\0001\000\040\000S\000h\000a\000n\000n\000o\000n\000\040\000E\000n\000t\000r\000o\000p\000y\000\040\000a\000n\000d\000\040\000P\000r\000e\000d\000i\000c\000t\000a\000b\000i\000l\000i\000t\000y}{chapter.52}% 2373
\BOOKMARK [1][-]{section.52.18}{\376\377\0004\000.\0002\000\040\000T\000h\000e\000\040\000D\000u\000a\000l\000i\000t\000y\000\040\000P\000r\000i\000n\000c\000i\000p\000l\000e}{chapter.52}% 2374
\BOOKMARK [1][-]{section.52.19}{\376\377\0005\000.\000\040\000C\000o\000n\000t\000r\000a\000c\000t\000i\000v\000e\000\040\000O\000r\000a\000c\000l\000e\000s\000\040\000a\000n\000d\000\040\000I\000t\000e\000r\000a\000t\000i\000v\000e\000\040\000R\000e\000f\000i\000n\000e\000m\000e\000n\000t}{chapter.52}% 2375
\BOOKMARK [1][-]{section.52.20}{\376\377\0005\000.\0001\000\040\000T\000h\000e\000\040\000C\000o\000n\000t\000r\000a\000c\000t\000i\000o\000n\000\040\000M\000a\000p\000p\000i\000n\000g\000\040\000P\000r\000i\000n\000c\000i\000p\000l\000e\000\040\000f\000o\000r\000\040\000P\000r\000e\000d\000i\000c\000t\000i\000o\000n}{chapter.52}% 2376
\BOOKMARK [1][-]{section.52.21}{\376\377\0005\000.\0002\000\040\000A\000p\000p\000l\000i\000c\000a\000t\000i\000o\000n\000s}{chapter.52}% 2377
\BOOKMARK [1][-]{section.52.22}{\376\377\0006\000.\000\040\000N\000o\000i\000s\000y\000\040\000O\000r\000a\000c\000l\000e\000\040\000A\000m\000p\000l\000i\000f\000i\000c\000a\000t\000i\000o\000n}{chapter.52}% 2378
\BOOKMARK [1][-]{section.52.23}{\376\377\0006\000.\0001\000\040\000B\000o\000o\000s\000t\000i\000n\000g\000\040\000W\000e\000a\000k\000\040\000P\000r\000e\000d\000i\000c\000t\000o\000r\000s}{chapter.52}% 2379
\BOOKMARK [1][-]{section.52.24}{\376\377\0006\000.\0002\000\040\000P\000r\000a\000c\000t\000i\000c\000a\000l\000\040\000I\000m\000p\000l\000i\000c\000a\000t\000i\000o\000n\000s}{chapter.52}% 2380
\BOOKMARK [1][-]{section.52.25}{\376\377\0007\000.\000\040\000S\000h\000e\000a\000f\000-\000T\000h\000e\000o\000r\000e\000t\000i\000c\000\040\000E\000n\000s\000e\000m\000b\000l\000e\000s}{chapter.52}% 2381
\BOOKMARK [1][-]{section.52.26}{\376\377\0007\000.\0001\000\040\000P\000r\000e\000d\000i\000c\000t\000i\000o\000n\000s\000\040\000a\000s\000\040\000S\000h\000e\000a\000f\000\040\000S\000e\000c\000t\000i\000o\000n\000s}{chapter.52}% 2382
\BOOKMARK [1][-]{section.52.27}{\376\377\0007\000.\0002\000\040\000T\000h\000e\000\040\000S\000h\000e\000a\000f\000\040\000C\000o\000n\000s\000i\000s\000t\000e\000n\000c\000y\000\040\000S\000c\000o\000r\000e}{chapter.52}% 2383
\BOOKMARK [1][-]{section.52.28}{\376\377\0008\000.\000\040\000T\000h\000e\000\040\000P\000r\000e\000d\000i\000c\000t\000i\000o\000n\000\040\000C\000o\000m\000p\000l\000e\000x\000i\000t\000y\000\040\000H\000i\000e\000r\000a\000r\000c\000h\000y}{chapter.52}% 2384
\BOOKMARK [1][-]{section.52.29}{\376\377\0009\000.\000\040\000E\000x\000p\000e\000r\000i\000m\000e\000n\000t\000a\000l\000\040\000V\000a\000l\000i\000d\000a\000t\000i\000o\000n}{chapter.52}% 2385
\BOOKMARK [1][-]{section.52.30}{\376\377\0009\000.\0001\000\040\000H\000y\000p\000o\000t\000h\000e\000s\000e\000s\000\040\000T\000e\000s\000t\000e\000d}{chapter.52}% 2386
\BOOKMARK [1][-]{section.52.31}{\376\377\0009\000.\0002\000\040\000U\000p\000d\000a\000t\000e\000d\000\040\000H\000y\000p\000o\000t\000h\000e\000s\000e\000s}{chapter.52}% 2387
\BOOKMARK [1][-]{section.52.32}{\376\377\0001\0000\000.\000\040\000A\000p\000p\000l\000i\000c\000a\000t\000i\000o\000n\000s}{chapter.52}% 2388
\BOOKMARK [1][-]{section.52.33}{\376\377\0001\0000\000.\0001\000\040\000W\000e\000a\000t\000h\000e\000r\000\040\000F\000o\000r\000e\000c\000a\000s\000t\000i\000n\000g}{chapter.52}% 2389
\BOOKMARK [1][-]{section.52.34}{\376\377\0001\0000\000.\0002\000\040\000F\000i\000n\000a\000n\000c\000i\000a\000l\000\040\000R\000i\000s\000k\000\040\000M\000a\000n\000a\000g\000e\000m\000e\000n\000t}{chapter.52}% 2390
\BOOKMARK [1][-]{section.52.35}{\376\377\0001\0000\000.\0003\000\040\000C\000l\000i\000m\000a\000t\000e\000\040\000S\000c\000i\000e\000n\000c\000e}{chapter.52}% 2391
\BOOKMARK [1][-]{section.52.36}{\376\377\0001\0000\000.\0004\000\040\000M\000a\000c\000h\000i\000n\000e\000\040\000L\000e\000a\000r\000n\000i\000n\000g}{chapter.52}% 2392
\BOOKMARK [1][-]{section.52.37}{\376\377\0001\0000\000.\0005\000\040\000C\000o\000n\000t\000r\000o\000l\000\040\000T\000h\000e\000o\000r\000y}{chapter.52}% 2393
\BOOKMARK [1][-]{section.52.38}{\376\377\0001\0001\000.\000\040\000C\000o\000n\000c\000l\000u\000s\000i\000o\000n}{chapter.52}% 2394
\BOOKMARK [1][-]{section.52.39}{\376\377\000A\000p\000p\000e\000n\000d\000i\000x\000:\000\040\000M\000a\000c\000h\000i\000n\000e\000\040\000V\000e\000r\000i\000f\000i\000c\000a\000t\000i\000o\000n}{chapter.52}% 2395
\BOOKMARK [1][-]{section.52.40}{\376\377\000L\000e\000a\000n\000\040\0004\000\040\000F\000o\000r\000m\000a\000l\000i\000z\000a\000t\000i\000o\000n\000\040\000S\000t\000a\000t\000i\000s\000t\000i\000c\000s}{chapter.52}% 2396
\BOOKMARK [1][-]{section.52.41}{\376\377\000K\000e\000y\000\040\000V\000e\000r\000i\000f\000i\000e\000d\000\040\000T\000h\000e\000o\000r\000e\000m\000s}{chapter.52}% 2397
\BOOKMARK [1][-]{section.52.42}{\376\377\000S\000c\000i\000e\000n\000t\000i\000f\000i\000c\000\040\000A\000m\000e\000r\000i\000c\000a\000n\000\040\000A\000r\000t\000i\000c\000l\000e}{chapter.52}% 2398
\BOOKMARK [1][-]{section.52.43}{\376\377\000T\000h\000e\000\040\000O\000r\000a\000c\000l\000e\000\040\000P\000a\000r\000a\000d\000o\000x}{chapter.52}% 2399
\BOOKMARK [1][-]{section.52.44}{\376\377\000T\000h\000e\000\040\000L\000o\000g\000a\000r\000i\000t\000h\000m\000i\000c\000\040\000C\000u\000r\000s\000e\000:\000\040\000W\000h\000y\000\040\000W\000e\000a\000t\000h\000e\000r\000\040\000F\000o\000r\000e\000c\000a\000s\000t\000s\000\040\000P\000l\000a\000t\000e\000a\000u}{chapter.52}% 2400
\BOOKMARK [1][-]{section.52.45}{\376\377\000P\000r\000e\000d\000i\000c\000t\000i\000o\000n\000\040\000=\000\040\000C\000o\000m\000p\000r\000e\000s\000s\000i\000o\000n\000:\000\040\000T\000h\000e\000\040\000I\000n\000f\000o\000r\000m\000a\000t\000i\000o\000n\000\040\000M\000i\000r\000r\000o\000r}{chapter.52}% 2401
\BOOKMARK [1][-]{section.52.46}{\376\377\000T\000h\000e\000\040\000B\000o\000o\000s\000t\000e\000r\000\040\000E\000f\000f\000e\000c\000t\000:\000\040\000H\000o\000w\000\040\000B\000a\000d\000\040\000P\000r\000e\000d\000i\000c\000t\000o\000r\000s\000\040\000B\000e\000c\000o\000m\000e\000\040\000G\000o\000o\000d\000\040\000O\000n\000e\000s}{chapter.52}% 2402
\BOOKMARK [1][-]{section.52.47}{\376\377\000T\000h\000e\000\040\000S\000h\000e\000a\000f\000\040\000o\000f\000\040\000P\000r\000e\000d\000i\000c\000t\000i\000o\000n\000s\000:\000\040\000W\000h\000e\000n\000\040\000P\000r\000o\000p\000h\000e\000t\000s\000\040\000M\000u\000s\000t\000\040\000A\000g\000r\000e\000e}{chapter.52}% 2403
\BOOKMARK [1][-]{section.52.48}{\376\377\000C\000o\000n\000t\000r\000a\000c\000t\000i\000v\000e\000\040\000O\000r\000a\000c\000l\000e\000s\000:\000\040\000H\000o\000w\000\040\000I\000t\000e\000r\000a\000t\000i\000o\000n\000\040\000F\000i\000n\000d\000s\000\040\000T\000r\000u\000t\000h}{chapter.52}% 2404
\BOOKMARK [1][-]{section.52.49}{\376\377\000F\000i\000v\000e\000\040\000C\000l\000a\000s\000s\000e\000s\000\040\000o\000f\000\040\000P\000r\000e\000d\000i\000c\000t\000a\000b\000i\000l\000i\000t\000y}{chapter.52}% 2405
\BOOKMARK [1][-]{section.52.50}{\376\377\000W\000h\000a\000t\000\040\000I\000t\000\040\000M\000e\000a\000n\000s}{chapter.52}% 2406
\BOOKMARK [1][-]{section.52.51}{\376\377\000T\000h\000e\000\040\000P\000r\000o\000o\000f\000\040\000I\000s\000\040\000i\000n\000\040\000t\000h\000e\000\040\000M\000a\000c\000h\000i\000n\000e}{chapter.52}% 2407
\BOOKMARK [1][-]{section.52.52}{\376\377\000L\000o\000o\000k\000i\000n\000g\000\040\000F\000o\000r\000w\000a\000r\000d}{chapter.52}% 2408
\BOOKMARK [-1][-]{part.11}{\376\377\000X\000I\000\040\000L\000a\000s\000e\000r\000\040\000R\000e\000s\000e\000a\000r\000c\000h\000\040\000\046\000\040\000O\000p\000t\000i\000m\000a\000l\000\040\000P\000l\000a\000n\000n\000i\000n\000g}{}% 2409
\BOOKMARK [0][-]{chapter.53}{\376\377\000L\000a\000s\000e\000r\000\040\000R\000e\000s\000e\000a\000r\000c\000h}{part.11}% 2410
\BOOKMARK [1][-]{section.53.1}{\376\377\000F\000i\000g\000u\000r\000e\000s}{chapter.53}% 2411
\BOOKMARK [1][-]{section.53.2}{\376\377\000R\000e\000s\000e\000a\000r\000c\000h\000\040\000P\000a\000p\000e\000r}{chapter.53}% 2412
\BOOKMARK [1][-]{section.53.3}{\376\377\000A\000b\000s\000t\000r\000a\000c\000t}{chapter.53}% 2413
\BOOKMARK [1][-]{section.53.4}{\376\377\0001\000.\000\040\000I\000n\000t\000r\000o\000d\000u\000c\000t\000i\000o\000n}{chapter.53}% 2414
\BOOKMARK [1][-]{section.53.5}{\376\377\0001\000.\0001\000\040\000M\000o\000t\000i\000v\000a\000t\000i\000o\000n}{chapter.53}% 2415
\BOOKMARK [1][-]{section.53.6}{\376\377\0001\000.\0002\000\040\000F\000i\000r\000s\000t\000\040\000P\000r\000i\000n\000c\000i\000p\000l\000e\000s\000:\000\040\000W\000h\000a\000t\000\040\000D\000o\000e\000s\000\040\000C\000o\000h\000e\000r\000e\000n\000t\000\040\000L\000i\000g\000h\000t\000\040\000A\000c\000t\000u\000a\000l\000l\000y\000\040\000R\000e\000q\000u\000i\000r\000e\000?}{chapter.53}% 2416
\BOOKMARK [1][-]{section.53.7}{\376\377\0001\000.\0003\000\040\000P\000a\000p\000e\000r\000\040\000O\000r\000g\000a\000n\000i\000z\000a\000t\000i\000o\000n}{chapter.53}% 2417
\BOOKMARK [1][-]{section.53.8}{\376\377\0002\000.\000\040\000A\000l\000t\000e\000r\000n\000a\000t\000i\000v\000e\000\040\000M\000e\000t\000h\000o\000d\000s\000\040\000o\000f\000\040\000L\000a\000s\000e\000r\000\040\000L\000i\000g\000h\000t\000\040\000C\000r\000e\000a\000t\000i\000o\000n}{chapter.53}% 2418
\BOOKMARK [1][-]{section.53.9}{\376\377\0002\000.\0001\000\040\000R\000a\000n\000d\000o\000m\000\040\000L\000a\000s\000e\000r\000s\000:\000\040\000C\000o\000h\000e\000r\000e\000n\000c\000e\000\040\000f\000r\000o\000m\000\040\000C\000h\000a\000o\000s}{chapter.53}% 2419
\BOOKMARK [1][-]{section.53.10}{\376\377\0002\000.\0002\000\040\000S\000o\000n\000o\000l\000u\000m\000i\000n\000e\000s\000c\000e\000n\000c\000e\000-\000P\000u\000m\000p\000e\000d\000\040\000L\000a\000s\000e\000r\000s\000:\000\040\000S\000o\000u\000n\000d\000\040\000i\000n\000t\000o\000\040\000L\000i\000g\000h\000t\000\040\000i\000n\000t\000o\000\040\000C\000o\000h\000e\000r\000e\000n\000t\000\040\000L\000i\000g\000h\000t}{chapter.53}% 2420
\BOOKMARK [1][-]{section.53.11}{\376\377\0002\000.\0003\000\040\000C\000h\000e\000m\000i\000l\000u\000m\000i\000n\000e\000s\000c\000e\000n\000t\000\040\000L\000a\000s\000e\000r\000s\000:\000\040\000C\000h\000e\000m\000i\000s\000t\000r\000y\000\040\000R\000e\000p\000l\000a\000c\000e\000s\000\040\000E\000l\000e\000c\000t\000r\000i\000c\000i\000t\000y}{chapter.53}% 2421
\BOOKMARK [1][-]{section.53.12}{\376\377\0002\000.\0004\000\040\000B\000i\000o\000l\000u\000m\000i\000n\000e\000s\000c\000e\000n\000t\000\040\000G\000a\000i\000n\000\040\000M\000e\000d\000i\000a\000:\000\040\000L\000i\000v\000i\000n\000g\000\040\000L\000a\000s\000e\000r\000s}{chapter.53}% 2422
\BOOKMARK [1][-]{section.53.13}{\376\377\0002\000.\0005\000\040\000T\000r\000i\000b\000o\000l\000u\000m\000i\000n\000e\000s\000c\000e\000n\000t\000\040\000C\000a\000v\000i\000t\000y\000\040\000D\000e\000v\000i\000c\000e\000s\000:\000\040\000M\000e\000c\000h\000a\000n\000i\000c\000a\000l\000\040\000L\000i\000g\000h\000t}{chapter.53}% 2423
\BOOKMARK [1][-]{section.53.14}{\376\377\0002\000.\0006\000\040\000N\000o\000n\000l\000i\000n\000e\000a\000r\000\040\000F\000r\000e\000q\000u\000e\000n\000c\000y\000\040\000M\000i\000x\000i\000n\000g\000:\000\040\000N\000e\000w\000\040\000C\000o\000l\000o\000r\000s\000\040\000f\000r\000o\000m\000\040\000O\000l\000d}{chapter.53}% 2424
\BOOKMARK [1][-]{section.53.15}{\376\377\0003\000.\000\040\000S\000i\000m\000u\000l\000a\000t\000i\000o\000n\000s\000\040\000a\000n\000d\000\040\000N\000u\000m\000e\000r\000i\000c\000a\000l\000\040\000R\000e\000s\000u\000l\000t\000s}{chapter.53}% 2425
\BOOKMARK [1][-]{section.53.16}{\376\377\0003\000.\0001\000\040\000R\000a\000n\000d\000o\000m\000\040\000L\000a\000s\000e\000r\000\040\000M\000o\000n\000t\000e\000\040\000C\000a\000r\000l\000o\000\040\000S\000i\000m\000u\000l\000a\000t\000i\000o\000n}{chapter.53}% 2426
\BOOKMARK [1][-]{section.53.17}{\376\377\0003\000.\0002\000\040\000S\000o\000n\000o\000l\000u\000m\000i\000n\000e\000s\000c\000e\000n\000c\000e\000\040\000B\000u\000b\000b\000l\000e\000\040\000D\000y\000n\000a\000m\000i\000c\000s}{chapter.53}% 2427
\BOOKMARK [1][-]{section.53.18}{\376\377\0003\000.\0003\000\040\000C\000h\000e\000m\000i\000l\000u\000m\000i\000n\000e\000s\000c\000e\000n\000t\000\040\000P\000u\000m\000p\000\040\000R\000a\000t\000e}{chapter.53}% 2428
\BOOKMARK [1][-]{section.53.19}{\376\377\0003\000.\0004\000\040\000G\000F\000P\000\040\000L\000a\000s\000e\000r\000\040\000T\000h\000r\000e\000s\000h\000o\000l\000d}{chapter.53}% 2429
\BOOKMARK [1][-]{section.53.20}{\376\377\0004\000.\000\040\000H\000o\000b\000b\000y\000i\000s\000t\000\040\000B\000u\000i\000l\000d\000\040\000G\000u\000i\000d\000e\000s}{chapter.53}% 2430
\BOOKMARK [1][-]{section.53.21}{\376\377\000S\000a\000f\000e\000t\000y\000\040\000R\000a\000n\000k\000i\000n\000g\000s\000\040\000\050\0001\000=\000s\000a\000f\000e\000s\000t\000,\000\040\0005\000=\000m\000o\000s\000t\000\040\000c\000a\000u\000t\000i\000o\000n\000\040\000n\000e\000e\000d\000e\000d\000\051\000:}{chapter.53}% 2431
\BOOKMARK [1][-]{section.53.22}{\376\377\0005\000.\000\040\000S\000a\000f\000e\000t\000y\000\040\000C\000o\000n\000s\000i\000d\000e\000r\000a\000t\000i\000o\000n\000s}{chapter.53}% 2432
\BOOKMARK [1][-]{section.53.23}{\376\377\0005\000.\0001\000\040\000G\000e\000n\000e\000r\000a\000l\000\040\000L\000a\000s\000e\000r\000\040\000S\000a\000f\000e\000t\000y}{chapter.53}% 2433
\BOOKMARK [1][-]{section.53.24}{\376\377\0005\000.\0002\000\040\000C\000h\000e\000m\000i\000c\000a\000l\000\040\000S\000a\000f\000e\000t\000y}{chapter.53}% 2434
\BOOKMARK [1][-]{section.53.25}{\376\377\0005\000.\0003\000\040\000M\000e\000c\000h\000a\000n\000i\000c\000a\000l\000\040\000S\000a\000f\000e\000t\000y}{chapter.53}% 2435
\BOOKMARK [1][-]{section.53.26}{\376\377\0006\000.\000\040\000D\000i\000s\000c\000u\000s\000s\000i\000o\000n\000\040\000a\000n\000d\000\040\000C\000o\000n\000c\000l\000u\000s\000i\000o\000n\000s}{chapter.53}% 2436
\BOOKMARK [1][-]{section.53.27}{\376\377\0006\000.\0001\000\040\000S\000u\000m\000m\000a\000r\000y\000\040\000o\000f\000\040\000F\000i\000n\000d\000i\000n\000g\000s}{chapter.53}% 2437
\BOOKMARK [1][-]{section.53.28}{\376\377\0006\000.\0002\000\040\000R\000e\000c\000o\000m\000m\000e\000n\000d\000e\000d\000\040\000S\000t\000a\000r\000t\000i\000n\000g\000\040\000P\000o\000i\000n\000t\000s}{chapter.53}% 2438
\BOOKMARK [1][-]{section.53.29}{\376\377\0006\000.\0003\000\040\000F\000u\000t\000u\000r\000e\000\040\000D\000i\000r\000e\000c\000t\000i\000o\000n\000s}{chapter.53}% 2439
\BOOKMARK [1][-]{section.53.30}{\376\377\0006\000.\0004\000\040\000P\000h\000i\000l\000o\000s\000o\000p\000h\000i\000c\000a\000l\000\040\000N\000o\000t\000e}{chapter.53}% 2440
\BOOKMARK [1][-]{section.53.31}{\376\377\000R\000e\000f\000e\000r\000e\000n\000c\000e\000s}{chapter.53}% 2441
\BOOKMARK [1][-]{section.53.32}{\376\377\000A\000p\000p\000e\000n\000d\000i\000x\000\040\000A\000:\000\040\000P\000y\000t\000h\000o\000n\000\040\000S\000i\000m\000u\000l\000a\000t\000i\000o\000n\000\040\000C\000o\000d\000e\000s}{chapter.53}% 2442
\BOOKMARK [1][-]{section.53.33}{\376\377\000A\000p\000p\000e\000n\000d\000i\000x\000\040\000B\000:\000\040\000B\000i\000l\000l\000\040\000o\000f\000\040\000M\000a\000t\000e\000r\000i\000a\000l\000s}{chapter.53}% 2443
\BOOKMARK [1][-]{section.53.34}{\376\377\000S\000c\000i\000e\000n\000t\000i\000f\000i\000c\000\040\000A\000m\000e\000r\000i\000c\000a\000n\000\040\000A\000r\000t\000i\000c\000l\000e}{chapter.53}% 2444
\BOOKMARK [1][-]{section.53.35}{\376\377\000R\000e\000t\000h\000i\000n\000k\000i\000n\000g\000\040\000t\000h\000e\000\040\000R\000u\000l\000e\000s}{chapter.53}% 2445
\BOOKMARK [1][-]{section.53.36}{\376\377\000M\000e\000t\000h\000o\000d\000\040\0001\000:\000\040\000T\000h\000e\000\040\000R\000a\000n\000d\000o\000m\000\040\000L\000a\000s\000e\000r\000\040\040\024\000\040\000C\000o\000h\000e\000r\000e\000n\000c\000e\000\040\000f\000r\000o\000m\000\040\000C\000h\000a\000o\000s}{chapter.53}% 2446
\BOOKMARK [1][-]{section.53.37}{\376\377\000M\000e\000t\000h\000o\000d\000\040\0002\000:\000\040\000T\000h\000e\000\040\000S\000o\000u\000n\000d\000\040\000L\000a\000s\000e\000r\000\040\040\024\000\040\000F\000r\000o\000m\000\040\000U\000l\000t\000r\000a\000s\000o\000n\000i\000c\000\040\000H\000u\000m\000\040\000t\000o\000\040\000L\000i\000g\000h\000t}{chapter.53}% 2447
\BOOKMARK [1][-]{section.53.38}{\376\377\000M\000e\000t\000h\000o\000d\000\040\0003\000:\000\040\000T\000h\000e\000\040\000C\000h\000e\000m\000i\000s\000t\000r\000y\000\040\000L\000a\000s\000e\000r\000\040\040\024\000\040\000N\000o\000\040\000B\000a\000t\000t\000e\000r\000i\000e\000s\000\040\000R\000e\000q\000u\000i\000r\000e\000d}{chapter.53}% 2448
\BOOKMARK [1][-]{section.53.39}{\376\377\000M\000e\000t\000h\000o\000d\000\040\0004\000:\000\040\000T\000h\000e\000\040\000L\000i\000v\000i\000n\000g\000\040\000L\000a\000s\000e\000r\000\040\040\024\000\040\000B\000i\000o\000l\000o\000g\000y\000\040\000M\000e\000e\000t\000s\000\040\000P\000h\000o\000t\000o\000n\000i\000c\000s}{chapter.53}% 2449
\BOOKMARK [1][-]{section.53.40}{\376\377\000M\000e\000t\000h\000o\000d\000\040\0005\000:\000\040\000T\000h\000e\000\040\000M\000e\000c\000h\000a\000n\000i\000c\000a\000l\000\040\000L\000a\000s\000e\000r\000\040\040\024\000\040\000B\000r\000e\000a\000k\000i\000n\000g\000\040\000C\000r\000y\000s\000t\000a\000l\000s\000\040\000i\000n\000t\000o\000\040\000L\000i\000g\000h\000t}{chapter.53}% 2450
\BOOKMARK [1][-]{section.53.41}{\376\377\000M\000e\000t\000h\000o\000d\000\040\0006\000:\000\040\000N\000e\000w\000\040\000C\000o\000l\000o\000r\000s\000\040\000f\000r\000o\000m\000\040\000O\000l\000d\000\040\040\024\000\040\000H\000o\000b\000b\000y\000i\000s\000t\000\040\000N\000o\000n\000l\000i\000n\000e\000a\000r\000\040\000O\000p\000t\000i\000c\000s}{chapter.53}% 2451
\BOOKMARK [1][-]{section.53.42}{\376\377\000T\000h\000e\000\040\000B\000i\000g\000g\000e\000r\000\040\000P\000i\000c\000t\000u\000r\000e}{chapter.53}% 2452
\BOOKMARK [1][-]{section.53.43}{\376\377\000S\000i\000d\000e\000b\000a\000r\000:\000\040\000S\000a\000f\000e\000t\000y\000\040\000F\000i\000r\000s\000t\000!}{chapter.53}% 2453
\BOOKMARK [1][-]{section.53.44}{\376\377\000S\000i\000d\000e\000b\000a\000r\000:\000\040\000W\000h\000e\000r\000e\000\040\000t\000o\000\040\000S\000t\000a\000r\000t}{chapter.53}% 2454
\BOOKMARK [0][-]{chapter.54}{\376\377\000O\000p\000t\000i\000m\000a\000l\000\040\000P\000l\000a\000n\000n\000i\000n\000g}{part.11}% 2455
\BOOKMARK [1][-]{section.54.1}{\376\377\000R\000e\000s\000e\000a\000r\000c\000h\000\040\000P\000a\000p\000e\000r}{chapter.54}% 2456
\BOOKMARK [1][-]{section.54.2}{\376\377\0001\000.\000\040\000I\000n\000t\000r\000o\000d\000u\000c\000t\000i\000o\000n}{chapter.54}% 2457
\BOOKMARK [1][-]{section.54.3}{\376\377\0001\000.\0001\000\040\000T\000h\000e\000\040\000P\000l\000a\000n\000n\000i\000n\000g\000\040\000P\000r\000o\000b\000l\000e\000m}{chapter.54}% 2458
\BOOKMARK [1][-]{section.54.4}{\376\377\0001\000.\0002\000\040\000T\000h\000e\000\040\000O\000r\000a\000c\000l\000e\000\040\000C\000o\000n\000n\000e\000c\000t\000i\000o\000n}{chapter.54}% 2459
\BOOKMARK [1][-]{section.54.5}{\376\377\0001\000.\0003\000\040\000C\000o\000n\000t\000r\000i\000b\000u\000t\000i\000o\000n\000s}{chapter.54}% 2460
\BOOKMARK [1][-]{section.54.6}{\376\377\0002\000.\000\040\000M\000a\000t\000h\000e\000m\000a\000t\000i\000c\000a\000l\000\040\000F\000r\000a\000m\000e\000w\000o\000r\000k}{chapter.54}% 2461
\BOOKMARK [1][-]{section.54.7}{\376\377\0002\000.\0001\000\040\000M\000a\000r\000k\000o\000v\000\040\000D\000e\000c\000i\000s\000i\000o\000n\000\040\000P\000r\000o\000c\000e\000s\000s\000e\000s}{chapter.54}% 2462
\BOOKMARK [1][-]{section.54.8}{\376\377\0002\000.\0002\000\040\000T\000h\000e\000\040\000B\000e\000l\000l\000m\000a\000n\000\040\000O\000p\000e\000r\000a\000t\000o\000r}{chapter.54}% 2463
\BOOKMARK [1][-]{section.54.9}{\376\377\0002\000.\0003\000\040\000T\000h\000e\000\040\000S\000u\000p\000-\000N\000o\000r\000m\000\040\000a\000n\000d\000\040\000C\000o\000n\000t\000r\000a\000c\000t\000i\000o\000n}{chapter.54}% 2464
\BOOKMARK [1][-]{section.54.10}{\376\377\0002\000.\0004\000\040\000T\000h\000e\000\040\000O\000r\000a\000c\000l\000e\000\040\000C\000o\000n\000n\000e\000c\000t\000i\000o\000n}{chapter.54}% 2465
\BOOKMARK [1][-]{section.54.11}{\376\377\0002\000.\0005\000\040\000V\000a\000l\000u\000e\000\040\000I\000t\000e\000r\000a\000t\000i\000o\000n\000\040\000C\000o\000n\000v\000e\000r\000g\000e\000n\000c\000e}{chapter.54}% 2466
\BOOKMARK [1][-]{section.54.12}{\376\377\0003\000.\000\040\000M\000e\000t\000a\000-\000O\000r\000a\000c\000l\000e\000\040\000P\000l\000a\000n\000n\000i\000n\000g}{chapter.54}% 2467
\BOOKMARK [1][-]{section.54.13}{\376\377\0003\000.\0001\000\040\000T\000h\000e\000\040\000M\000e\000t\000a\000-\000L\000e\000v\000e\000l\000\040\000P\000r\000o\000b\000l\000e\000m}{chapter.54}% 2468
\BOOKMARK [1][-]{section.54.14}{\376\377\0003\000.\0002\000\040\000O\000r\000a\000c\000l\000e\000\040\000H\000i\000e\000r\000a\000r\000c\000h\000i\000e\000s}{chapter.54}% 2469
\BOOKMARK [1][-]{section.54.15}{\376\377\0003\000.\0003\000\040\000T\000h\000e\000\040\000S\000u\000p\000r\000e\000m\000e\000\040\000P\000l\000a\000n\000n\000i\000n\000g\000\040\000O\000r\000a\000c\000l\000e}{chapter.54}% 2470
\BOOKMARK [1][-]{section.54.16}{\376\377\0004\000.\000\040\000N\000e\000w\000\040\000H\000y\000p\000o\000t\000h\000e\000s\000e\000s\000\040\000a\000n\000d\000\040\000E\000x\000p\000e\000r\000i\000m\000e\000n\000t\000a\000l\000\040\000V\000a\000l\000i\000d\000a\000t\000i\000o\000n}{chapter.54}% 2471
\BOOKMARK [1][-]{section.54.17}{\376\377\000H\000y\000p\000o\000t\000h\000e\000s\000i\000s\000\040\0001\000:\000\040\000O\000r\000a\000c\000l\000e\000\040\000C\000o\000m\000p\000o\000s\000i\000t\000i\000o\000n\000\040\000P\000r\000e\000s\000e\000r\000v\000e\000s\000\040\000O\000p\000t\000i\000m\000a\000l\000i\000t\000y}{chapter.54}% 2472
\BOOKMARK [1][-]{section.54.18}{\376\377\000H\000y\000p\000o\000t\000h\000e\000s\000i\000s\000\040\0002\000:\000\040\000C\000o\000n\000t\000r\000a\000c\000t\000i\000o\000n\000\040\000R\000a\000t\000e\000\040\000D\000e\000t\000e\000r\000m\000i\000n\000e\000s\000\040\000P\000l\000a\000n\000n\000i\000n\000g\000\040\000D\000i\000f\000f\000i\000c\000u\000l\000t\000y}{chapter.54}% 2473
\BOOKMARK [1][-]{section.54.19}{\376\377\000H\000y\000p\000o\000t\000h\000e\000s\000i\000s\000\040\0003\000:\000\040\000M\000e\000t\000a\000-\000O\000r\000a\000c\000l\000e\000\040\000C\000o\000m\000p\000o\000s\000i\000t\000i\000o\000n\000\040\000i\000s\000\040\000A\000s\000s\000o\000c\000i\000a\000t\000i\000v\000e}{chapter.54}% 2474
\BOOKMARK [1][-]{section.54.20}{\376\377\0005\000.\000\040\000A\000p\000p\000l\000i\000c\000a\000t\000i\000o\000n\000s}{chapter.54}% 2475
\BOOKMARK [1][-]{section.54.21}{\376\377\0005\000.\0001\000\040\000A\000I\000\040\000A\000l\000i\000g\000n\000m\000e\000n\000t}{chapter.54}% 2476
\BOOKMARK [1][-]{section.54.22}{\376\377\0005\000.\0002\000\040\000R\000e\000s\000o\000u\000r\000c\000e\000\040\000A\000l\000l\000o\000c\000a\000t\000i\000o\000n}{chapter.54}% 2477
\BOOKMARK [1][-]{section.54.23}{\376\377\0005\000.\0003\000\040\000S\000c\000i\000e\000n\000t\000i\000f\000i\000c\000\040\000D\000i\000s\000c\000o\000v\000e\000r\000y}{chapter.54}% 2478
\BOOKMARK [1][-]{section.54.24}{\376\377\0005\000.\0004\000\040\000A\000u\000t\000o\000n\000o\000m\000o\000u\000s\000\040\000S\000y\000s\000t\000e\000m\000s}{chapter.54}% 2479
\BOOKMARK [1][-]{section.54.25}{\376\377\0006\000.\000\040\000F\000o\000r\000m\000a\000l\000\040\000V\000e\000r\000i\000f\000i\000c\000a\000t\000i\000o\000n\000\040\000S\000u\000m\000m\000a\000r\000y}{chapter.54}% 2480
\BOOKMARK [1][-]{section.54.26}{\376\377\0007\000.\000\040\000C\000o\000n\000c\000l\000u\000s\000i\000o\000n}{chapter.54}% 2481
\BOOKMARK [1][-]{section.54.27}{\376\377\000R\000e\000f\000e\000r\000e\000n\000c\000e\000s}{chapter.54}% 2482
\BOOKMARK [1][-]{section.54.28}{\376\377\000S\000c\000i\000e\000n\000t\000i\000f\000i\000c\000\040\000A\000m\000e\000r\000i\000c\000a\000n\000\040\000A\000r\000t\000i\000c\000l\000e}{chapter.54}% 2483
\BOOKMARK [1][-]{section.54.29}{\376\377\000W\000h\000a\000t\000\040\000I\000s\000\040\000a\000n\000\040\000O\000r\000a\000c\000l\000e\000?}{chapter.54}% 2484
\BOOKMARK [1][-]{section.54.30}{\376\377\000T\000h\000e\000\040\000B\000e\000l\000l\000m\000a\000n\000\040\000E\000q\000u\000a\000t\000i\000o\000n\000:\000\040\000H\000o\000w\000\040\000P\000e\000r\000f\000e\000c\000t\000\040\000P\000l\000a\000n\000n\000i\000n\000g\000\040\000W\000o\000r\000k\000s}{chapter.54}% 2485
\BOOKMARK [1][-]{section.54.31}{\376\377\000T\000h\000e\000\040\000O\000r\000a\000c\000l\000e\000\040\000C\000o\000n\000n\000e\000c\000t\000i\000o\000n}{chapter.54}% 2486
\BOOKMARK [1][-]{section.54.32}{\376\377\000V\000a\000l\000u\000e\000\040\000I\000t\000e\000r\000a\000t\000i\000o\000n\000:\000\040\000H\000o\000w\000\040\000t\000o\000\040\000F\000i\000n\000d\000\040\000t\000h\000e\000\040\000O\000r\000a\000c\000l\000e}{chapter.54}% 2487
\BOOKMARK [1][-]{section.54.33}{\376\377\000T\000h\000e\000\040\000M\000e\000t\000a\000-\000O\000r\000a\000c\000l\000e\000:\000\040\000C\000h\000o\000o\000s\000i\000n\000g\000\040\000W\000h\000a\000t\000\040\000t\000o\000\040\000P\000l\000a\000n}{chapter.54}% 2488
\BOOKMARK [1][-]{section.54.34}{\376\377\000W\000h\000y\000\040\000F\000o\000r\000m\000a\000l\000\040\000V\000e\000r\000i\000f\000i\000c\000a\000t\000i\000o\000n\000\040\000M\000a\000t\000t\000e\000r\000s}{chapter.54}% 2489
\BOOKMARK [1][-]{section.54.35}{\376\377\000E\000x\000p\000e\000r\000i\000m\000e\000n\000t\000s\000\040\000a\000n\000d\000\040\000N\000e\000w\000\040\000H\000y\000p\000o\000t\000h\000e\000s\000e\000s}{chapter.54}% 2490
\BOOKMARK [1][-]{section.54.36}{\376\377\000A\000p\000p\000l\000i\000c\000a\000t\000i\000o\000n\000s}{chapter.54}% 2491
\BOOKMARK [1][-]{section.54.37}{\376\377\000T\000h\000e\000\040\000R\000o\000a\000d\000\040\000A\000h\000e\000a\000d}{chapter.54}% 2492
\BOOKMARK [-1][-]{part.12}{\376\377\000X\000I\000I\000\040\000E\000x\000p\000l\000o\000r\000a\000t\000i\000o\000n\000s\000\040\000\046\000\040\000F\000r\000o\000n\000t\000i\000e\000r\000\040\000R\000e\000s\000e\000a\000r\000c\000h}{}% 2493
\BOOKMARK [0][-]{chapter.55}{\376\377\000D\000e\000e\000p\000\040\000D\000i\000v\000e\000:\000\040\000C\000r\000o\000s\000s\000-\000D\000o\000m\000a\000i\000n\000\040\000S\000y\000n\000t\000h\000e\000s\000i\000s}{part.12}% 2494
\BOOKMARK [1][-]{section.55.1}{\376\377\000R\000e\000s\000e\000a\000r\000c\000h\000\040\000P\000a\000p\000e\000r}{chapter.55}% 2495
\BOOKMARK [1][-]{section.55.2}{\376\377\0001\000.\000\040\000I\000n\000t\000r\000o\000d\000u\000c\000t\000i\000o\000n}{chapter.55}% 2496
\BOOKMARK [1][-]{section.55.3}{\376\377\0001\000.\0001\000\040\000T\000h\000e\000\040\000F\000i\000v\000e\000\040\000H\000y\000p\000o\000t\000h\000e\000s\000e\000s}{chapter.55}% 2497
\BOOKMARK [1][-]{section.55.4}{\376\377\0002\000.\000\040\000H\000y\000p\000o\000t\000h\000e\000s\000i\000s\000\040\0001\000:\000\040\000C\000o\000n\000s\000t\000e\000l\000l\000a\000t\000i\000o\000n\000\040\000R\000i\000g\000i\000d\000i\000t\000y}{chapter.55}% 2498
\BOOKMARK [1][-]{section.55.5}{\376\377\0002\000.\0001\000\040\000S\000e\000t\000u\000p}{chapter.55}% 2499
\BOOKMARK [1][-]{section.55.6}{\376\377\0002\000.\0002\000\040\000E\000x\000p\000e\000r\000i\000m\000e\000n\000t\000a\000l\000\040\000R\000e\000s\000u\000l\000t\000s}{chapter.55}% 2500
\BOOKMARK [1][-]{section.55.7}{\376\377\0002\000.\0003\000\040\000C\000o\000n\000n\000e\000c\000t\000i\000o\000n\000\040\000t\000o\000\040\000H\000a\000r\000d\000y\000-\000L\000i\000t\000t\000l\000e\000w\000o\000o\000d}{chapter.55}% 2501
\BOOKMARK [1][-]{section.55.8}{\376\377\0002\000.\0004\000\040\000F\000a\000c\000t\000o\000r\000i\000z\000a\000t\000i\000o\000n\000\040\000D\000e\000p\000e\000n\000d\000e\000n\000c\000e}{chapter.55}% 2502
\BOOKMARK [1][-]{section.55.9}{\376\377\0002\000.\0005\000\040\000C\000o\000n\000c\000l\000u\000s\000i\000o\000n}{chapter.55}% 2503
\BOOKMARK [1][-]{section.55.10}{\376\377\0003\000.\000\040\000H\000y\000p\000o\000t\000h\000e\000s\000i\000s\000\040\0002\000:\000\040\000S\000p\000e\000c\000t\000r\000a\000l\000\040\000M\000a\000s\000s\000\040\000G\000a\000p\000\040\000C\000o\000r\000r\000e\000s\000p\000o\000n\000d\000e\000n\000c\000e}{chapter.55}% 2504
\BOOKMARK [1][-]{section.55.11}{\376\377\0003\000.\0001\000\040\000S\000e\000t\000u\000p}{chapter.55}% 2505
\BOOKMARK [1][-]{section.55.12}{\376\377\0003\000.\0002\000\040\000G\000U\000E\000\040\000S\000t\000a\000t\000i\000s\000t\000i\000c\000s}{chapter.55}% 2506
\BOOKMARK [1][-]{section.55.13}{\376\377\0003\000.\0003\000\040\000S\000o\000f\000t\000\040\000v\000s\000.\000\040\000H\000a\000r\000d\000\040\000M\000a\000s\000s\000\040\000G\000a\000p}{chapter.55}% 2507
\BOOKMARK [1][-]{section.55.14}{\376\377\0003\000.\0004\000\040\000d\000e\000\040\000B\000r\000u\000i\000j\000n\000-\000N\000e\000w\000m\000a\000n\000\040\000C\000o\000n\000n\000e\000c\000t\000i\000o\000n}{chapter.55}% 2508
\BOOKMARK [1][-]{section.55.15}{\376\377\0003\000.\0005\000\040\000C\000o\000n\000c\000l\000u\000s\000i\000o\000n}{chapter.55}% 2509
\BOOKMARK [1][-]{section.55.16}{\376\377\0004\000.\000\040\000H\000y\000p\000o\000t\000h\000e\000s\000i\000s\000\040\0003\000:\000\040\000F\000l\000u\000i\000d\000\040\000P\000r\000e\000d\000i\000c\000t\000i\000o\000n\000\040\000H\000a\000r\000d\000n\000e\000s\000s}{chapter.55}% 2510
\BOOKMARK [1][-]{section.55.17}{\376\377\0004\000.\0001\000\040\000E\000x\000p\000e\000r\000i\000m\000e\000n\000t\000a\000l\000\040\000S\000e\000t\000u\000p}{chapter.55}% 2511
\BOOKMARK [1][-]{section.55.18}{\376\377\0004\000.\0002\000\040\000V\000i\000s\000c\000o\000s\000i\000t\000y\000\040\000T\000h\000r\000e\000s\000h\000o\000l\000d}{chapter.55}% 2512
\BOOKMARK [1][-]{section.55.19}{\376\377\0004\000.\0003\000\040\000T\000h\000e\000\040\0002\000D\000\040\000C\000o\000u\000n\000t\000e\000r\000e\000x\000a\000m\000p\000l\000e}{chapter.55}% 2513
\BOOKMARK [1][-]{section.55.20}{\376\377\0004\000.\0004\000\040\000R\000e\000f\000i\000n\000e\000d\000\040\000H\000y\000p\000o\000t\000h\000e\000s\000i\000s}{chapter.55}% 2514
\BOOKMARK [1][-]{section.55.21}{\376\377\0004\000.\0005\000\040\000C\000o\000n\000c\000l\000u\000s\000i\000o\000n}{chapter.55}% 2515
\BOOKMARK [1][-]{section.55.22}{\376\377\0005\000.\000\040\000H\000y\000p\000o\000t\000h\000e\000s\000i\000s\000\040\0004\000:\000\040\000A\000p\000p\000r\000o\000x\000i\000m\000a\000t\000i\000o\000n\000\040\000U\000n\000i\000v\000e\000r\000s\000a\000l\000i\000t\000y}{chapter.55}% 2516
\BOOKMARK [1][-]{section.55.23}{\376\377\0005\000.\0001\000\040\000T\000h\000e\000\040\000T\000w\000o\000\040\000C\000o\000n\000j\000e\000c\000t\000u\000r\000e\000s}{chapter.55}% 2517
\BOOKMARK [1][-]{section.55.24}{\376\377\0005\000.\0002\000\040\000C\000o\000m\000p\000u\000t\000a\000t\000i\000o\000n\000a\000l\000\040\000V\000e\000r\000i\000f\000i\000c\000a\000t\000i\000o\000n}{chapter.55}% 2518
\BOOKMARK [1][-]{section.55.25}{\376\377\0005\000.\0003\000\040\000T\000h\000e\000\040\000U\000n\000i\000f\000y\000i\000n\000g\000\040\000F\000r\000a\000m\000e\000w\000o\000r\000k}{chapter.55}% 2519
\BOOKMARK [1][-]{section.55.26}{\376\377\0005\000.\0004\000\040\000O\000r\000b\000i\000t\000\040\000C\000o\000v\000e\000r\000a\000g\000e\000\040\000E\000x\000p\000e\000r\000i\000m\000e\000n\000t\000s}{chapter.55}% 2520
\BOOKMARK [1][-]{section.55.27}{\376\377\0005\000.\0005\000\040\000C\000o\000n\000c\000l\000u\000s\000i\000o\000n}{chapter.55}% 2521
\BOOKMARK [1][-]{section.55.28}{\376\377\0006\000.\000\040\000H\000y\000p\000o\000t\000h\000e\000s\000i\000s\000\040\0005\000:\000\040\000E\000r\000d\001\121\000s\000-\000S\000t\000r\000a\000u\000s\000\040\000D\000e\000n\000s\000i\000t\000y\000\040\000G\000r\000o\000w\000t\000h}{chapter.55}% 2522
\BOOKMARK [1][-]{section.55.29}{\376\377\0006\000.\0001\000\040\000S\000e\000t\000u\000p}{chapter.55}% 2523
\BOOKMARK [1][-]{section.55.30}{\376\377\0006\000.\0002\000\040\000C\000o\000n\000j\000e\000c\000t\000u\000r\000e\000\040\000V\000e\000r\000i\000f\000i\000c\000a\000t\000i\000o\000n}{chapter.55}% 2524
\BOOKMARK [1][-]{section.55.31}{\376\377\0006\000.\0003\000\040\000G\000r\000o\000w\000t\000h\000\040\000R\000a\000t\000e}{chapter.55}% 2525
\BOOKMARK [1][-]{section.55.32}{\376\377\0006\000.\0004\000\040\000D\000i\000v\000i\000s\000o\000r\000\040\000F\000u\000n\000c\000t\000i\000o\000n\000\040\000C\000o\000r\000r\000e\000l\000a\000t\000i\000o\000n}{chapter.55}% 2526
\BOOKMARK [1][-]{section.55.33}{\376\377\0006\000.\0005\000\040\000S\000t\000r\000u\000c\000t\000u\000r\000a\000l\000\040\000A\000n\000a\000l\000y\000s\000i\000s}{chapter.55}% 2527
\BOOKMARK [1][-]{section.55.34}{\376\377\0006\000.\0006\000\040\000R\000e\000f\000i\000n\000e\000d\000\040\000H\000y\000p\000o\000t\000h\000e\000s\000i\000s}{chapter.55}% 2528
\BOOKMARK [1][-]{section.55.35}{\376\377\0006\000.\0007\000\040\000C\000o\000n\000c\000l\000u\000s\000i\000o\000n}{chapter.55}% 2529
\BOOKMARK [1][-]{section.55.36}{\376\377\0007\000.\000\040\000F\000o\000r\000m\000a\000l\000\040\000V\000e\000r\000i\000f\000i\000c\000a\000t\000i\000o\000n}{chapter.55}% 2530
\BOOKMARK [1][-]{section.55.37}{\376\377\0008\000.\000\040\000A\000p\000p\000l\000i\000c\000a\000t\000i\000o\000n\000s}{chapter.55}% 2531
\BOOKMARK [1][-]{section.55.38}{\376\377\0008\000.\0001\000\040\000C\000r\000y\000p\000t\000o\000g\000r\000a\000p\000h\000y\000\040\000\050\000H\0001\000\051}{chapter.55}% 2532
\BOOKMARK [1][-]{section.55.39}{\376\377\0008\000.\0002\000\040\000Q\000u\000a\000n\000t\000u\000m\000\040\000C\000o\000m\000p\000u\000t\000i\000n\000g\000\040\000\050\000H\0002\000\051}{chapter.55}% 2533
\BOOKMARK [1][-]{section.55.40}{\376\377\0008\000.\0003\000\040\000C\000l\000i\000m\000a\000t\000e\000\040\000M\000o\000d\000e\000l\000i\000n\000g\000\040\000\050\000H\0003\000\051}{chapter.55}% 2534
\BOOKMARK [1][-]{section.55.41}{\376\377\0008\000.\0004\000\040\000O\000p\000t\000i\000m\000i\000z\000a\000t\000i\000o\000n\000\040\000\050\000H\0004\000\051}{chapter.55}% 2535
\BOOKMARK [1][-]{section.55.42}{\376\377\0008\000.\0005\000\040\000A\000l\000g\000o\000r\000i\000t\000h\000m\000\040\000D\000e\000s\000i\000g\000n\000\040\000\050\000H\0005\000\051}{chapter.55}% 2536
\BOOKMARK [1][-]{section.55.43}{\376\377\0009\000.\000\040\000S\000u\000m\000m\000a\000r\000y\000\040\000a\000n\000d\000\040\000F\000u\000t\000u\000r\000e\000\040\000D\000i\000r\000e\000c\000t\000i\000o\000n\000s}{chapter.55}% 2537
\BOOKMARK [1][-]{section.55.44}{\376\377\000G\000e\000n\000e\000r\000a\000t\000e\000d\000\040\000H\000y\000p\000o\000t\000h\000e\000s\000e\000s\000\040\000f\000o\000r\000\040\000F\000u\000t\000u\000r\000e\000\040\000W\000o\000r\000k}{chapter.55}% 2538
\BOOKMARK [1][-]{section.55.45}{\376\377\000R\000e\000f\000e\000r\000e\000n\000c\000e\000s}{chapter.55}% 2539
\BOOKMARK [1][-]{section.55.46}{\376\377\000S\000c\000i\000e\000n\000t\000i\000f\000i\000c\000\040\000A\000m\000e\000r\000i\000c\000a\000n\000\040\000A\000r\000t\000i\000c\000l\000e}{chapter.55}% 2540
\BOOKMARK [1][-]{section.55.47}{\376\377\000T\000h\000e\000\040\000B\000i\000g\000\040\000I\000d\000e\000a}{chapter.55}% 2541
\BOOKMARK [1][-]{section.55.48}{\376\377\000H\000y\000p\000o\000t\000h\000e\000s\000i\000s\000\040\0001\000:\000\040\000T\000h\000e\000\040\000P\000r\000i\000m\000e\000\040\000D\000e\000n\000s\000i\000t\000y\000\040\000B\000r\000i\000d\000g\000e\000\040\000"\0004\0005\0008}{chapter.55}% 2542
\BOOKMARK [1][-]{section.55.49}{\376\377\000H\000y\000p\000o\000t\000h\000e\000s\000i\000s\000\040\0002\000:\000\040\000T\000h\000e\000\040\000S\000p\000e\000c\000t\000r\000a\000l\000\040\000B\000r\000i\000d\000g\000e\000\040\000\176}{chapter.55}% 2543
\BOOKMARK [1][-]{section.55.50}{\376\377\000H\000y\000p\000o\000t\000h\000e\000s\000i\000s\000\040\0003\000:\000\040\000T\000h\000e\000\040\000C\000o\000m\000p\000l\000e\000x\000i\000t\000y\000\040\000B\000r\000i\000d\000g\000e\000\040\000\176}{chapter.55}% 2544
\BOOKMARK [1][-]{section.55.51}{\376\377\000H\000y\000p\000o\000t\000h\000e\000s\000i\000s\000\040\0004\000:\000\040\000T\000h\000e\000\040\000E\000q\000u\000i\000d\000i\000s\000t\000r\000i\000b\000u\000t\000i\000o\000n\000\040\000B\000r\000i\000d\000g\000e\000\040\000"\0004\0005\0008}{chapter.55}% 2545
\BOOKMARK [1][-]{section.55.52}{\376\377\000H\000y\000p\000o\000t\000h\000e\000s\000i\000s\000\040\0005\000:\000\040\000T\000h\000e\000\040\000E\000g\000y\000p\000t\000i\000a\000n\000\040\000F\000r\000a\000c\000t\000i\000o\000n\000\040\000B\000r\000i\000d\000g\000e\000\040\000\050\000R\000e\000f\000i\000n\000e\000d\000\051}{chapter.55}% 2546
\BOOKMARK [1][-]{section.55.53}{\376\377\000W\000h\000a\000t\000\040\000W\000e\000\040\000L\000e\000a\000r\000n\000e\000d}{chapter.55}% 2547
\BOOKMARK [1][-]{section.55.54}{\376\377\000L\000o\000o\000k\000i\000n\000g\000\040\000F\000u\000r\000t\000h\000e\000r\000\040\000F\000o\000r\000w\000a\000r\000d}{chapter.55}% 2548
\BOOKMARK [0][-]{chapter.56}{\376\377\000F\000o\000r\000b\000i\000d\000d\000e\000n\000\040\000C\000o\000n\000v\000e\000r\000g\000e\000n\000c\000e}{part.12}% 2549
\BOOKMARK [1][-]{section.56.1}{\376\377\000F\000i\000g\000u\000r\000e\000s}{chapter.56}% 2550
\BOOKMARK [1][-]{section.56.2}{\376\377\000R\000e\000s\000e\000a\000r\000c\000h\000\040\000P\000a\000p\000e\000r}{chapter.56}% 2551
\BOOKMARK [1][-]{section.56.3}{\376\377\000A\000b\000s\000t\000r\000a\000c\000t}{chapter.56}% 2552
\BOOKMARK [1][-]{section.56.4}{\376\377\0001\000.\000\040\000I\000n\000t\000r\000o\000d\000u\000c\000t\000i\000o\000n}{chapter.56}% 2553
\BOOKMARK [1][-]{section.56.5}{\376\377\0001\000.\0001\000\040\000O\000r\000g\000a\000n\000i\000z\000a\000t\000i\000o\000n}{chapter.56}% 2554
\BOOKMARK [1][-]{section.56.6}{\376\377\0001\000.\0002\000\040\000V\000e\000r\000i\000f\000i\000c\000a\000t\000i\000o\000n\000\040\000S\000t\000a\000t\000u\000s}{chapter.56}% 2555
\BOOKMARK [1][-]{section.56.7}{\376\377\0002\000.\000\040\000T\000h\000e\000\040\000B\000r\000o\000k\000e\000n\000\040\000M\000i\000r\000r\000o\000r\000\040\000T\000h\000e\000o\000r\000e\000m\000s}{chapter.56}% 2556
\BOOKMARK [1][-]{section.56.8}{\376\377\0002\000.\0001\000\040\000I\000n\000v\000o\000l\000u\000t\000i\000o\000n\000\040\000F\000i\000x\000e\000d\000-\000P\000o\000i\000n\000t\000\040\000T\000h\000e\000o\000r\000e\000m}{chapter.56}% 2557
\BOOKMARK [1][-]{section.56.9}{\376\377\0002\000.\0002\000\040\000D\000i\000a\000g\000o\000n\000a\000l\000\040\000S\000h\000a\000t\000t\000e\000r\000i\000n\000g}{chapter.56}% 2558
\BOOKMARK [1][-]{section.56.10}{\376\377\0002\000.\0003\000\040\000D\000i\000s\000c\000r\000e\000t\000e\000\040\000I\000n\000t\000e\000r\000m\000e\000d\000i\000a\000t\000e\000\040\000V\000a\000l\000u\000e\000\040\000T\000h\000e\000o\000r\000e\000m}{chapter.56}% 2559
\BOOKMARK [1][-]{section.56.11}{\376\377\0002\000.\0004\000\040\000S\000e\000l\000f\000-\000K\000n\000o\000w\000l\000e\000d\000g\000e\000\040\000I\000m\000p\000o\000s\000s\000i\000b\000i\000l\000i\000t\000y}{chapter.56}% 2560
\BOOKMARK [1][-]{section.56.12}{\376\377\0003\000.\000\040\000T\000h\000e\000\040\000M\000a\000t\000r\000i\000x\000\040\000T\000h\000e\000o\000r\000e\000m\000s}{chapter.56}% 2561
\BOOKMARK [1][-]{section.56.13}{\376\377\0003\000.\0001\000\040\000S\000p\000e\000c\000t\000r\000a\000l\000\040\000I\000d\000e\000n\000t\000i\000t\000i\000e\000s}{chapter.56}% 2562
\BOOKMARK [1][-]{section.56.14}{\376\377\0003\000.\0002\000\040\000D\000e\000t\000e\000r\000m\000i\000n\000a\000n\000t\000\040\000P\000r\000o\000p\000e\000r\000t\000i\000e\000s}{chapter.56}% 2563
\BOOKMARK [1][-]{section.56.15}{\376\377\0003\000.\0003\000\040\000P\000r\000o\000j\000e\000c\000t\000i\000o\000n\000\040\000T\000h\000e\000o\000r\000e\000m}{chapter.56}% 2564
\BOOKMARK [1][-]{section.56.16}{\376\377\0004\000.\000\040\000A\000r\000e\000a\000\040\0005\0001\000:\000\040\000N\000u\000m\000b\000e\000r\000-\000T\000h\000e\000o\000r\000e\000t\000i\000c\000\040\000T\000h\000e\000o\000r\000e\000m\000s}{chapter.56}% 2565
\BOOKMARK [1][-]{section.56.17}{\376\377\0004\000.\0001\000\040\000C\000l\000a\000s\000s\000i\000c\000a\000l\000\040\000R\000e\000s\000u\000l\000t\000s}{chapter.56}% 2566
\BOOKMARK [1][-]{section.56.18}{\376\377\0004\000.\0002\000\040\000S\000t\000r\000u\000c\000t\000u\000r\000a\000l\000\040\000R\000e\000s\000u\000l\000t\000s}{chapter.56}% 2567
\BOOKMARK [1][-]{section.56.19}{\376\377\0005\000.\000\040\000S\000t\000r\000a\000n\000g\000e\000\040\000L\000o\000o\000p\000\040\000T\000h\000e\000o\000r\000e\000m\000s}{chapter.56}% 2568
\BOOKMARK [1][-]{section.56.20}{\376\377\0005\000.\0001\000\040\000P\000e\000r\000i\000o\000d\000i\000c\000i\000t\000y}{chapter.56}% 2569
\BOOKMARK [1][-]{section.56.21}{\376\377\0005\000.\0002\000\040\000C\000o\000n\000t\000r\000a\000c\000t\000i\000o\000n\000\040\000P\000r\000i\000n\000c\000i\000p\000l\000e\000s}{chapter.56}% 2570
\BOOKMARK [1][-]{section.56.22}{\376\377\0005\000.\0003\000\040\000I\000d\000e\000m\000p\000o\000t\000e\000n\000t\000\040\000T\000h\000e\000o\000r\000y}{chapter.56}% 2571
\BOOKMARK [1][-]{section.56.23}{\376\377\0005\000.\0004\000\040\000Q\000u\000i\000n\000e\000s\000\040\000a\000n\000d\000\040\000S\000e\000l\000f\000-\000R\000e\000f\000e\000r\000e\000n\000c\000e}{chapter.56}% 2572
\BOOKMARK [1][-]{section.56.24}{\376\377\0005\000.\0005\000\040\000P\000e\000r\000i\000o\000d\000-\0003\000\040\000O\000r\000b\000i\000t}{chapter.56}% 2573
\BOOKMARK [1][-]{section.56.25}{\376\377\0006\000.\000\040\000F\000o\000r\000b\000i\000d\000d\000e\000n\000\040\000C\000o\000n\000v\000e\000r\000g\000e\000n\000c\000e\000\040\000T\000h\000e\000o\000r\000e\000m\000s}{chapter.56}% 2574
\BOOKMARK [1][-]{section.56.26}{\376\377\0006\000.\0001\000\040\000S\000e\000r\000i\000e\000s\000\040\000I\000d\000e\000n\000t\000i\000t\000i\000e\000s}{chapter.56}% 2575
\BOOKMARK [1][-]{section.56.27}{\376\377\0006\000.\0002\000\040\000S\000u\000m\000m\000a\000t\000i\000o\000n\000\040\000F\000o\000r\000m\000u\000l\000a\000s}{chapter.56}% 2576
\BOOKMARK [1][-]{section.56.28}{\376\377\0006\000.\0003\000\040\000I\000n\000e\000q\000u\000a\000l\000i\000t\000i\000e\000s}{chapter.56}% 2577
\BOOKMARK [1][-]{section.56.29}{\376\377\0007\000.\000\040\000C\000o\000m\000p\000u\000t\000a\000t\000i\000o\000n\000a\000l\000\040\000E\000x\000p\000e\000r\000i\000m\000e\000n\000t\000s}{chapter.56}% 2578
\BOOKMARK [1][-]{section.56.30}{\376\377\0007\000.\0001\000\040\000B\000r\000o\000k\000e\000n\000\040\000M\000i\000r\000r\000o\000r\000\040\000V\000a\000l\000i\000d\000a\000t\000i\000o\000n}{chapter.56}% 2579
\BOOKMARK [1][-]{section.56.31}{\376\377\0007\000.\0002\000\040\000E\000i\000g\000e\000n\000v\000a\000l\000u\000e\000\040\000R\000e\000p\000u\000l\000s\000i\000o\000n}{chapter.56}% 2580
\BOOKMARK [1][-]{section.56.32}{\376\377\0007\000.\0003\000\040\000P\000r\000i\000m\000e\000\040\000C\000o\000n\000s\000p\000i\000r\000a\000c\000y}{chapter.56}% 2581
\BOOKMARK [1][-]{section.56.33}{\376\377\0007\000.\0004\000\040\000F\000e\000i\000g\000e\000n\000b\000a\000u\000m\000\040\000U\000n\000i\000v\000e\000r\000s\000a\000l\000i\000t\000y}{chapter.56}% 2582
\BOOKMARK [1][-]{section.56.34}{\376\377\0008\000.\000\040\000A\000p\000p\000l\000i\000c\000a\000t\000i\000o\000n\000s}{chapter.56}% 2583
\BOOKMARK [1][-]{section.56.35}{\376\377\0008\000.\0001\000\040\000C\000r\000y\000p\000t\000o\000g\000r\000a\000p\000h\000i\000c\000\040\000P\000r\000i\000m\000e\000\040\000T\000e\000s\000t\000i\000n\000g}{chapter.56}% 2584
\BOOKMARK [1][-]{section.56.36}{\376\377\0008\000.\0002\000\040\000Q\000u\000a\000n\000t\000u\000m\000\040\000C\000e\000r\000t\000i\000f\000i\000c\000a\000t\000i\000o\000n}{chapter.56}% 2585
\BOOKMARK [1][-]{section.56.37}{\376\377\0008\000.\0003\000\040\000D\000y\000n\000a\000m\000i\000c\000a\000l\000\040\000S\000y\000s\000t\000e\000m\000s\000\040\000P\000r\000e\000d\000i\000c\000t\000i\000o\000n}{chapter.56}% 2586
\BOOKMARK [1][-]{section.56.38}{\376\377\0009\000.\000\040\000N\000e\000w\000\040\000H\000y\000p\000o\000t\000h\000e\000s\000e\000s}{chapter.56}% 2587
\BOOKMARK [1][-]{section.56.39}{\376\377\000H\000y\000p\000o\000t\000h\000e\000s\000i\000s\000\040\0001\000:\000\040\000G\000e\000n\000e\000r\000a\000l\000i\000z\000e\000d\000\040\000B\000r\000o\000k\000e\000n\000\040\000M\000i\000r\000r\000o\000r}{chapter.56}% 2588
\BOOKMARK [1][-]{section.56.40}{\376\377\000H\000y\000p\000o\000t\000h\000e\000s\000i\000s\000\040\0002\000:\000\040\000E\000i\000g\000e\000n\000v\000a\000l\000u\000e\000-\000P\000r\000i\000m\000e\000\040\000D\000u\000a\000l\000i\000t\000y}{chapter.56}% 2589
\BOOKMARK [1][-]{section.56.41}{\376\377\000H\000y\000p\000o\000t\000h\000e\000s\000i\000s\000\040\0003\000:\000\040\000F\000e\000i\000g\000e\000n\000b\000a\000u\000m\000\040\000i\000n\000\040\000F\000i\000n\000a\000n\000c\000e}{chapter.56}% 2590
\BOOKMARK [1][-]{section.56.42}{\376\377\0001\0000\000.\000\040\000C\000o\000n\000c\000l\000u\000s\000i\000o\000n}{chapter.56}% 2591
\BOOKMARK [1][-]{section.56.43}{\376\377\000R\000e\000f\000e\000r\000e\000n\000c\000e\000s}{chapter.56}% 2592
\BOOKMARK [1][-]{section.56.44}{\376\377\000A\000p\000p\000e\000n\000d\000i\000x\000\040\000A\000:\000\040\000L\000e\000a\000n\000\040\000C\000o\000d\000e\000\040\000S\000t\000r\000u\000c\000t\000u\000r\000e}{chapter.56}% 2593
\BOOKMARK [1][-]{section.56.45}{\376\377\000A\000p\000p\000e\000n\000d\000i\000x\000\040\000B\000:\000\040\000P\000y\000t\000h\000o\000n\000\040\000D\000e\000m\000o\000n\000s\000t\000r\000a\000t\000i\000o\000n\000s}{chapter.56}% 2594
\BOOKMARK [1][-]{section.56.46}{\376\377\000S\000c\000i\000e\000n\000t\000i\000f\000i\000c\000\040\000A\000m\000e\000r\000i\000c\000a\000n\000\040\000A\000r\000t\000i\000c\000l\000e}{chapter.56}% 2595
\BOOKMARK [1][-]{section.56.47}{\376\377\000T\000h\000e\000\040\000C\000o\000n\000s\000p\000i\000r\000a\000c\000y\000\040\000H\000i\000d\000i\000n\000g\000\040\000i\000n\000\040\000P\000l\000a\000i\000n\000\040\000S\000i\000g\000h\000t}{chapter.56}% 2596
\BOOKMARK [1][-]{section.56.48}{\376\377\000[\000m\000i\000r\000r\000o\000r\000]\000\040\000T\000h\000e\000\040\000B\000r\000o\000k\000e\000n\000\040\000M\000i\000r\000r\000o\000r\000:\000\040\000W\000h\000y\000\040\000P\000e\000r\000f\000e\000c\000t\000\040\000S\000y\000m\000m\000e\000t\000r\000y\000\040\000A\000l\000w\000a\000y\000s\000\040\000C\000r\000a\000c\000k\000s}{chapter.56}% 2597
\BOOKMARK [1][-]{section.56.49}{\376\377\000[\000*\000]\000[\000o\000]\000\040\000L\000i\000v\000i\000n\000g\000\040\000i\000n\000\040\000T\000h\000e\000\040\000M\000a\000t\000r\000i\000x\000:\000\040\000W\000h\000a\000t\000\040\000E\000i\000g\000e\000n\000v\000a\000l\000u\000e\000s\000\040\000K\000n\000o\000w\000\040\000A\000b\000o\000u\000t\000\040\000R\000e\000a\000l\000i\000t\000y}{chapter.56}% 2598
\BOOKMARK [1][-]{section.56.50}{\376\377\000[\000a\000l\000i\000e\000n\000]\000\040\000A\000r\000e\000a\000\040\0005\0001\000:\000\040\000T\000h\000e\000\040\000P\000r\000i\000m\000e\000\040\000N\000u\000m\000b\000e\000r\000\040\000C\000o\000n\000s\000p\000i\000r\000a\000c\000y}{chapter.56}% 2599
\BOOKMARK [1][-]{section.56.51}{\376\377\000[\000c\000y\000c\000l\000e\000]\000\040\000S\000t\000r\000a\000n\000g\000e\000\040\000L\000o\000o\000p\000s\000:\000\040\000W\000h\000e\000r\000e\000\040\000M\000a\000t\000h\000e\000m\000a\000t\000i\000c\000s\000\040\000S\000w\000a\000l\000l\000o\000w\000s\000\040\000I\000t\000s\000\040\000O\000w\000n\000\040\000T\000a\000i\000l}{chapter.56}% 2600
\BOOKMARK [1][-]{section.56.52}{\376\377\000[\000c\000y\000c\000l\000e\000]\000\040\000T\000h\000e\000\040\000T\000w\000i\000l\000i\000g\000h\000t\000\040\000Z\000o\000n\000e\000:\000\040\000B\000e\000t\000w\000e\000e\000n\000\040\000F\000i\000n\000i\000t\000e\000\040\000a\000n\000d\000\040\000I\000n\000f\000i\000n\000i\000t\000e}{chapter.56}% 2601
\BOOKMARK [1][-]{section.56.53}{\376\377\000M\000a\000c\000h\000i\000n\000e\000-\000V\000e\000r\000i\000f\000i\000e\000d\000\040\000M\000a\000t\000h\000e\000m\000a\000t\000i\000c\000s\000:\000\040\000T\000h\000e\000\040\000N\000e\000w\000\040\000S\000t\000a\000n\000d\000a\000r\000d}{chapter.56}% 2602
\BOOKMARK [1][-]{section.56.54}{\376\377\000A\000p\000p\000l\000i\000c\000a\000t\000i\000o\000n\000s\000\040\000a\000n\000d\000\040\000N\000e\000w\000\040\000H\000y\000p\000o\000t\000h\000e\000s\000e\000s}{chapter.56}% 2603
\BOOKMARK [1][-]{section.56.55}{\376\377\000P\000r\000o\000p\000o\000s\000e\000d\000\040\000A\000p\000p\000l\000i\000c\000a\000t\000i\000o\000n\000s}{chapter.56}% 2604
\BOOKMARK [1][-]{section.56.56}{\376\377\000N\000e\000w\000\040\000H\000y\000p\000o\000t\000h\000e\000s\000e\000s}{chapter.56}% 2605
\BOOKMARK [1][-]{section.56.57}{\376\377\000C\000o\000n\000c\000l\000u\000s\000i\000o\000n}{chapter.56}% 2606
\BOOKMARK [0][-]{chapter.57}{\376\377\000C\000a\000n\000t\000o\000r\000\040\000D\000i\000a\000g\000o\000n\000a\000l}{part.12}% 2607
\BOOKMARK [1][-]{section.57.1}{\376\377\000R\000e\000s\000e\000a\000r\000c\000h\000\040\000P\000a\000p\000e\000r}{chapter.57}% 2608
\BOOKMARK [1][-]{section.57.2}{\376\377\000A\000b\000s\000t\000r\000a\000c\000t}{chapter.57}% 2609
\BOOKMARK [1][-]{section.57.3}{\376\377\0001\000.\000\040\000I\000n\000t\000r\000o\000d\000u\000c\000t\000i\000o\000n}{chapter.57}% 2610
\BOOKMARK [1][-]{section.57.4}{\376\377\0002\000.\000\040\000T\000h\000e\000\040\000C\000o\000r\000e\000\040\000C\000o\000n\000s\000t\000r\000u\000c\000t\000i\000o\000n}{chapter.57}% 2611
\BOOKMARK [1][-]{section.57.5}{\376\377\0002\000.\0001\000\040\000T\000h\000e\000\040\000A\000n\000t\000i\000-\000D\000i\000a\000g\000o\000n\000a\000l\000\040\000S\000e\000t}{chapter.57}% 2612
\BOOKMARK [1][-]{section.57.6}{\376\377\0002\000.\0002\000\040\000T\000h\000e\000\040\000F\000o\000r\000m\000a\000l\000\040\000V\000e\000r\000i\000f\000i\000c\000a\000t\000i\000o\000n}{chapter.57}% 2613
\BOOKMARK [1][-]{section.57.7}{\376\377\0003\000.\000\040\000T\000h\000e\000\040\000U\000n\000c\000o\000u\000n\000t\000a\000b\000i\000l\000i\000t\000y\000\040\000o\000f\000\040\000t\000h\000e\000\040\000C\000o\000n\000t\000i\000n\000u\000u\000m}{chapter.57}% 2614
\BOOKMARK [1][-]{section.57.8}{\376\377\0003\000.\0001\000\040\000B\000i\000n\000a\000r\000y\000\040\000S\000e\000q\000u\000e\000n\000c\000e\000s}{chapter.57}% 2615
\BOOKMARK [1][-]{section.57.9}{\376\377\0003\000.\0002\000\040\000T\000h\000e\000\040\000R\000e\000a\000l\000\040\000N\000u\000m\000b\000e\000r\000s}{chapter.57}% 2616
\BOOKMARK [1][-]{section.57.10}{\376\377\0003\000.\0003\000\040\000T\000h\000e\000\040\000U\000n\000i\000t\000\040\000I\000n\000t\000e\000r\000v\000a\000l}{chapter.57}% 2617
\BOOKMARK [1][-]{section.57.11}{\376\377\0004\000.\000\040\000T\000h\000e\000\040\000C\000a\000r\000d\000i\000n\000a\000l\000\040\000H\000i\000e\000r\000a\000r\000c\000h\000y}{chapter.57}% 2618
\BOOKMARK [1][-]{section.57.12}{\376\377\0004\000.\0001\000\040\000C\000a\000n\000t\000o\000r\000'\000s\000\040\000T\000h\000e\000o\000r\000e\000m\000\040\000f\000o\000r\000\040\000C\000a\000r\000d\000i\000n\000a\000l\000s}{chapter.57}% 2619
\BOOKMARK [1][-]{section.57.13}{\376\377\0004\000.\0002\000\040\000N\000\040\000v\000s\000\040\000R}{chapter.57}% 2620
\BOOKMARK [1][-]{section.57.14}{\376\377\0005\000.\000\040\000T\000h\000e\000\040\000H\000a\000l\000t\000i\000n\000g\000\040\000P\000r\000o\000b\000l\000e\000m\000\040\000a\000n\000d\000\040\000C\000o\000m\000p\000u\000t\000a\000b\000i\000l\000i\000t\000y}{chapter.57}% 2621
\BOOKMARK [1][-]{section.57.15}{\376\377\0006\000.\000\040\000L\000a\000w\000v\000e\000r\000e\000'\000s\000\040\000F\000i\000x\000e\000d\000-\000P\000o\000i\000n\000t\000\040\000T\000h\000e\000o\000r\000e\000m}{chapter.57}% 2622
\BOOKMARK [1][-]{section.57.16}{\376\377\0006\000.\0001\000\040\000T\000h\000e\000\040\000C\000a\000t\000e\000g\000o\000r\000i\000c\000a\000l\000\040\000P\000e\000r\000s\000p\000e\000c\000t\000i\000v\000e}{chapter.57}% 2623
\BOOKMARK [1][-]{section.57.17}{\376\377\0006\000.\0002\000\040\000R\000e\000c\000o\000v\000e\000r\000i\000n\000g\000\040\000C\000a\000n\000t\000o\000r\000'\000s\000\040\000T\000h\000e\000o\000r\000e\000m}{chapter.57}% 2624
\BOOKMARK [1][-]{section.57.18}{\376\377\0007\000.\000\040\000R\000u\000s\000s\000e\000l\000l\000'\000s\000\040\000P\000a\000r\000a\000d\000o\000x\000\040\000a\000s\000\040\000D\000i\000a\000g\000o\000n\000a\000l\000i\000z\000a\000t\000i\000o\000n}{chapter.57}% 2625
\BOOKMARK [1][-]{section.57.19}{\376\377\0008\000.\000\040\000K\000\366\000n\000i\000g\000'\000s\000\040\000T\000h\000e\000o\000r\000e\000m\000\040\000a\000n\000d\000\040\000C\000a\000r\000d\000i\000n\000a\000l\000\040\000A\000r\000i\000t\000h\000m\000e\000t\000i\000c}{chapter.57}% 2626
\BOOKMARK [1][-]{section.57.20}{\376\377\0009\000.\000\040\000T\000h\000e\000\040\000C\000a\000n\000t\000o\000r\000\040\000S\000e\000t\000\040\000a\000n\000d\000\040\000T\000o\000p\000o\000l\000o\000g\000y}{chapter.57}% 2627
\BOOKMARK [1][-]{section.57.21}{\376\377\0009\000.\0001\000\040\000T\000h\000e\000\040\000C\000a\000n\000t\000o\000r\000\040\000S\000p\000a\000c\000e}{chapter.57}% 2628
\BOOKMARK [1][-]{section.57.22}{\376\377\0009\000.\0002\000\040\000T\000h\000e\000\040\000S\000c\000h\000r\000\366\000d\000e\000r\000-\000B\000e\000r\000n\000s\000t\000e\000i\000n\000\040\000T\000h\000e\000o\000r\000e\000m}{chapter.57}% 2629
\BOOKMARK [1][-]{section.57.23}{\376\377\0001\0000\000.\000\040\000D\000i\000a\000g\000o\000n\000a\000l\000\040\000E\000x\000t\000r\000a\000c\000t\000i\000o\000n\000\040\000i\000n\000\040\000A\000n\000a\000l\000y\000s\000i\000s}{chapter.57}% 2630
\BOOKMARK [1][-]{section.57.24}{\376\377\0001\0000\000.\0001\000\040\000B\000o\000l\000z\000a\000n\000o\000-\000W\000e\000i\000e\000r\000s\000t\000r\000a\000s\000s}{chapter.57}% 2631
\BOOKMARK [1][-]{section.57.25}{\376\377\0001\0000\000.\0002\000\040\000A\000r\000z\000e\000l\000\340\000-\000A\000s\000c\000o\000l\000i\000\040\000a\000n\000d\000\040\000B\000e\000y\000o\000n\000d}{chapter.57}% 2632
\BOOKMARK [1][-]{section.57.26}{\376\377\0001\0001\000.\000\040\000T\000h\000e\000\040\000C\000o\000n\000t\000i\000n\000u\000u\000m\000\040\000H\000y\000p\000o\000t\000h\000e\000s\000i\000s}{chapter.57}% 2633
\BOOKMARK [1][-]{section.57.27}{\376\377\0001\0002\000.\000\040\000S\000u\000m\000m\000a\000r\000y\000\040\000o\000f\000\040\000F\000o\000r\000m\000a\000l\000\040\000R\000e\000s\000u\000l\000t\000s}{chapter.57}% 2634
\BOOKMARK [1][-]{section.57.28}{\376\377\0001\0003\000.\000\040\000C\000o\000n\000c\000l\000u\000s\000i\000o\000n\000s}{chapter.57}% 2635
\BOOKMARK [1][-]{section.57.29}{\376\377\000R\000e\000f\000e\000r\000e\000n\000c\000e\000s}{chapter.57}% 2636
\BOOKMARK [1][-]{section.57.30}{\376\377\000S\000c\000i\000e\000n\000t\000i\000f\000i\000c\000\040\000A\000m\000e\000r\000i\000c\000a\000n\000\040\000A\000r\000t\000i\000c\000l\000e}{chapter.57}% 2637
\BOOKMARK [1][-]{section.57.31}{\376\377\000T\000h\000e\000\040\000T\000r\000i\000c\000k}{chapter.57}% 2638
\BOOKMARK [1][-]{section.57.32}{\376\377\000T\000w\000o\000\040\000K\000i\000n\000d\000s\000\040\000o\000f\000\040\000I\000n\000f\000i\000n\000i\000t\000y\000\040\000\050\000A\000t\000\040\000L\000e\000a\000s\000t\000\051}{chapter.57}% 2639
\BOOKMARK [1][-]{section.57.33}{\376\377\000T\000h\000e\000\040\000A\000r\000g\000u\000m\000e\000n\000t\000\040\000T\000h\000a\000t\000\040\000K\000e\000e\000p\000s\000\040\000O\000n\000\040\000G\000i\000v\000i\000n\000g}{chapter.57}% 2640
\BOOKMARK [1][-]{section.57.34}{\376\377\000T\000h\000e\000\040\000H\000a\000l\000t\000i\000n\000g\000\040\000P\000r\000o\000b\000l\000e\000m\000\040\000\050\0001\0009\0003\0006\000\051}{chapter.57}% 2641
\BOOKMARK [1][-]{section.57.35}{\376\377\000G\000\366\000d\000e\000l\000'\000s\000\040\000I\000n\000c\000o\000m\000p\000l\000e\000t\000e\000n\000e\000s\000s\000\040\000\050\0001\0009\0003\0001\000\051}{chapter.57}% 2642
\BOOKMARK [1][-]{section.57.36}{\376\377\000R\000u\000s\000s\000e\000l\000l\000'\000s\000\040\000P\000a\000r\000a\000d\000o\000x\000\040\000\050\0001\0009\0000\0001\000\051}{chapter.57}% 2643
\BOOKMARK [1][-]{section.57.37}{\376\377\000T\000h\000e\000\040\000D\000i\000a\000g\000o\000n\000a\000l\000\040\000i\000n\000\040\000Y\000o\000u\000r\000\040\000D\000a\000i\000l\000y\000\040\000L\000i\000f\000e}{chapter.57}% 2644
\BOOKMARK [1][-]{section.57.38}{\376\377\000T\000h\000e\000\040\000Q\000u\000e\000s\000t\000i\000o\000n\000\040\000C\000a\000n\000t\000o\000r\000\040\000C\000o\000u\000l\000d\000n\000'\000t\000\040\000A\000n\000s\000w\000e\000r}{chapter.57}% 2645
\BOOKMARK [1][-]{section.57.39}{\376\377\000M\000a\000c\000h\000i\000n\000e\000-\000V\000e\000r\000i\000f\000i\000e\000d\000\040\000C\000e\000r\000t\000a\000i\000n\000t\000y}{chapter.57}% 2646
\BOOKMARK [1][-]{section.57.40}{\376\377\000T\000h\000e\000\040\000B\000i\000g\000g\000e\000s\000t\000\040\000L\000i\000t\000t\000l\000e\000\040\000I\000d\000e\000a}{chapter.57}% 2647
\BOOKMARK [0][-]{chapter.58}{\376\377\000T\000h\000e\000\040\000G\000a\000z\000i\000n\000g\000\040\000P\000o\000o\000l}{part.12}% 2648
\BOOKMARK [1][-]{section.58.1}{\376\377\000R\000e\000s\000e\000a\000r\000c\000h\000\040\000P\000a\000p\000e\000r}{chapter.58}% 2649
\BOOKMARK [1][-]{section.58.2}{\376\377\000P\000a\000r\000t\000\040\000I\000I\000:\000\040\000R\000e\000s\000o\000l\000u\000t\000i\000o\000n\000\040\000o\000f\000\040\000S\000i\000x\000\040\000O\000p\000e\000n\000\040\000Q\000u\000e\000s\000t\000i\000o\000n\000s}{chapter.58}% 2650
\BOOKMARK [1][-]{section.58.3}{\376\377\000A\000b\000s\000t\000r\000a\000c\000t}{chapter.58}% 2651
\BOOKMARK [1][-]{section.58.4}{\376\377\0001\000.\000\040\000T\000h\000e\000\040\000G\000a\000z\000i\000n\000g\000\040\000P\000o\000o\000l\000\040\000S\000p\000e\000c\000t\000r\000u\000m}{chapter.58}% 2652
\BOOKMARK [1][-]{section.58.5}{\376\377\0001\000.\0001\000\040\000S\000e\000t\000t\000i\000n\000g}{chapter.58}% 2653
\BOOKMARK [1][-]{section.58.6}{\376\377\0001\000.\0002\000\040\000T\000h\000e\000\040\000S\000p\000e\000c\000t\000r\000u\000m\000\040\000C\000h\000a\000r\000a\000c\000t\000e\000r\000i\000z\000a\000t\000i\000o\000n\000\040\000T\000h\000e\000o\000r\000e\000m}{chapter.58}% 2654
\BOOKMARK [1][-]{section.58.7}{\376\377\0001\000.\0003\000\040\000C\000o\000r\000o\000l\000l\000a\000r\000i\000e\000s}{chapter.58}% 2655
\BOOKMARK [1][-]{section.58.8}{\376\377\0002\000.\000\040\000L\000a\000t\000t\000i\000c\000e\000\040\000C\000o\000n\000s\000c\000i\000o\000u\000s\000n\000e\000s\000s\000\040\000\050\000I\000n\000f\000i\000n\000i\000t\000e\000-\000D\000i\000m\000e\000n\000s\000i\000o\000n\000a\000l\000\040\000E\000x\000t\000e\000n\000s\000i\000o\000n\000\051}{chapter.58}% 2656
\BOOKMARK [1][-]{section.58.9}{\376\377\0002\000.\0001\000\040\000M\000o\000t\000i\000v\000a\000t\000i\000o\000n}{chapter.58}% 2657
\BOOKMARK [1][-]{section.58.10}{\376\377\0002\000.\0002\000\040\000T\000h\000e\000\040\000K\000n\000a\000s\000t\000e\000r\000-\000T\000a\000r\000s\000k\000i\000\040\000A\000p\000p\000r\000o\000a\000c\000h}{chapter.58}% 2658
\BOOKMARK [1][-]{section.58.11}{\376\377\0002\000.\0003\000\040\000I\000n\000t\000e\000r\000p\000r\000e\000t\000a\000t\000i\000o\000n}{chapter.58}% 2659
\BOOKMARK [1][-]{section.58.12}{\376\377\0003\000.\000\040\000S\000t\000o\000c\000h\000a\000s\000t\000i\000c\000\040\000C\000o\000n\000s\000c\000i\000o\000u\000s\000n\000e\000s\000s}{chapter.58}% 2660
\BOOKMARK [1][-]{section.58.13}{\376\377\0003\000.\0001\000\040\000S\000t\000o\000c\000h\000a\000s\000t\000i\000c\000\040\000G\000a\000z\000i\000n\000g\000\040\000P\000o\000o\000l\000s}{chapter.58}% 2661
\BOOKMARK [1][-]{section.58.14}{\376\377\0003\000.\0002\000\040\000D\000o\000u\000b\000l\000y\000\040\000S\000t\000o\000c\000h\000a\000s\000t\000i\000c\000\040\000C\000o\000n\000s\000c\000i\000o\000u\000s\000n\000e\000s\000s}{chapter.58}% 2662
\BOOKMARK [1][-]{section.58.15}{\376\377\0003\000.\0003\000\040\000I\000n\000t\000e\000r\000p\000r\000e\000t\000a\000t\000i\000o\000n}{chapter.58}% 2663
\BOOKMARK [1][-]{section.58.16}{\376\377\0004\000.\000\040\000T\000o\000p\000o\000l\000o\000g\000i\000c\000a\000l\000\040\000C\000o\000n\000s\000c\000i\000o\000u\000s\000n\000e\000s\000s}{chapter.58}% 2664
\BOOKMARK [1][-]{section.58.17}{\376\377\0004\000.\0001\000\040\000C\000l\000o\000s\000e\000d\000n\000e\000s\000s\000\040\000o\000f\000\040\000t\000h\000e\000\040\000C\000o\000n\000s\000c\000i\000o\000u\000s\000\040\000S\000e\000t}{chapter.58}% 2665
\BOOKMARK [1][-]{section.58.18}{\376\377\0004\000.\0002\000\040\000C\000o\000n\000s\000e\000q\000u\000e\000n\000c\000e\000s}{chapter.58}% 2666
\BOOKMARK [1][-]{section.58.19}{\376\377\0005\000.\000\040\000C\000o\000m\000p\000u\000t\000a\000t\000i\000o\000n\000a\000l\000\040\000C\000o\000n\000s\000c\000i\000o\000u\000s\000n\000e\000s\000s}{chapter.58}% 2667
\BOOKMARK [1][-]{section.58.20}{\376\377\0005\000.\0001\000\040\000D\000e\000c\000i\000d\000a\000b\000i\000l\000i\000t\000y}{chapter.58}% 2668
\BOOKMARK [1][-]{section.58.21}{\376\377\0005\000.\0002\000\040\000C\000o\000m\000p\000l\000e\000x\000i\000t\000y}{chapter.58}% 2669
\BOOKMARK [1][-]{section.58.22}{\376\377\0005\000.\0003\000\040\000R\000e\000l\000a\000t\000i\000o\000n\000\040\000t\000o\000\040\000C\000o\000m\000p\000l\000e\000x\000i\000t\000y\000\040\000C\000l\000a\000s\000s\000e\000s}{chapter.58}% 2670
\BOOKMARK [1][-]{section.58.23}{\376\377\0006\000.\000\040\000T\000h\000e\000\040\000G\000a\000z\000i\000n\000g\000\040\000P\000o\000o\000l\000\040\000C\000o\000n\000j\000e\000c\000t\000u\000r\000e\000\040\040\024\000\040\000P\000r\000o\000v\000e\000n\000\040\000T\000r\000u\000e}{chapter.58}% 2671
\BOOKMARK [1][-]{section.58.24}{\376\377\0006\000.\0001\000\040\000S\000t\000a\000t\000e\000m\000e\000n\000t}{chapter.58}% 2672
\BOOKMARK [1][-]{section.58.25}{\376\377\0006\000.\0002\000\040\000P\000r\000o\000o\000f}{chapter.58}% 2673
\BOOKMARK [1][-]{section.58.26}{\376\377\0006\000.\0003\000\040\000S\000i\000g\000n\000i\000f\000i\000c\000a\000n\000c\000e}{chapter.58}% 2674
\BOOKMARK [1][-]{section.58.27}{\376\377\0007\000.\000\040\000S\000y\000n\000t\000h\000e\000s\000i\000s\000:\000\040\000A\000\040\000U\000n\000i\000f\000i\000e\000d\000\040\000V\000i\000e\000w}{chapter.58}% 2675
\BOOKMARK [1][-]{section.58.28}{\376\377\0008\000.\000\040\000N\000e\000w\000\040\000O\000p\000e\000n\000\040\000Q\000u\000e\000s\000t\000i\000o\000n\000s}{chapter.58}% 2676
\BOOKMARK [1][-]{section.58.29}{\376\377\0009\000.\000\040\000C\000o\000n\000c\000l\000u\000s\000i\000o\000n}{chapter.58}% 2677
\BOOKMARK [1][-]{section.58.30}{\376\377\000R\000e\000f\000e\000r\000e\000n\000c\000e\000s}{chapter.58}% 2678
\BOOKMARK [1][-]{section.58.31}{\376\377\000S\000c\000i\000e\000n\000t\000i\000f\000i\000c\000\040\000A\000m\000e\000r\000i\000c\000a\000n\000\040\000A\000r\000t\000i\000c\000l\000e}{chapter.58}% 2679
\BOOKMARK [1][-]{section.58.32}{\376\377\000T\000h\000e\000\040\000S\000t\000o\000r\000y\000\040\000S\000o\000\040\000F\000a\000r}{chapter.58}% 2680
\BOOKMARK [1][-]{section.58.33}{\376\377\000Q\000u\000e\000s\000t\000i\000o\000n\000\040\0001\000:\000\040\000W\000h\000i\000c\000h\000\040\000M\000i\000r\000r\000o\000r\000s\000\040\000S\000u\000p\000p\000o\000r\000t\000\040\000C\000o\000n\000s\000c\000i\000o\000u\000s\000n\000e\000s\000s\000?}{chapter.58}% 2681
\BOOKMARK [1][-]{section.58.34}{\376\377\000Q\000u\000e\000s\000t\000i\000o\000n\000\040\0002\000:\000\040\000D\000o\000e\000s\000\040\000C\000o\000n\000s\000c\000i\000o\000u\000s\000n\000e\000s\000s\000\040\000E\000x\000i\000s\000t\000\040\000i\000n\000\040\000I\000n\000f\000i\000n\000i\000t\000e\000\040\000D\000i\000m\000e\000n\000s\000i\000o\000n\000s\000?}{chapter.58}% 2682
\BOOKMARK [1][-]{section.58.35}{\376\377\000Q\000u\000e\000s\000t\000i\000o\000n\000\040\0003\000:\000\040\000W\000h\000a\000t\000\040\000A\000b\000o\000u\000t\000\040\000P\000r\000o\000b\000a\000b\000i\000l\000i\000s\000t\000i\000c\000\040\000C\000o\000n\000s\000c\000i\000o\000u\000s\000n\000e\000s\000s\000?}{chapter.58}% 2683
\BOOKMARK [1][-]{section.58.36}{\376\377\000Q\000u\000e\000s\000t\000i\000o\000n\000\040\0004\000:\000\040\000I\000s\000\040\000C\000o\000n\000s\000c\000i\000o\000u\000s\000n\000e\000s\000s\000\040\000T\000o\000p\000o\000l\000o\000g\000i\000c\000a\000l\000l\000y\000\040\000R\000o\000b\000u\000s\000t\000?}{chapter.58}% 2684
\BOOKMARK [1][-]{section.58.37}{\376\377\000Q\000u\000e\000s\000t\000i\000o\000n\000\040\0005\000:\000\040\000H\000o\000w\000\040\000H\000a\000r\000d\000\040\000I\000s\000\040\000I\000t\000\040\000t\000o\000\040\000F\000i\000n\000d\000\040\000C\000o\000n\000s\000c\000i\000o\000u\000s\000n\000e\000s\000s\000?}{chapter.58}% 2685
\BOOKMARK [1][-]{section.58.38}{\376\377\000Q\000u\000e\000s\000t\000i\000o\000n\000\040\0006\000:\000\040\000T\000h\000e\000\040\000B\000i\000g\000\040\000C\000o\000n\000j\000e\000c\000t\000u\000r\000e\000\040\040\024\000\040\000D\000o\000e\000s\000\040\000P\000e\000r\000i\000o\000d\000i\000c\000i\000t\000y\000\040\000A\000l\000w\000a\000y\000s\000\040\000E\000x\000i\000s\000t\000?}{chapter.58}% 2686
\BOOKMARK [1][-]{section.58.39}{\376\377\000T\000h\000e\000\040\000B\000i\000g\000\040\000P\000i\000c\000t\000u\000r\000e}{chapter.58}% 2687
\BOOKMARK [1][-]{section.58.40}{\376\377\000W\000h\000a\000t\000'\000s\000\040\000N\000e\000x\000t\000?}{chapter.58}% 2688
\BOOKMARK [0][-]{appendix.A}{\376\377\000T\000h\000e\000o\000r\000e\000m\000\040\000C\000a\000t\000a\000l\000o\000g}{part.12}% 2689
\BOOKMARK [1][-]{section.A.1}{\376\377\000S\000t\000a\000t\000i\000s\000t\000i\000c\000s}{appendix.A}% 2690
